Brand,Mileage,EngineV,Engine Type,Registration,Model,Car_Age,Mileage_per_Year,log_price,is_luxury,Luxury_EngineV_Interaction,Body_hatch,Body_other,Body_sedan,Body_vagon,Body_van,Original_Price
BMW,277,2.0,Petrol,yes,320,34,8.15,8.34283980427146,1,2.0,False,False,True,False,False,4200.0
Mercedes-Benz,427,2.9,Diesel,yes,Sprinter 212,26,16.42,8.974618038455112,1,2.9,False,False,False,False,True,7899.999999999996
Mercedes-Benz,358,5.0,Gas,yes,S 500,22,16.27,9.495519314209846,1,5.0,False,False,True,False,False,13300.000000000005
Audi,240,4.2,Petrol,yes,Q7,18,13.33,10.043249494911286,1,4.2,False,False,False,False,False,22999.999999999993
Toyota,120,2.0,Petrol,yes,Rav 4,14,8.57,9.814656338829511,0,0.0,False,False,False,False,False,18299.99999999998
Audi,200,2.7,Diesel,yes,A6,19,10.53,9.560997243589352,1,2.7,False,False,False,True,False,14199.999999999995
Renault,193,1.5,Diesel,yes,Megane,13,14.85,9.28720881623276,0,0.0,False,False,False,True,False,10798.999999999995
Volkswagen,212,1.8,Gas,no,Golf IV,26,8.15,7.24422751560335,0,0.0,False,True,False,False,False,1399.9999999999998
Renault,177,1.5,Diesel,yes,Megane,14,12.64,9.388486557359656,0,0.0,False,False,False,True,False,11949.999999999987
Renault,260,1.79,Petrol,yes,19,31,8.39,7.824046010856292,0,0.0,False,False,True,False,False,2499.9999999999995
Audi,165,2.7,Gas,yes,A6 Allroad,22,7.5,9.159047077588632,1,2.7,False,False,False,True,False,9499.999999999995
Volkswagen,100,1.8,Petrol,yes,Passat B6,17,5.88,9.259130536145614,0,0.0,False,False,True,False,False,10499.999999999993
Toyota,250,4.7,Gas,yes,Land Cruiser 100,24,10.42,9.680344001221918,0,0.0,False,False,False,False,False,16000.000000000002
Renault,84,1.5,Diesel,yes,Clio,13,6.46,9.0595174822416,0,0.0,True,False,False,False,False,8600.0
BMW,203,2.0,Petrol,no,318,24,8.46,8.003028666384733,1,2.0,False,True,False,False,False,2990.000000000002
Toyota,21,2.0,Petrol,yes,Rav 4,12,1.75,10.184900011974314,0,0.0,False,False,False,False,False,26500.000000000007
Audi,250,2.5,Diesel,no,A6,27,9.26,8.160518247477505,1,2.5,False,False,False,True,False,3499.9999999999995
Toyota,0,2.4,Diesel,yes,Hilux,9,0.0,10.551454296015532,0,0.0,False,True,False,False,False,38233.0
Volkswagen,132,1.4,Diesel,yes,Polo,19,6.95,8.922658299524402,0,0.0,True,False,False,False,False,7500.000000000001
Audi,225,2.4,Gas,yes,A6,27,8.33,8.824677891164198,1,2.4,False,False,True,False,False,6799.999999999999
Mitsubishi,130,2.4,Gas,yes,Outlander,19,6.84,9.259130536145614,0,0.0,False,False,False,False,False,10499.999999999993
Audi,163,4.2,Diesel,yes,A8,17,9.59,10.1226230824528,1,4.2,False,False,True,False,False,24900.000000000004
Volkswagen,151,3.0,Diesel,yes,Touareg,17,8.88,9.94270826568941,0,0.0,False,False,False,False,False,20800.000000000007
Audi,330,2.4,Petrol,yes,A6,26,12.69,8.779557455883728,1,2.4,False,False,True,False,False,6499.999999999995
Mercedes-Benz,171,2.2,Other,no,Vito,14,12.21,9.515321941506024,1,2.2,False,True,False,False,False,13565.999999999982
Mitsubishi,65,1.3,Petrol,yes,Colt,15,4.33,9.047821442478408,0,0.0,True,False,False,False,False,8500.000000000005
Audi,1,2.3,Gas,yes,100,36,0.03,7.972466015974565,1,2.3,False,False,True,False,False,2899.9999999999977
BMW,72,3.0,Petrol,yes,Z4,18,4.0,9.975808214115752,1,3.0,False,True,False,False,False,21499.999999999945
Mitsubishi,87,3.8,Gas,yes,Pajero Wagon,17,5.12,9.792555991828849,0,0.0,False,False,False,False,False,17900.00000000004
BMW,160,4.8,Gas,yes,X5,17,9.41,10.257659366256744,1,4.8,False,False,False,False,False,28500.00000000007
Volkswagen,160,1.9,Diesel,yes,Caddy,16,10.0,9.190137664658664,0,0.0,False,False,False,False,True,9800.000000000007
Toyota,147,2.4,Gas,yes,Camry,19,7.74,9.581903928408666,0,0.0,False,False,True,False,False,14500.000000000004
BMW,300,2.8,Petrol,yes,528,29,10.34,8.699514748210191,1,2.8,False,False,True,False,False,5999.999999999995
BMW,1,2.5,Diesel,yes,X5,9,0.11,11.119882876860622,1,2.5,False,False,False,False,False,67500.00000000004
Audi,14,1.8,Petrol,yes,TT,11,1.27,10.431170293368542,1,1.8,False,True,False,False,False,33900.0
Mercedes-Benz,230,2.15,Diesel,yes,Vito,21,10.95,9.190137664658664,1,2.15,False,False,False,False,True,9800.000000000007
Mercedes-Benz,86,5.5,Petrol,yes,G 55 AMG,16,5.38,11.05089000537367,1,5.5,False,False,False,False,False,63000.00000000004
BMW,326,2.8,Petrol,yes,528,27,12.07,8.948975607841776,1,2.8,False,False,True,False,False,7700.0000000000055
Mercedes-Benz,30,2.2,Diesel,yes,Vito,19,1.58,9.169518377455928,1,2.2,False,False,False,False,True,9600.000000000004
Toyota,181,2.4,Petrol,yes,Camry,17,10.65,9.457200449907708,0,0.0,False,False,True,False,False,12799.99999999999
BMW,80,3.0,Petrol,yes,X6,13,6.15,10.621327345686446,1,3.0,False,False,False,False,False,41000.00000000003
BMW,231,2.5,Petrol,yes,525,35,6.6,8.216088098632316,1,2.5,False,False,True,False,False,3699.9999999999995
Mercedes-Benz,134,5.0,Petrol,yes,S 500,17,7.88,10.292145542327912,1,5.0,False,False,True,False,False,29500.000000000025
BMW,335,2.8,Petrol,yes,528,29,11.55,8.779557455883728,1,2.8,False,False,True,False,False,6499.999999999995
Renault,66,1.5,Diesel,yes,Kangoo,11,6.0,9.017968479328726,0,0.0,False,False,False,False,True,8249.999999999993
Mercedes-Benz,172,3.5,Other,yes,ML 350,17,10.12,9.87816974455184,1,3.5,False,False,False,False,False,19500.000000000044
Mercedes-Benz,317,5.0,Petrol,yes,S 500,24,13.21,9.51044496442652,1,5.0,False,False,True,False,False,13499.999999999996
Mercedes-Benz,266,2.2,Diesel,yes,Vito,17,15.65,9.126958763037132,1,2.2,False,False,False,False,True,9200.000000000005
Volkswagen,265,2.0,Diesel,no,Passat B6,19,13.95,8.517193191416238,0,0.0,False,False,False,True,False,5000.000000000004
BMW,162,4.8,Petrol,yes,X5,18,9.0,10.081633737919605,1,4.8,False,False,False,False,False,23900.000000000062
BMW,81,3.0,Diesel,yes,730,15,5.4,10.51596683002862,1,3.0,False,False,True,False,False,36900.00000000008
BMW,253,1.8,Petrol,yes,318,30,8.43,9.093806555720231,1,1.8,False,True,False,False,False,8900.000000000002
Renault,200,1.9,Diesel,yes,Trafic,23,8.7,8.961879012677683,0,0.0,False,False,False,False,True,7799.999999999996
BMW,270,1.8,Petrol,no,318,30,9.0,7.408530566894626,1,1.8,False,False,True,False,False,1649.9999999999998
Mercedes-Benz,240,3.5,Petrol,yes,S 350,19,12.63,10.819778284410283,1,3.5,False,False,True,False,False,50000.00000000001
Renault,245,2.0,Diesel,yes,Trafic,17,14.41,9.179881164491476,0,0.0,False,False,False,False,True,9700.000000000022
Mercedes-Benz,127,2.2,Diesel,yes,Vito,20,6.35,9.21024036697585,1,2.2,False,False,False,False,True,9999.0
Audi,21,3.0,Petrol,yes,A6 Allroad,10,2.1,11.156236235215168,1,3.0,False,False,False,False,False,69998.99999999997
Mitsubishi,152,1.6,Petrol,yes,Lancer,18,8.44,8.779557455883728,0,0.0,False,False,True,False,False,6499.999999999995
Audi,267,1.9,Diesel,no,A6,22,12.14,8.366370301681654,1,1.9,False,False,True,False,False,4300.0
Audi,267,2.5,Diesel,no,A6,26,10.27,8.006367567650246,1,2.5,False,False,True,False,False,2999.9999999999977
Mercedes-Benz,240,2.2,Diesel,yes,E-Class,25,9.6,9.071078304642676,1,2.2,False,False,True,False,False,8700.000000000004
Renault,178,2.0,Petrol,yes,Scenic,17,10.47,9.104979856318357,0,0.0,False,False,False,True,False,9000.000000000004
Mercedes-Benz,190,1.8,Gas,yes,E-Class,14,13.57,9.923290179832309,1,1.8,False,False,True,False,False,20400.000000000022
BMW,175,3.0,Petrol,no,330,19,9.21,9.104979856318357,1,3.0,False,False,True,False,False,9000.000000000004
Mercedes-Benz,105,1.8,Petrol,yes,E-Class,19,5.53,9.503009985939002,1,1.8,False,False,True,False,False,13399.99999999999
Volkswagen,195,1.9,Diesel,no,Passat B5,24,8.12,8.216088098632316,0,0.0,False,False,True,False,False,3699.9999999999995
Volkswagen,126,2.0,Diesel,yes,Caddy,13,9.69,9.195226734166134,0,0.0,False,False,False,False,True,9849.999999999995
Audi,420,2.0,Diesel,no,A3,21,20.0,8.216088098632316,1,2.0,True,False,False,False,False,3699.9999999999995
Toyota,195,4.0,Gas,yes,Land Cruiser Prado,22,8.86,9.6614159913364,0,0.0,False,False,False,False,False,15700.000000000002
Mercedes-Benz,180,2.2,Diesel,yes,E-Class,13,13.85,10.106428396532818,1,2.2,False,False,True,False,False,24500.0
Mitsubishi,195,1.6,Gas,yes,Lancer,18,10.83,8.922658299524402,0,0.0,False,False,True,False,False,7500.000000000001
Volkswagen,231,2.5,Diesel,yes,Caravelle,23,10.04,9.39182824802156,0,0.0,False,False,False,False,True,11989.99999999999
Volkswagen,51,1.4,Petrol,yes,Polo,11,4.64,9.525771357380366,0,0.0,True,False,False,False,False,13708.5
BMW,287,2.5,Gas,yes,525,26,11.04,9.011889433252344,1,2.5,False,False,True,False,False,8199.999999999998
Renault,222,1.5,Diesel,yes,Kangoo,16,13.88,8.85352256068954,0,0.0,False,False,False,False,True,6998.999999999996
Renault,214,1.5,Diesel,yes,Megane,21,10.19,8.817297783866575,0,0.0,False,False,False,True,False,6749.999999999997
Audi,245,3.0,Diesel,yes,A8,19,12.89,9.825526011066415,1,3.0,False,False,True,False,False,18499.999999999985
Toyota,83,2.0,Petrol,yes,Avensis,16,5.19,9.567944883732848,0,0.0,False,False,True,False,False,14299.000000000005
Mercedes-Benz,210,3.2,Diesel,yes,GL 320,18,11.67,10.257659366256744,1,3.2,False,False,False,False,False,28500.00000000007
Mitsubishi,89,3.8,Petrol,yes,Pajero Wagon,17,5.24,9.740968623038354,0,0.0,False,False,False,False,False,17000.00000000001
Mercedes-Benz,130,4.7,Gas,yes,GL 450,17,7.65,10.154246270883313,1,4.7,False,False,False,False,False,25700.00000000004
Audi,333,2.5,Diesel,no,A6,25,13.32,7.882314918980268,1,2.5,False,False,False,True,False,2650.0
Mitsubishi,116,1.5,Petrol,yes,Lancer X,17,6.82,9.047821442478408,0,0.0,False,False,True,False,False,8500.000000000005
Mercedes-Benz,405,2.0,Diesel,yes,200,33,12.27,8.294049640102028,1,2.0,False,False,True,False,False,3999.9999999999995
Renault,131,1.5,Diesel,yes,Kangoo,14,9.36,9.305650551780507,0,0.0,False,True,False,False,False,10999.999999999998
Mercedes-Benz,138,2.0,Petrol,yes,E-Class,18,7.67,9.581903928408666,1,2.0,False,False,True,False,False,14500.000000000004
BMW,50,2.5,Petrol,yes,520,37,1.35,8.318498320504338,1,2.5,False,False,True,False,False,4099.000000000001
Volkswagen,1,2.0,Petrol,yes,Tiguan,11,0.09,10.357742824813725,0,0.0,False,False,False,False,False,31500.000000000015
Renault,207,1.5,Diesel,yes,Kangoo,22,9.41,8.411832675758411,0,0.0,False,False,False,False,True,4500.000000000001
Volkswagen,207,1.9,Diesel,yes,Caddy,21,9.86,8.809862805379057,0,0.0,False,True,False,False,False,6699.9999999999945
Mitsubishi,31,2.4,Petrol,yes,Outlander XL,14,2.21,9.94270826568941,0,0.0,False,False,False,False,False,20800.000000000007
Mercedes-Benz,0,2.98,Diesel,yes,GLS 350,9,0.0,11.58987724680423,1,2.98,False,False,False,False,False,107998.99999999996
BMW,334,2.0,Diesel,no,320,26,12.85,8.160518247477505,1,2.0,False,False,True,False,False,3499.9999999999995
Audi,18,1.8,Other,yes,A5,10,1.8,10.571316925111784,1,1.8,False,False,True,False,False,39000.00000000002
Toyota,150,4.7,Gas,yes,Land Cruiser 100,23,6.52,9.51044496442652,0,0.0,False,False,False,False,False,13499.999999999996
Mitsubishi,175,1.6,Petrol,yes,Lancer,18,9.72,8.724207360800564,0,0.0,False,False,True,False,False,6150.000000000005
BMW,76,4.4,Petrol,yes,X6 M,15,5.07,10.72546760493904,1,4.4,False,False,False,False,False,45499.99999999989
BMW,295,2.0,Petrol,yes,520,31,9.52,8.496990484098719,1,2.0,False,False,True,False,False,4900.000000000004
BMW,5,2.0,Petrol,yes,Z4,11,0.45,10.757902880692196,1,2.0,False,True,False,False,False,47000.00000000002
Toyota,190,2.7,Gas,yes,Land Cruiser Prado,20,9.5,9.862665558015872,0,0.0,False,False,False,False,False,19199.999999999975
Mitsubishi,119,2.4,Gas,yes,Outlander,17,7.0,9.314700387300425,0,0.0,False,False,False,False,False,11099.999999999993
Mitsubishi,139,1.5,Other,yes,Lancer X,13,10.69,9.011889433252344,0,0.0,False,False,True,False,False,8199.999999999998
Volkswagen,235,2.0,Petrol,yes,Passat B6,18,13.06,9.239899174217728,0,0.0,False,False,True,False,False,10300.000000000005
Renault,210,1.1,Diesel,yes,Scenic,15,14.0,9.39182824802156,0,0.0,False,False,False,False,True,11989.99999999999
BMW,33,2.0,Diesel,yes,520,11,3.0,10.75363848190574,1,2.0,False,False,True,False,False,46800.000000000124
Volkswagen,260,1.8,Gas,no,Golf III,31,8.39,7.313220387090301,0,0.0,False,True,False,False,False,1500.0
BMW,156,4.4,Gas,no,X5,23,6.78,8.756210091886738,1,4.4,False,False,False,False,False,6350.000000000002
Mercedes-Benz,155,1.5,Petrol,yes,A 150,20,7.75,9.093806555720231,1,1.5,True,False,False,False,False,8900.000000000002
Mercedes-Benz,160,3.0,Diesel,yes,Vito,18,8.89,9.449357272446685,1,3.0,False,False,False,False,True,12700.000000000027
Mitsubishi,207,1.6,Gas,yes,Lancer,18,11.5,8.987196820661973,0,0.0,False,False,True,False,False,8000.0
Toyota,63,4.0,Petrol,yes,FJ Cruiser,17,3.71,10.292145542327912,0,0.0,False,False,False,False,False,29500.000000000025
Renault,208,1.5,Diesel,yes,Kangoo,17,12.24,8.867850063029406,0,0.0,False,False,False,False,True,7099.999999999997
Renault,103,2.5,Gas,yes,Koleos,15,6.87,9.291920358968603,0,0.0,False,False,False,False,False,10849.999999999976
Volkswagen,57,2.0,Diesel,yes,Passat B7,12,4.75,10.203592144986466,0,0.0,False,False,True,False,False,26999.999999999996
Volkswagen,64,2.0,Petrol,yes,Scirocco,14,4.57,9.803667217253915,0,0.0,False,True,False,False,False,18099.999999999967
BMW,137,5.0,Other,yes,M5,20,6.85,10.203592144986466,1,5.0,False,False,True,False,False,26999.999999999996
BMW,300,2.2,Petrol,yes,320,23,13.04,9.103868127465669,1,2.2,False,True,False,False,False,8990.000000000024
Toyota,82,2.7,Petrol,yes,Venza,12,6.83,10.401227936753465,0,0.0,False,False,False,False,False,32900.000000000044
BMW,163,4.8,Petrol,yes,X5,17,9.59,10.146433731146518,1,4.8,False,True,False,False,False,25500.0
Toyota,153,2.0,Petrol,yes,Rav 4,22,6.95,9.093806555720231,0,0.0,False,False,False,False,False,8900.000000000002
Audi,190,3.0,Petrol,yes,A6,19,10.0,9.388486557359656,1,3.0,False,False,True,False,False,11949.999999999987
Mercedes-Benz,125,2.2,Diesel,yes,E-Class,15,8.33,10.030120203469494,1,2.2,False,False,True,False,False,22699.999999999996
BMW,165,2.2,Gas,yes,520,22,7.5,9.472704636443671,1,2.2,False,False,True,False,False,12999.999999999967
Audi,60,2.0,Petrol,yes,A5,14,4.29,10.126631103850338,1,2.0,False,True,False,False,False,25000.0
Toyota,119,4.0,Gas,yes,Land Cruiser Prado,17,7.0,10.19988156558993,0,0.0,False,False,False,False,False,26899.999999999985
Mercedes-Benz,0,2.2,Diesel,yes,V 250,9,0.0,11.382554786308235,1,2.2,False,False,False,False,True,87777.00000000007
Volkswagen,200,2.0,Diesel,yes,Caddy,17,11.76,8.699514748210191,0,0.0,False,False,False,False,True,5999.999999999995
Audi,257,2.5,Diesel,yes,A6,22,11.68,9.190137664658664,1,2.5,False,False,False,True,False,9800.000000000007
Audi,197,2.0,Diesel,yes,A6,19,10.37,9.539644119118783,1,2.0,False,True,False,False,False,13900.000000000002
Renault,164,2.5,Diesel,yes,Trafic,16,10.25,9.409191230721348,0,0.0,False,False,False,False,True,12199.999999999996
Mercedes-Benz,205,2.7,Diesel,yes,ML 270,20,10.25,9.51044496442652,1,2.7,False,False,False,False,False,13499.999999999996
BMW,200,4.8,Petrol,yes,X5,20,10.0,9.803667217253915,1,4.8,False,False,False,False,False,18099.999999999967
BMW,200,3.0,Diesel,yes,X5,15,13.33,10.404262840448617,1,3.0,False,False,False,False,False,32999.99999999998
Volkswagen,145,1.4,Petrol,yes,Tiguan,14,10.36,9.735068900911164,0,0.0,False,False,False,False,False,16899.999999999993
Mercedes-Benz,110,1.8,Petrol,yes,C-Class,14,7.86,9.998797732340453,1,1.8,False,False,True,False,False,22000.0
Volkswagen,195,3.2,Petrol,yes,Passat B6,18,10.83,9.277999020449997,0,0.0,False,False,True,False,False,10699.99999999999
Mercedes-Benz,226,2.2,Diesel,yes,E-Class,25,9.04,8.961879012677683,1,2.2,False,False,True,False,False,7799.999999999996
Mercedes-Benz,184,1.8,Gas,yes,E-Class,17,10.82,9.75846178048587,1,1.8,False,False,True,False,False,17299.999999999996
BMW,16,3.0,Diesel,yes,730,11,1.45,11.156250521031495,1,3.0,False,False,True,False,False,69999.99999999994
Volkswagen,118,1.4,Petrol,no,Lupo,24,4.92,7.696212639346407,0,0.0,True,False,False,False,False,2199.9999999999995
BMW,256,2.2,Petrol,yes,5 Series,23,11.13,9.093806555720231,1,2.2,False,False,True,False,False,8900.000000000002
Mercedes-Benz,33,1.6,Petrol,yes,CLA 200,12,2.75,10.360912399575003,1,1.6,False,False,True,False,False,31599.999999999993
Volkswagen,168,1.9,Diesel,yes,T5 (Transporter),19,8.84,8.974618038455112,0,0.0,False,True,False,False,False,7899.999999999996
Toyota,97,3.5,Petrol,yes,Highlander,13,7.46,10.257659366256744,0,0.0,False,False,False,False,False,28500.00000000007
Renault,140,1.5,Diesel,yes,Kangoo,13,10.77,8.83927669058535,0,0.0,False,False,False,False,True,6899.999999999999
BMW,280,2.5,Diesel,yes,525,25,11.2,9.088172738001974,1,2.5,False,False,False,True,False,8849.999999999993
Renault,164,1.4,Petrol,yes,Kangoo,26,6.31,8.039157390473237,0,0.0,False,False,False,False,True,3099.9999999999986
BMW,250,2.5,Petrol,yes,525,25,10.0,9.093806555720231,1,2.5,False,False,True,False,False,8900.000000000002
Renault,130,1.4,Petrol,yes,Megane,20,6.5,8.716044050161402,0,0.0,False,False,True,False,False,6099.999999999998
BMW,260,1.8,Petrol,no,318,29,8.97,7.24422751560335,1,1.8,False,False,True,False,False,1399.9999999999998
Volkswagen,93,1.6,Diesel,yes,Caddy,13,7.15,9.0825070004663,0,0.0,False,False,False,False,True,8800.000000000024
Renault,176,2.0,Diesel,yes,Trafic,12,14.67,9.239802082125802,0,0.0,False,True,False,False,False,10299.000000000005
Renault,170,1.6,Petrol,yes,Megane,21,8.1,8.779557455883728,0,0.0,False,False,True,False,False,6499.999999999995
Toyota,151,1.6,Gas,yes,Corolla,18,8.39,9.116029692504942,0,0.0,False,False,True,False,False,9100.000000000002
Volkswagen,95,1.4,Petrol,yes,Polo,15,6.33,9.20532783015264,0,0.0,True,False,False,False,False,9950.00000000002
Toyota,260,4.7,Gas,yes,Land Cruiser 100,22,11.82,10.106428396532818,0,0.0,False,False,False,False,False,24500.0
Audi,27,3.0,Diesel,yes,Q7,12,2.25,10.849337086651827,1,3.0,False,False,False,False,False,51499.999999999985
Volkswagen,290,1.9,Diesel,yes,T5 (Transporter),17,17.06,9.464982590349765,0,0.0,False,False,False,False,True,12900.000000000015
Mercedes-Benz,250,2.2,Diesel,yes,Vito,19,13.16,8.987196820661973,1,2.2,False,False,False,False,True,8000.0
Mitsubishi,112,2.4,Petrol,yes,Galant,18,6.22,8.99961934066053,0,0.0,False,False,True,False,False,8099.999999999999
Renault,164,2.0,Diesel,yes,Trafic,13,12.62,9.22029070282935,0,0.0,False,False,False,False,True,10099.999999999998
BMW,300,2.5,Diesel,no,5 Series,28,10.71,7.549609165154532,1,2.5,False,False,True,False,False,1900.0000000000005
Renault,187,2.0,Diesel,yes,Trafic,13,14.38,9.287301413112312,0,0.0,False,False,False,False,True,10800.000000000007
Audi,234,4.2,Gas,no,A8,21,11.14,8.987196820661973,1,4.2,False,False,True,False,False,8000.0
Mercedes-Benz,120,2.6,Petrol,yes,CLK 240,21,5.71,9.635608107380529,1,2.6,False,True,False,False,False,15300.000000000031
Volkswagen,182,1.9,Diesel,no,Golf IV,27,6.74,7.762170607138205,0,0.0,True,False,False,False,False,2350.0000000000005
BMW,5,0.65,Other,yes,I3,10,0.5,10.568440998725292,1,0.65,False,False,False,True,False,38888.00000000001
Toyota,0,4.5,Diesel,yes,Land Cruiser 200,9,0.0,11.512915464920228,0,0.0,False,False,False,False,False,99999.0
Volkswagen,110,1.8,Petrol,yes,Passat B7,13,8.46,9.778491062361445,0,0.0,False,False,True,False,False,17650.000000000033
Volkswagen,237,2.5,Diesel,yes,Multivan,20,11.85,9.47262771040802,0,0.0,False,False,False,False,True,12999.000000000007
Mercedes-Benz,90,1.8,Petrol,yes,C-Class,17,5.29,9.825526011066415,1,1.8,False,True,False,False,False,18499.999999999985
Volkswagen,195,2.0,Petrol,yes,Passat B6,19,10.26,9.126958763037132,0,0.0,False,False,True,False,False,9200.000000000005
Volkswagen,1,1.6,Other,yes,Polo,9,0.11,9.581903928408666,0,0.0,False,False,True,False,False,14500.000000000004
Volkswagen,18,1.6,Diesel,yes,Passat B7,14,1.29,9.798127036878302,0,0.0,False,False,False,True,False,18000.000000000007
Mercedes-Benz,250,1.7,Diesel,yes,Vaneo,22,11.36,8.824677891164198,1,1.7,False,False,False,False,True,6799.999999999999
BMW,73,2.0,Petrol,yes,X1,14,5.21,9.9281801651265,1,2.0,False,False,False,False,False,20500.000000000015
BMW,100,5.0,Petrol,yes,M5,20,5.0,10.23995978915734,1,5.0,False,True,False,False,False,27999.999999999953
Volkswagen,130,2.0,Diesel,yes,T5 (Transporter) ,14,9.29,9.273315171137572,0,0.0,False,False,False,False,True,10650.000000000007
Volkswagen,30,1.4,Petrol,yes,Scirocco,12,2.5,9.918376165029878,0,0.0,False,True,False,False,False,20299.999999999985
Volkswagen,267,1.9,Diesel,no,Passat B5,26,10.27,8.006367567650246,0,0.0,False,False,False,True,False,2999.9999999999977
Toyota,112,4.5,Gas,yes,Land Cruiser 100,18,6.22,10.136581434703508,0,0.0,False,False,False,False,False,25250.000000000062
Mitsubishi,245,1.3,Petrol,no,Colt,29,8.45,7.236339342754344,0,0.0,True,False,False,False,False,1389.0000000000005
Mercedes-Benz,174,4.0,Diesel,yes,S 400,20,8.7,9.775654181026242,1,4.0,False,False,True,False,False,17599.999999999985
Mercedes-Benz,180,2.2,Diesel,yes,Vito,18,10.0,9.560997243589352,1,2.2,False,False,False,False,True,14199.999999999995
BMW,270,4.6,Gas,yes,X5,21,12.86,9.525151111816216,1,4.6,False,False,False,False,False,13699.999999999996
Mercedes-Benz,187,5.5,Petrol,yes,S 550,18,10.39,10.081633737919605,1,5.5,False,False,True,False,False,23900.000000000062
Volkswagen,144,3.6,Petrol,yes,Passat CC,12,12.0,10.373491181781864,0,0.0,False,False,True,False,False,32000.000000000007
BMW,267,2.0,Gas,yes,520,34,7.85,8.433594167539924,1,2.0,False,False,True,False,False,4599.000000000003
Volkswagen,300,1.9,Diesel,no,Passat B5,27,11.11,7.762170607138205,0,0.0,False,False,True,False,False,2350.0000000000005
Audi,160,2.0,Petrol,yes,A4 Allroad,15,10.67,9.903437551286084,1,2.0,False,False,False,True,False,19998.999999999945
BMW,78,2.0,Petrol,yes,528,13,6.0,10.271596874100524,1,2.0,False,False,True,False,False,28900.00000000002
Volkswagen,300,2.8,Gas,yes,Passat B4,29,10.34,8.242756345714477,0,0.0,False,False,True,False,False,3800.0000000000014
Volkswagen,300,1.3,Petrol,yes,Golf II,36,8.33,7.495541943884256,0,0.0,False,True,False,False,False,1800.0000000000005
Volkswagen,201,2.0,Petrol,yes,Passat B6,18,11.17,9.179881164491476,0,0.0,False,False,True,False,False,9700.000000000022
Mitsubishi,1,2.5,Diesel,yes,L 200,9,0.11,10.140226269364646,0,0.0,False,True,False,False,False,25342.2
Volkswagen,1,1.6,Diesel,yes,Jetta,9,0.11,10.1226230824528,0,0.0,False,False,True,False,False,24900.000000000004
Renault,140,1.4,Petrol,yes,Logan,14,10.0,8.51699317141357,0,0.0,False,False,True,False,False,4999.000000000002
BMW,390,2.5,Petrol,yes,525,34,11.47,8.45531778769815,1,2.5,False,False,True,False,False,4699.999999999997
Mercedes-Benz,1,2.8,Petrol,yes,E-Class,28,0.04,8.51699317141357,1,2.8,False,False,True,False,False,4999.000000000002
Mercedes-Benz,350,2.7,Diesel,yes,E-Class,25,14.0,9.137662146478196,1,2.7,False,False,True,False,False,9298.999999999984
Mercedes-Benz,130,5.5,Petrol,yes,S 550,18,7.22,10.126631103850338,1,5.5,False,False,True,False,False,25000.0
Mitsubishi,148,3.0,Gas,yes,Pajero Sport,17,8.71,9.464982590349765,0,0.0,False,False,False,False,False,12900.000000000015
Audi,189,2.5,Diesel,yes,A6,22,8.59,9.179881164491476,1,2.5,False,False,False,True,False,9700.000000000022
Renault,64,2.0,Diesel,yes,Trafic,11,5.82,9.22029070282935,0,0.0,False,False,False,False,True,10099.999999999998
BMW,296,3.0,Diesel,no,730,24,12.33,7.937374696163295,1,3.0,False,False,True,False,False,2799.9999999999995
Mercedes-Benz,350,2.9,Diesel,yes,Sprinter 312,25,14.0,9.51044496442652,1,2.9,False,False,False,False,True,13499.999999999996
Mitsubishi,125,1.8,Petrol,yes,Lancer X Sportback,16,7.81,9.093806555720231,0,0.0,True,False,False,False,False,8900.000000000002
Mercedes-Benz,0,3.0,Diesel,yes,GLS 350,9,0.0,11.60822655382414,1,3.0,False,False,False,False,False,109999.00000000007
Mercedes-Benz,180,3.2,Gas,yes,E-Class,21,8.57,9.35010231435134,1,3.2,False,False,True,False,False,11499.999999999976
BMW,82,3.0,Petrol,yes,X6,15,5.47,10.51596683002862,1,3.0,False,False,False,False,False,36900.00000000008
Toyota,150,4.0,Gas,yes,Land Cruiser Prado,15,10.0,10.41030515490458,0,0.0,False,False,False,False,False,33200.00000000003
Volkswagen,253,2.5,Diesel,yes,T5 (Transporter),17,14.88,9.230142999272362,0,0.0,False,False,False,False,True,10199.99999999999
Volkswagen,0,1.6,Petrol,yes,Jetta,9,0.0,9.74090979777877,0,0.0,False,False,True,False,False,16998.999999999996
Toyota,179,3.0,Gas,yes,Camry,20,8.95,9.287301413112312,0,0.0,False,False,True,False,False,10800.000000000007
Mercedes-Benz,99,2.99,Diesel,yes,E-Class,14,7.07,10.477287975463508,1,2.99,False,True,False,False,False,35500.00000000002
Volkswagen,156,1.6,Petrol,yes,Golf Plus,18,8.67,9.20029003612268,0,0.0,True,False,False,False,False,9899.999999999995
Renault,91,1.5,Diesel,yes,Scenic,17,5.35,8.974618038455112,0,0.0,False,False,False,True,False,7899.999999999996
Mercedes-Benz,216,2.2,Diesel,yes,E-Class,18,12.0,9.539644119118783,1,2.2,False,False,True,False,False,13900.000000000002
Volkswagen,102,1.8,Petrol,yes,Passat CC,14,7.29,9.903487552536127,0,0.0,False,False,True,False,False,19999.99999999998
Toyota,38,2.2,Diesel,yes,Rav 4,10,3.8,10.257659366256744,0,0.0,False,False,False,False,False,28500.00000000007
Mitsubishi,178,1.6,Petrol,yes,Lancer,18,9.89,8.881836305004146,0,0.0,False,False,True,False,False,7199.999999999996
Mitsubishi,200,2.0,Gas,yes,Outlander,19,10.53,9.104979856318357,0,0.0,False,False,False,False,False,9000.000000000004
Audi,115,3.0,Diesel,yes,Q7,15,7.67,10.505067539570582,1,3.0,False,False,False,False,False,36499.99999999998
Volkswagen,41,1.0,Petrol,yes,Up,13,3.15,8.987196820661973,0,0.0,True,False,False,False,False,8000.0
Audi,11,1.8,Petrol,yes,A6,10,1.1,10.6689553946757,1,1.8,False,True,False,False,False,43000.000000000044
Toyota,48,1.4,Diesel,yes,Corolla,12,4.0,9.525151111816216,0,0.0,False,False,True,False,False,13699.999999999996
Toyota,165,1.8,Gas,yes,Avensis,19,8.68,8.97449144816442,0,0.0,False,False,True,False,False,7899.0000000000055
Renault,180,2.0,Diesel,yes,Trafic,13,13.85,9.546741177474823,0,0.0,False,False,False,False,True,13998.999999999973
Volkswagen,176,1.6,Diesel,yes,Caddy,13,13.54,9.259130536145614,0,0.0,False,False,False,False,True,10499.999999999993
Volkswagen,160,2.0,Diesel,yes,Amarok,13,12.31,9.94270826568941,0,0.0,False,True,False,False,False,20800.000000000007
Mercedes-Benz,176,3.2,Gas,yes,G 320,22,8.0,10.373491181781864,1,3.2,False,False,False,False,False,32000.000000000007
Mercedes-Benz,220,5.0,Petrol,yes,S 500,21,10.48,9.581903928408666,1,5.0,False,False,True,False,False,14500.000000000004
Toyota,20,1.6,Petrol,yes,Auris,11,1.82,9.735068900911164,0,0.0,True,False,False,False,False,16899.999999999993
Mercedes-Benz,172,2.2,Diesel,yes,Vito,12,14.33,9.517825071724143,1,2.2,False,False,False,False,True,13599.999999999998
Audi,273,2.5,Diesel,no,A6,26,10.5,7.863266724009573,1,2.5,False,False,False,True,False,2599.9999999999977
BMW,237,3.0,Diesel,yes,530,22,10.77,9.392661928770137,1,3.0,False,False,True,False,False,11999.999999999993
Volkswagen,106,1.6,Diesel,yes,Passat B7,12,8.83,9.84161214881804,0,0.0,False,False,False,True,False,18799.999999999993
Toyota,85,3.0,Diesel,yes,Land Cruiser Prado,13,6.54,10.477287975463508,0,0.0,False,False,False,False,False,35500.00000000002
Mercedes-Benz,71,5.5,Petrol,yes,CL 500,18,3.94,10.305613759378778,1,5.5,False,True,False,False,False,29900.0
Renault,110,1.5,Diesel,yes,Kangoo,13,8.46,8.817297783866575,0,0.0,False,True,False,False,False,6749.999999999997
BMW,117,3.0,Petrol,yes,X5,14,8.36,10.46024210819052,1,3.0,False,False,False,False,False,34900.00000000007
Volkswagen,177,1.9,Diesel,yes,T5 (Transporter) ,17,10.41,8.948975607841776,0,0.0,False,False,False,False,True,7700.0000000000055
Renault,220,1.5,Diesel,yes,Megane,15,14.67,9.132378830506472,0,0.0,False,False,False,True,False,9250.000000000007
Renault,84,1.5,Diesel,yes,Kangoo,14,6.0,9.035986984831403,0,0.0,True,False,False,False,False,8399.999999999987
Toyota,93,1.6,Petrol,yes,Corolla,12,7.75,9.371608519572304,0,0.0,False,False,True,False,False,11749.999999999984
Mercedes-Benz,368,2.2,Diesel,yes,Vito,25,14.72,8.66561319653451,1,2.2,False,False,False,False,True,5799.999999999996
Toyota,180,3.0,Diesel,no,Land Cruiser Prado,22,8.18,8.68270762989381,0,0.0,False,False,False,False,False,5899.999999999999
BMW,87,3.0,Diesel,yes,X6,14,6.21,10.714395546283315,1,3.0,False,False,False,False,False,44998.9999999999
Volkswagen,170,1.6,Diesel,yes,Caddy,12,14.17,9.259130536145614,0,0.0,False,False,False,False,True,10499.999999999993
Mercedes-Benz,190,3.0,Diesel,yes,E-Class,18,10.56,9.792555991828849,1,3.0,False,False,True,False,False,17900.00000000004
Audi,190,3.0,Petrol,yes,A6,18,10.56,9.21024036697585,1,3.0,False,False,True,False,False,9999.0
Audi,190,2.5,Diesel,yes,A6,22,8.64,9.21024036697585,1,2.5,False,False,True,False,False,9999.0
Volkswagen,2,3.0,Diesel,yes,Touareg,9,0.22,11.018629143155447,0,0.0,False,False,False,False,False,60999.999999999935
Toyota,130,5.7,Gas,yes,Land Cruiser 200,16,8.12,10.553205175168737,0,0.0,False,False,False,False,False,38299.99999999997
Toyota,30,1.6,Petrol,yes,Corolla,11,2.73,9.78131991856192,0,0.0,False,False,True,False,False,17699.999999999985
Volkswagen,50,2.0,Diesel,yes,Multivan,12,4.17,10.92512880001811,0,0.0,False,False,False,False,True,55555.00000000002
BMW,280,3.0,Diesel,yes,X5,20,14.0,9.798127036878302,1,3.0,False,False,False,False,False,18000.000000000007
Renault,125,1.5,Diesel,yes,Kangoo,12,10.42,8.935903526274423,0,0.0,False,True,False,False,False,7600.000000000003
Renault,68,1.5,Diesel,yes,Logan,12,5.67,8.83927669058535,0,0.0,False,False,True,False,False,6899.999999999999
Renault,0,1.5,Diesel,yes,Dokker,9,0.0,9.657273665778108,0,0.0,False,False,False,True,False,15635.100000000008
Renault,195,2.0,Diesel,yes,Trafic,14,13.93,9.263881138904212,0,0.0,False,False,False,False,True,10549.999999999996
Volkswagen,190,1.9,Diesel,yes,T5 (Transporter),17,11.18,9.433483923290392,0,0.0,False,False,False,False,True,12500.0
Audi,157,3.0,Petrol,yes,A6,19,8.26,9.472704636443671,1,3.0,False,False,True,False,False,12999.999999999967
BMW,285,4.4,Gas,yes,540,28,10.18,8.909235279192261,1,4.4,False,False,True,False,False,7400.0
Renault,100,1.5,Diesel,yes,Megane,16,6.25,9.159047077588632,0,0.0,True,False,False,False,False,9499.999999999995
Audi,197,4.2,Petrol,yes,Q7,18,10.94,9.84161214881804,1,4.2,False,False,False,False,False,18799.999999999993
Toyota,176,3.0,Petrol,yes,Camry,23,7.65,8.987196820661973,0,0.0,False,False,True,False,False,8000.0
Volkswagen,250,1.9,Diesel,yes,Passat B5,23,10.87,9.071078304642676,0,0.0,False,False,False,True,False,8700.000000000004
Mercedes-Benz,300,3.2,Petrol,yes,ML 320,27,11.11,9.21024036697585,1,3.2,False,False,False,False,False,9999.0
Volkswagen,175,2.0,Petrol,yes,Passat CC,14,12.5,9.723163998404846,0,0.0,False,False,True,False,False,16699.999999999996
Toyota,90,1.6,Petrol,yes,Auris,13,6.92,9.539644119118783,0,0.0,True,False,False,False,False,13900.000000000002
Volkswagen,145,2.0,Diesel,yes,T5 (Transporter) ,14,10.36,9.836278802842678,0,0.0,False,True,False,False,False,18699.999999999996
Mitsubishi,152,1.6,Petrol,yes,Lancer,19,8.0,8.732304571033183,0,0.0,False,False,True,False,False,6199.999999999998
Renault,22,1.9,Diesel,yes,Kangoo,24,0.92,8.1886891244442,0,0.0,False,False,False,False,True,3599.999999999998
Renault,98,1.4,Petrol,yes,Kangoo,18,5.44,8.922658299524402,0,0.0,False,False,False,True,False,7500.000000000001
Renault,200,1.9,Diesel,yes,Kangoo,23,8.7,7.7406644019172415,0,0.0,False,False,False,False,True,2300.000000000001
Volkswagen,133,2.5,Diesel,yes,Touareg,18,7.39,9.735068900911164,0,0.0,False,False,False,False,False,16899.999999999993
Mitsubishi,116,2.4,Petrol,yes,Outlander XL,17,6.82,9.510370887608827,0,0.0,False,False,False,False,False,13499.000000000004
Renault,180,1.5,Diesel,yes,Kangoo,18,10.0,8.648221453822641,0,0.0,False,False,False,False,True,5699.999999999998
Mitsubishi,140,3.8,Gas,yes,Pajero Wagon,18,7.78,9.792555991828849,0,0.0,False,False,False,False,False,17900.00000000004
Volkswagen,170,1.9,Diesel,yes,Multivan,19,8.95,9.539644119118783,0,0.0,False,True,False,False,False,13900.000000000002
Audi,167,2.5,Diesel,yes,A6,25,6.68,8.980927207648378,1,2.5,False,False,False,True,False,7950.000000000003
BMW,250,2.0,Petrol,yes,318,22,11.36,9.179881164491476,1,2.0,False,False,True,False,False,9700.000000000022
Volkswagen,240,1.8,Petrol,yes,Passat B5,23,10.43,8.922658299524402,0,0.0,False,False,True,False,False,7500.000000000001
Audi,117,4.2,Petrol,yes,Q7,18,6.5,9.903437551286084,1,4.2,False,False,False,False,False,19998.999999999945
BMW,230,2.0,Gas,yes,318,21,10.95,9.116029692504942,1,2.0,False,False,True,False,False,9100.000000000002
Volkswagen,73,1.4,Petrol,yes,Golf VI,14,5.21,9.495519314209846,0,0.0,True,False,False,False,False,13300.000000000005
Volkswagen,22,1.2,Other,yes,Golf VII,11,2.0,9.95227771670556,0,0.0,True,False,False,False,False,20999.999999999985
Audi,360,1.8,Petrol,yes,A6,27,13.33,8.794824928014517,1,1.8,False,False,True,False,False,6600.000000000001
Audi,226,3.0,Diesel,no,A6,19,11.89,8.935903526274423,1,3.0,False,False,False,True,False,7600.000000000003
Mercedes-Benz,258,1.7,Diesel,no,A 170,23,11.22,8.160518247477505,1,1.7,True,False,False,False,False,3499.9999999999995
Volkswagen,3,1.8,Petrol,yes,Passat B3,34,0.09,8.160518247477505,0,0.0,False,False,True,False,False,3499.9999999999995
Mercedes-Benz,167,2.2,Diesel,yes,Vito,13,12.85,9.792555991828849,1,2.2,False,False,False,False,True,17900.00000000004
Renault,286,1.9,Diesel,no,Laguna,24,11.92,7.575584651557793,0,0.0,False,False,False,True,False,1950.0000000000005
Volkswagen,90,1.4,Petrol,yes,New Beetle,22,4.09,8.98594603876032,0,0.0,False,False,True,False,False,7989.999999999994
Volkswagen,320,1.9,Diesel,yes,Passat B5,24,13.33,8.779557455883728,0,0.0,False,False,True,False,False,6499.999999999995
Mitsubishi,300,2.0,Diesel,yes,Galant,29,10.34,8.160518247477505,0,0.0,False,False,True,False,False,3499.9999999999995
Toyota,113,2.4,Gas,yes,Camry,16,7.06,9.55393007636626,0,0.0,False,False,True,False,False,14100.00000000001
Toyota,300,1.6,Petrol,yes,Corolla,34,8.82,8.00603417874901,0,0.0,False,True,False,False,False,2999.0000000000023
BMW,70,3.0,Diesel,yes,X5,11,6.36,11.11095424611632,1,3.0,False,False,False,False,False,66900.0
Toyota,200,3.5,Gas,yes,Camry,19,10.53,9.480367509189245,0,0.0,False,False,True,False,False,13100.000000000024
Volkswagen,300,1.8,Petrol,yes,Passat B5,27,11.11,8.83927669058535,0,0.0,False,False,True,False,False,6899.999999999999
Volkswagen,80,2.0,Diesel,yes,Passat B7,11,7.27,10.085767441795335,0,0.0,False,False,True,False,False,23998.99999999997
Mitsubishi,225,2.5,Petrol,yes,Pajero,28,8.04,8.852235835227855,0,0.0,False,False,False,False,False,6989.9999999999945
Toyota,198,2.4,Gas,yes,Camry,16,12.38,9.546741177474823,0,0.0,False,False,True,False,False,13998.999999999973
Renault,108,1.0,Diesel,yes,Kangoo,12,9.0,8.935903526274423,0,0.0,False,False,False,False,True,7600.000000000003
Renault,180,1.5,Diesel,yes,Megane,13,13.85,9.314700387300425,0,0.0,False,False,False,True,False,11099.999999999993
Mercedes-Benz,260,2.2,Diesel,yes,Sprinter 319,14,18.57,9.711115659888671,1,2.2,False,True,False,False,False,16499.999999999985
Mercedes-Benz,82,5.5,Petrol,yes,S 500,15,5.47,10.691944912900398,1,5.5,False,True,False,False,False,44000.0
Audi,12,1.8,Petrol,yes,A5,11,1.09,10.594131602877956,1,1.8,False,True,False,False,False,39900.000000000065
Mercedes-Benz,173,1.8,Gas,yes,E-Class,14,12.36,9.9281801651265,1,1.8,False,False,True,False,False,20500.000000000015
BMW,214,4.4,Petrol,no,X5,25,8.56,8.987196820661973,1,4.4,False,False,False,False,False,8000.0
BMW,142,2.0,Petrol,yes,320,20,7.1,9.358760377094455,1,2.0,False,False,True,False,False,11599.999999999993
Renault,170,1.5,Diesel,yes,Megane,13,13.08,9.35010231435134,0,0.0,False,False,False,True,False,11499.999999999976
Volkswagen,103,2.0,Diesel,yes,Passat B6,14,7.36,9.525151111816216,0,0.0,False,True,False,False,False,13699.999999999996
Mercedes-Benz,198,3.2,Gas,yes,Viano,19,10.42,9.525151111816216,1,3.2,False,False,False,False,True,13699.999999999996
Renault,200,1.5,Diesel,yes,Megane,18,11.11,8.948975607841776,0,0.0,False,False,False,True,False,7700.0000000000055
Mercedes-Benz,231,2.2,Petrol,yes,E-Class,31,7.45,8.66561319653451,1,2.2,False,False,True,False,False,5799.999999999996
Volkswagen,95,2.0,Petrol,yes,Passat B6,18,5.28,9.159047077588632,0,0.0,False,False,True,False,False,9499.999999999995
Mercedes-Benz,140,5.5,Petrol,yes,S 550,16,8.75,10.1226230824528,1,5.5,False,False,True,False,False,24900.000000000004
Volkswagen,47,3.0,Diesel,yes,Touareg,9,5.22,10.924138299734526,0,0.0,False,False,False,False,False,55500.00000000002
Volkswagen,186,2.8,Petrol,yes,Sharan,25,7.44,8.779557455883728,0,0.0,False,False,False,False,True,6499.999999999995
Mercedes-Benz,175,3.2,Diesel,no,E-Class,19,9.21,9.02401079378469,1,3.2,False,False,True,False,False,8300.000000000007
Mitsubishi,130,3.0,Gas,yes,Pajero Sport,18,7.22,9.392661928770137,0,0.0,False,False,False,False,False,11999.999999999993
Mercedes-Benz,185,3.7,Gas,yes,ML 350,20,9.25,9.615805480084347,1,3.7,False,False,False,False,False,15000.000000000004
BMW,246,3.0,Diesel,yes,530,25,9.84,8.99961934066053,1,3.0,False,False,True,False,False,8099.999999999999
Renault,175,2.0,Gas,yes,Megane,20,8.75,8.987196820661973,0,0.0,False,False,True,False,False,8000.0
Mercedes-Benz,285,2.3,Diesel,yes,Vito,26,10.96,8.612503371220562,1,2.3,False,False,False,False,True,5499.999999999999
Renault,184,1.5,Diesel,yes,Megane,14,13.14,9.169518377455928,0,0.0,False,False,False,True,False,9600.000000000004
BMW,180,2.0,Petrol,yes,318,23,7.83,9.287301413112312,1,2.0,False,False,True,False,False,10800.000000000007
Mercedes-Benz,263,2.2,Diesel,yes,Vito,20,13.15,9.305559638557115,1,2.2,False,False,False,False,True,10998.999999999985
BMW,80,3.0,Diesel,yes,X5,13,6.15,10.691944912900398,1,3.0,False,False,False,False,False,44000.0
Toyota,54,1.4,Other,yes,Prius,13,4.15,9.862665558015872,0,0.0,True,False,False,False,False,19199.999999999975
Mercedes-Benz,127,1.8,Diesel,yes,B 180,12,10.58,9.883284845218608,1,1.8,False,False,False,False,True,19599.99999999998
Volkswagen,135,1.6,Gas,yes,Polo,14,9.64,9.104979856318357,0,0.0,False,False,True,False,False,9000.000000000004
BMW,245,3.0,Diesel,yes,530,22,11.14,9.296518068217235,1,3.0,False,False,True,False,False,10900.000000000002
Volkswagen,180,2.0,Diesel,yes,T5 (Transporter) ,13,13.85,9.464982590349765,0,0.0,False,False,False,False,True,12900.000000000015
BMW,285,2.5,Petrol,yes,525,26,10.96,8.794824928014517,1,2.5,False,False,True,False,False,6600.000000000001
Renault,0,1.5,Diesel,yes,Fluence,9,0.0,9.66905236497072,0,0.0,False,False,True,False,False,15820.34999999998
Toyota,180,2.4,Petrol,yes,Camry,22,8.18,9.230142999272362,0,0.0,False,False,True,False,False,10199.99999999999
Mercedes-Benz,366,3.2,Gas,yes,E-Class,31,11.81,8.699514748210191,1,3.2,False,False,True,False,False,5999.999999999995
Audi,1,2.0,Other,yes,90,37,0.03,8.160518247477505,1,2.0,False,False,True,False,False,3499.9999999999995
Volkswagen,380,2.5,Diesel,yes,T4 (Transporter),26,14.62,8.961879012677683,0,0.0,False,False,False,False,True,7799.999999999996
Toyota,84,3.0,Diesel,yes,Land Cruiser Prado,12,7.0,10.48849257447637,0,0.0,False,False,False,False,False,35899.99999999997
Renault,90,1.5,Diesel,yes,Duster,14,6.43,9.367344120785848,0,0.0,False,False,False,False,False,11700.000000000007
Volkswagen,58,2.0,Petrol,yes,Tiguan,17,3.41,9.629050706834368,0,0.0,False,False,False,False,False,15200.000000000007
Mercedes-Benz,111,2.3,Gas,yes,E-Class,33,3.36,7.824046010856292,1,2.3,False,False,True,False,False,2499.9999999999995
Volkswagen,164,2.0,Diesel,yes,T5 (Transporter),15,10.93,9.72913416539135,0,0.0,False,True,False,False,False,16800.000000000004
BMW,128,3.0,Diesel,yes,730,12,10.67,10.82970881308719,1,3.0,False,False,True,False,False,50498.999999999956
BMW,300,2.5,Petrol,no,523,28,10.71,7.718685495198466,1,2.5,False,False,True,False,False,2250.0000000000005
Mercedes-Benz,270,2.7,Diesel,yes,E-Class,24,11.25,9.137769679141348,1,2.7,False,False,True,False,False,9300.000000000007
Toyota,161,2.5,Diesel,yes,Hiace,23,7.0,9.35010231435134,0,0.0,False,False,False,False,True,11499.999999999976
BMW,304,4.4,Other,yes,745,23,13.22,9.472704636443671,1,4.4,False,False,True,False,False,12999.999999999967
Mercedes-Benz,319,3.2,Gas,yes,S 320,28,11.39,8.922658299524402,1,3.2,False,False,True,False,False,7500.000000000001
Mercedes-Benz,38,2.0,Petrol,yes,CLC 200,16,2.38,9.79807147977948,1,2.0,False,True,False,False,False,17999.000000000022
Renault,162,1.5,Diesel,yes,Megane,19,8.53,8.895629627136483,0,0.0,False,False,False,True,False,7300.000000000002
Toyota,117,3.0,Diesel,yes,Land Cruiser Prado,17,6.88,10.305613759378778,0,0.0,False,False,False,False,False,29900.0
Renault,170,1.5,Diesel,yes,Kangoo,21,8.1,8.507142855562735,0,0.0,False,False,False,True,False,4949.999999999996
Audi,40,3.0,Diesel,yes,Q7,15,2.67,10.491274217438248,1,3.0,False,False,False,True,False,36000.00000000002
Audi,177,1.6,Petrol,no,A4,29,6.1,7.438383530044307,1,1.6,False,False,True,False,False,1699.9999999999993
Audi,1,2.0,Diesel,yes,A4,17,0.06,9.429475901892854,1,2.0,False,False,False,True,False,12450.000000000002
Volkswagen,0,1.6,Petrol,yes,Polo,9,0.0,9.539194377712509,0,0.0,False,False,True,False,False,13893.750000000025
Volkswagen,60,3.0,Diesel,yes,Touareg,12,5.0,10.705489138008156,0,0.0,False,False,False,False,False,44600.00000000003
Toyota,0,2.0,Petrol,yes,Rav 4,9,0.0,10.467046698064143,0,0.0,False,False,False,False,False,35138.289999999935
BMW,313,2.5,Diesel,yes,325,31,10.1,8.160518247477505,1,2.5,False,False,True,False,False,3499.9999999999995
Mercedes-Benz,260,2.7,Diesel,yes,Sprinter 316,20,13.0,9.457200449907708,1,2.7,False,True,False,False,False,12799.99999999999
Volkswagen,85,2.0,Diesel,yes,Passat CC,12,7.08,10.203592144986466,0,0.0,False,False,True,False,False,26999.999999999996
Volkswagen,143,2.0,Diesel,yes,Passat B6,15,9.53,9.602382459752208,0,0.0,False,False,True,False,False,14800.000000000027
Renault,155,1.6,Petrol,no,Scenic,21,7.38,7.696212639346407,0,0.0,False,True,False,False,False,2199.9999999999995
Volkswagen,433,2.4,Diesel,no,T4 (Transporter),30,14.43,7.972466015974565,0,0.0,False,False,False,False,True,2899.9999999999977
Audi,200,6.0,Petrol,yes,A8,21,9.52,9.392661928770137,1,6.0,False,False,True,False,False,11999.999999999993
Volkswagen,180,3.0,Diesel,yes,Touareg,12,15.0,10.621327345686446,0,0.0,False,False,False,False,False,41000.00000000003
Audi,180,3.2,Petrol,yes,A6 Allroad,19,9.47,9.698920386794851,1,3.2,False,False,False,True,False,16299.999999999964
Renault,145,1.5,Other,yes,Kangoo,15,9.67,8.575462099540212,0,0.0,False,False,False,False,True,5299.999999999996
Mercedes-Benz,39,2.2,Diesel,yes,E-Class,10,3.9,10.60905725309463,1,2.2,False,False,True,False,False,40499.99999999996
Mercedes-Benz,300,2.2,Diesel,no,Vito,20,15.0,8.366370301681654,1,2.2,False,False,False,False,True,4300.0
Volkswagen,137,2.5,Diesel,no,Touareg,21,6.52,8.294049640102028,0,0.0,False,False,False,False,False,3999.9999999999995
Volkswagen,132,1.6,Petrol,yes,Golf V,18,7.33,9.169518377455928,0,0.0,True,False,False,False,False,9600.000000000004
Mitsubishi,112,3.0,Gas,yes,Pajero Wagon,17,6.59,9.798127036878302,0,0.0,False,False,False,False,False,18000.000000000007
Renault,184,1.5,Diesel,yes,Megane,14,13.14,9.332558004700433,0,0.0,False,False,False,True,False,11300.000000000007
Volkswagen,131,1.4,Petrol,yes,Polo,23,5.7,8.51699317141357,0,0.0,True,False,False,False,False,4999.000000000002
Mercedes-Benz,112,2.2,Diesel,yes,C-Class,13,8.62,10.126591103050316,1,2.2,False,False,True,False,False,24998.999999999993
Toyota,93,2.7,Other,yes,Venza,14,6.64,10.056208639553793,0,0.0,False,False,False,False,False,23300.000000000022
Toyota,124,4.0,Petrol,yes,Fortuner,19,6.53,9.60911649193355,0,0.0,False,False,False,False,False,14899.999999999995
Audi,184,2.7,Diesel,yes,A6,15,12.27,10.034515814942532,1,2.7,False,False,True,False,False,22799.999999999996
Mercedes-Benz,137,3.0,Diesel,yes,E-Class,14,9.79,10.477287975463508,1,3.0,False,False,True,False,False,35500.00000000002
Volkswagen,280,2.8,Diesel,yes,LT,19,14.74,9.615805480084347,0,0.0,False,True,False,False,False,15000.000000000004
Toyota,132,1.6,Petrol,yes,Corolla,17,7.76,9.065314599925925,0,0.0,False,False,True,False,False,8649.999999999998
Mitsubishi,96,2.5,Diesel,yes,Pajero Sport,14,6.86,10.01681623784313,0,0.0,False,False,False,False,False,22399.99999999998
Mitsubishi,123,2.0,Petrol,yes,Lancer X,16,7.69,9.249561085129464,0,0.0,False,False,True,False,False,10400.000000000002
Audi,198,4.2,Gas,yes,A6 Allroad,20,9.9,9.259130536145614,1,4.2,False,False,False,True,False,10499.999999999993
Renault,68,1.5,Diesel,yes,Duster,14,4.86,9.38429367909962,0,0.0,False,False,False,False,False,11899.999999999998
BMW,17,2.0,Petrol,yes,520,12,1.42,10.51596683002862,1,2.0,False,False,True,False,False,36900.00000000008
BMW,170,3.0,Diesel,yes,X5,19,8.95,10.106428396532818,1,3.0,False,False,False,False,False,24500.0
Volkswagen,400,2.4,Diesel,yes,T4 (Transporter),26,15.38,8.45531778769815,0,0.0,False,False,False,False,True,4699.999999999997
Toyota,30,1.6,Petrol,yes,Auris,12,2.5,9.803667217253915,0,0.0,True,False,False,False,False,18099.999999999967
Mercedes-Benz,47,4.6,Petrol,yes,S 500,12,3.92,11.652687407345388,1,4.6,False,False,True,False,False,115000.00000000009
Mercedes-Benz,217,3.2,Diesel,yes,E-Class,23,9.43,9.296518068217235,1,3.2,False,False,True,False,False,10900.000000000002
BMW,280,3.0,Petrol,yes,530,24,11.67,8.85366542803745,1,3.0,False,False,True,False,False,6999.999999999999
Volkswagen,161,2.0,Diesel,yes,Passat B6,17,9.47,9.21024036697585,0,0.0,False,False,False,True,False,9999.0
Mitsubishi,160,2.5,Diesel,yes,L 200,17,9.41,9.417354541360508,0,0.0,False,True,False,False,False,12299.999999999989
Volkswagen,0,3.0,Diesel,yes,Touareg,9,0.0,11.121696786287314,0,0.0,False,False,False,False,False,67622.55000000006
Volkswagen,45,2.0,Diesel,yes,Passat B7,12,3.75,9.846917201047734,0,0.0,False,True,False,False,False,18900.00000000001
Volkswagen,248,1.8,Petrol,yes,Passat B5,23,10.78,8.85352256068954,0,0.0,False,False,True,False,False,6998.999999999996
Mercedes-Benz,261,1.8,Petrol,yes,E-Class,22,11.86,9.235032984566557,1,1.8,False,False,True,False,False,10250.000000000025
Toyota,286,1.6,Petrol,yes,Corolla,25,11.44,8.160518247477505,0,0.0,False,False,True,False,False,3499.9999999999995
BMW,250,3.0,Diesel,no,X5,19,13.16,9.51044496442652,1,3.0,False,False,False,False,False,13499.999999999996
BMW,328,2.5,Diesel,no,525,29,11.31,7.803843303538772,1,2.5,False,False,True,False,False,2449.9999999999995
Volkswagen,180,2.5,Diesel,yes,T5 (Transporter) ,21,8.57,8.922658299524402,0,0.0,False,False,False,False,True,7500.000000000001
Volkswagen,263,2.0,Diesel,no,Passat B6,18,14.61,8.496990484098719,0,0.0,False,False,False,True,False,4900.000000000004
Mercedes-Benz,248,2.0,Gas,yes,E-Class,29,8.55,8.517193191416238,1,2.0,False,False,False,True,False,5000.000000000004
BMW,235,3.0,Diesel,yes,X5,16,14.69,10.305613759378778,1,3.0,False,False,False,False,False,29900.0
Renault,110,1.4,Petrol,yes,Symbol,13,8.46,8.85366542803745,0,0.0,False,False,True,False,False,6999.999999999999
Mitsubishi,1,1.5,Gas,yes,Lancer X,15,0.07,9.375854810453756,0,0.0,False,False,True,False,False,11799.999999999998
Mercedes-Benz,223,2.2,Diesel,yes,Vito,16,13.94,9.711115659888671,1,2.2,False,False,False,False,True,16499.999999999985
BMW,147,2.2,Gas,no,320,24,6.12,8.575462099540212,1,2.2,False,False,True,False,False,5299.999999999996
Mercedes-Benz,200,2.2,Diesel,yes,Vito,21,9.52,8.881836305004146,1,2.2,False,False,False,False,True,7199.999999999996
Volkswagen,230,1.9,Diesel,yes,Caddy,17,13.53,9.047821442478408,0,0.0,False,False,False,False,True,8500.000000000005
BMW,180,3.0,Diesel,yes,X5,14,12.86,10.571316925111784,1,3.0,False,False,False,False,False,39000.00000000002
Volkswagen,270,1.9,Diesel,yes,Passat B5,25,10.8,7.52294091807237,0,0.0,False,False,False,True,False,1849.9999999999995
Audi,75,3.0,Diesel,yes,A7,14,5.36,10.494048144320972,1,3.0,False,False,True,False,False,36100.0
Mitsubishi,330,2.0,Gas,yes,Galant,32,10.31,8.054919608232412,0,0.0,True,False,False,False,False,3149.2499999999986
Renault,159,1.5,Diesel,yes,Kangoo,18,8.83,8.66561319653451,0,0.0,False,False,False,False,True,5799.999999999996
BMW,370,2.0,Petrol,yes,320,28,13.21,8.809862805379057,1,2.0,False,False,True,False,False,6699.9999999999945
Renault,0,1.5,Diesel,yes,Duster,9,0.0,9.851569326077096,0,0.0,False,False,False,False,False,18988.129999999997
Volkswagen,0,1.6,Diesel,yes,Caddy,9,0.0,10.263257701382162,0,0.0,False,False,False,False,True,28659.99999999999
BMW,210,2.0,Other,no,320,26,8.08,8.00603417874901,1,2.0,False,False,True,False,False,2999.0000000000023
BMW,1,2.0,Diesel,yes,X5,9,0.11,11.074420502783864,1,2.0,False,False,False,False,False,64500.00000000002
Toyota,135,2.0,Gas,yes,Land Cruiser Prado,18,7.5,9.975808214115752,0,0.0,False,False,False,False,False,21499.999999999945
BMW,10,3.0,Diesel,yes,640,10,1.0,11.35691472296607,1,3.0,False,False,True,False,False,85555.0
Volkswagen,108,1.6,Diesel,yes,Caddy,12,9.0,9.065314599925925,0,0.0,False,False,False,False,True,8649.999999999998
BMW,1,3.0,Diesel,yes,530,25,0.04,9.268609280100158,1,3.0,False,False,True,False,False,10599.999999999993
Toyota,109,1.3,Gas,yes,Yaris,18,6.06,8.83927669058535,0,0.0,True,False,False,False,False,6899.999999999999
Mercedes-Benz,248,2.0,Petrol,no,CLK 200,26,9.54,7.972466015974565,1,2.0,False,True,False,False,False,2899.9999999999977
Mercedes-Benz,185,2.2,Diesel,yes,Vito,13,14.23,9.413281215972871,1,2.2,False,True,False,False,False,12249.999999999976
BMW,101,2.5,Gas,yes,X3,18,5.61,9.98506753952855,1,2.5,False,False,False,False,False,21699.999999999993
Mercedes-Benz,320,2.2,Diesel,no,E-Class,27,11.85,7.600902459542082,1,2.2,False,False,True,False,False,1999.9999999999998
Audi,284,2.5,Diesel,yes,A6,21,13.52,9.20029003612268,1,2.5,False,False,False,True,False,9899.999999999995
Mercedes-Benz,240,2.2,Diesel,yes,Vito,24,10.0,8.674196940225903,1,2.2,False,False,False,False,True,5850.000000000003
Toyota,204,1.4,Diesel,yes,Corolla,20,10.2,9.011889433252344,0,0.0,False,False,False,True,False,8199.999999999998
Renault,200,1.5,Diesel,yes,Megane,17,11.76,8.895629627136483,0,0.0,False,False,False,True,False,7300.000000000002
Mitsubishi,145,2.0,Gas,yes,Lancer,18,8.06,8.987196820661973,0,0.0,False,False,True,False,False,8000.0
Renault,184,1.5,Diesel,yes,Kangoo,13,14.15,8.794824928014517,0,0.0,False,False,False,False,True,6600.000000000001
Mercedes-Benz,164,1.8,Gas,yes,E-Class,13,12.62,10.021270588192513,1,1.8,False,False,True,False,False,22500.00000000003
Mercedes-Benz,196,2.2,Other,yes,Sprinter 313,13,15.08,9.487972108574462,1,2.2,False,True,False,False,False,13200.000000000002
Volkswagen,300,1.4,Gas,yes,Caddy,25,12.0,7.090076835776092,0,0.0,False,True,False,False,False,1200.0
Volkswagen,264,2.5,Diesel,yes,T4 (Transporter),22,12.0,9.093806555720231,0,0.0,False,False,False,False,True,8900.000000000002
Mitsubishi,163,2.0,Petrol,yes,Lancer X,17,9.59,9.126958763037132,0,0.0,False,False,True,False,False,9200.000000000005
Mercedes-Benz,154,2.5,Petrol,yes,C-Class,19,8.11,9.230142999272362,1,2.5,False,False,True,False,False,10199.99999999999
Mercedes-Benz,246,6.0,Petrol,yes,S 600,28,8.79,9.159047077588632,1,6.0,False,False,True,False,False,9499.999999999995
Mitsubishi,84,3.2,Diesel,yes,Pajero Wagon,13,6.46,10.19802109993701,0,0.0,False,False,False,False,False,26849.999999999993
Audi,183,4.2,Petrol,yes,Q7,18,10.17,9.994241915804592,1,4.2,False,False,False,False,False,21899.999999999993
Volkswagen,250,1.4,Petrol,no,Polo,27,9.26,7.438383530044307,0,0.0,True,False,False,False,False,1699.9999999999993
Volkswagen,225,1.4,Petrol,yes,Golf IV,25,9.0,8.779557455883728,0,0.0,True,False,False,False,False,6499.999999999995
Renault,34,1.5,Diesel,yes,Logan,12,2.83,8.517193191416238,0,0.0,False,False,False,True,False,5000.000000000004
BMW,74,2.0,Diesel,yes,520,11,6.73,10.545341438708522,1,2.0,False,False,True,False,False,37999.999999999985
Volkswagen,140,1.8,Petrol,yes,Passat B6,17,8.24,9.169414205363536,0,0.0,False,False,True,False,False,9598.999999999987
Mercedes-Benz,230,1.8,Petrol,yes,C-Class,19,12.11,9.287301413112312,1,1.8,False,True,False,False,False,10800.000000000007
Toyota,105,2.0,Gas,yes,Rav 4,14,7.5,9.84161214881804,0,0.0,False,False,False,False,False,18799.999999999993
Mitsubishi,133,1.5,Gas,yes,Lancer,17,7.82,8.942460926820582,0,0.0,False,False,True,False,False,7650.000000000001
Renault,125,2.0,Petrol,yes,Laguna,22,5.68,8.748304912379623,0,0.0,False,False,False,True,False,6299.999999999996
BMW,75,1.9,Petrol,no,Z3,27,2.78,8.517193191416238,1,1.9,False,True,False,False,False,5000.000000000004
Toyota,107,3.5,Gas,yes,Highlander,14,7.64,10.257659366256744,0,0.0,False,False,False,False,False,28500.00000000007
BMW,193,3.6,Petrol,yes,735,22,8.77,9.472704636443671,1,3.6,False,False,True,False,False,12999.999999999967
Toyota,157,2.7,Gas,yes,Land Cruiser Prado,18,8.72,9.74090979777877,0,0.0,False,False,False,False,False,16998.999999999996
BMW,160,3.0,Diesel,yes,X5,14,11.43,10.448714603019452,1,3.0,False,True,False,False,False,34500.00000000003
Volkswagen,204,2.0,Diesel,yes,Passat B6,18,11.33,9.296518068217235,0,0.0,False,False,False,True,False,10900.000000000002
Mitsubishi,121,3.8,Gas,yes,Pajero Wagon,17,7.12,9.85214162518454,0,0.0,False,False,False,False,False,18999.000000000004
BMW,350,3.0,Diesel,yes,530,24,14.58,9.190137664658664,1,3.0,False,False,True,False,False,9800.000000000007
Volkswagen,298,1.8,Petrol,yes,Golf III,27,11.04,8.366370301681654,0,0.0,False,False,False,True,False,4300.0
Audi,260,2.5,Diesel,no,A6,22,11.82,8.268731832117737,1,2.5,False,False,False,True,False,3899.9999999999977
Volkswagen,154,2.0,Diesel,yes,T5 (Transporter) ,12,12.83,9.510370887608827,0,0.0,False,False,False,False,True,13499.000000000004
Audi,127,2.8,Petrol,yes,A6,15,8.47,9.902987427494446,1,2.8,False,False,True,False,False,19990.000000000015
Renault,260,2.2,Diesel,no,Espace,20,13.0,8.131530710604252,0,0.0,False,False,False,False,True,3399.999999999999
Toyota,157,3.5,Petrol,yes,Camry,14,11.21,10.232791299678729,0,0.0,False,False,True,False,False,27800.000000000007
Volkswagen,320,1.6,Gas,yes,Golf II,36,8.89,7.7406644019172415,0,0.0,True,False,False,False,False,2300.000000000001
Renault,151,1.5,Diesel,yes,Kangoo,13,11.62,8.942460926820582,0,0.0,False,False,False,False,True,7650.000000000001
Volkswagen,220,1.9,Diesel,yes,Caddy,17,12.94,9.210340371976184,0,0.0,False,False,False,False,True,10000.00000000001
Volkswagen,130,1.6,Gas,yes,Golf Variant,17,7.65,9.179881164491476,0,0.0,False,False,False,True,False,9700.000000000022
Audi,270,2.5,Diesel,no,A6,25,10.8,8.242756345714477,1,2.5,False,False,True,False,False,3800.0000000000014
Toyota,115,4.0,Gas,yes,Land Cruiser Prado,17,6.76,10.19988156558993,0,0.0,False,False,False,False,False,26899.999999999985
Toyota,205,2.4,Gas,yes,Camry,19,10.79,9.441452092939569,0,0.0,False,False,True,False,False,12599.999999999995
Volkswagen,158,2.0,Diesel,yes,T5 (Transporter) ,13,12.15,9.60904937558734,0,0.0,False,False,False,False,True,14899.000000000005
Renault,252,1.5,Diesel,yes,Kangoo,18,14.0,8.51699317141357,0,0.0,False,False,False,True,False,4999.000000000002
BMW,40,4.0,Diesel,yes,X6,13,3.08,10.964346051592322,1,4.0,False,True,False,False,False,57777.00000000003
Volkswagen,167,1.4,Petrol,yes,Touran,14,11.93,9.421411342056125,0,0.0,False,False,False,False,True,12350.000000000018
Audi,177,2.7,Gas,yes,A6,22,8.05,8.987071812848821,1,2.7,False,False,True,False,False,7998.999999999996
BMW,200,4.8,Other,yes,X5,18,11.11,9.980448593672255,1,4.8,False,False,False,False,False,21599.999999999978
Mitsubishi,67,1.5,Petrol,yes,Lancer X,16,4.19,8.987196820661973,0,0.0,False,False,True,False,False,8000.0
Volkswagen,1,1.4,Gas,yes,Golf IV,27,0.04,8.82453082152646,0,0.0,True,False,False,False,False,6799.0000000000055
Toyota,0,2.5,Petrol,yes,Camry,9,0.0,10.156180197306888,0,0.0,False,False,True,False,False,25749.750000000004
Volkswagen,198,1.9,Other,yes,Passat B5,21,9.43,9.093694189856862,0,0.0,False,False,False,True,False,8898.999999999998
Mercedes-Benz,162,5.5,Petrol,yes,S 500,18,9.0,10.196157166498947,1,5.5,False,False,True,False,False,26799.99999999998
Toyota,128,4.7,Gas,yes,Land Cruiser 100,21,6.1,10.14858827120238,0,0.0,False,False,False,False,False,25554.999999999996
Audi,112,3.2,Petrol,yes,Q5,15,7.47,10.126631103850338,1,3.2,False,False,False,False,False,25000.0
Volkswagen,194,2.0,Diesel,yes,T5 (Transporter) ,13,14.92,9.667765219015058,0,0.0,False,False,False,False,True,15799.999999999995
BMW,200,2.0,Diesel,no,320,26,7.69,8.055157731819678,1,2.0,False,False,True,False,False,3149.9999999999977
Toyota,157,2.4,Gas,yes,Camry,18,8.72,9.417354541360508,0,0.0,False,False,True,False,False,12299.999999999989
Toyota,45,3.5,Petrol,yes,Highlander,10,4.5,10.72546760493904,0,0.0,False,False,False,False,False,45499.99999999989
Renault,406,2.5,Diesel,yes,Master,21,19.33,8.779557455883728,0,0.0,False,True,False,False,False,6499.999999999995
Toyota,95,2.0,Petrol,yes,Rav 4,14,6.79,9.85214162518454,0,0.0,False,False,False,False,False,18999.000000000004
BMW,260,2.2,Gas,yes,520,24,10.83,9.047821442478408,1,2.2,False,False,True,False,False,8500.000000000005
Mercedes-Benz,350,2.2,Diesel,yes,Sprinter 211,21,16.67,9.047821442478408,1,2.2,False,False,False,False,True,8500.000000000005
Toyota,126,4.0,Petrol,no,Land Cruiser Prado,14,9.0,9.51044496442652,0,0.0,False,False,False,False,False,13499.999999999996
Volkswagen,180,1.9,Diesel,no,Passat B5,22,8.18,7.696212639346407,0,0.0,False,False,True,False,False,2199.9999999999995
Volkswagen,125,2.0,Diesel,yes,Passat B7,14,8.93,9.825526011066415,0,0.0,False,False,False,True,False,18499.999999999985
Toyota,150,2.7,Gas,yes,Tacoma,20,7.5,9.038365107236372,0,0.0,False,True,False,False,False,8419.999999999993
Audi,144,2.0,Diesel,yes,A4,15,9.6,9.769956159911606,1,2.0,False,False,False,True,False,17500.000000000015
Audi,158,2.0,Gas,yes,A4,22,7.18,9.104979856318357,1,2.0,False,False,True,False,False,9000.000000000004
Volkswagen,238,1.6,Petrol,yes,Golf III,31,7.68,8.389359819906353,0,0.0,True,False,False,False,False,4400.000000000004
Renault,200,2.2,Diesel,yes,Espace,23,8.7,8.922658299524402,0,0.0,False,False,False,False,True,7500.000000000001
Toyota,87,2.4,Petrol,yes,Camry,15,5.8,9.795345393916424,0,0.0,False,False,True,False,False,17949.999999999985
BMW,23,3.0,Petrol,yes,X6,12,1.92,10.849337086651827,1,3.0,False,False,False,False,False,51499.999999999985
Mitsubishi,165,3.0,Gas,yes,Pajero Sport,18,9.17,9.287301413112312,0,0.0,False,False,False,False,False,10800.000000000007
Volkswagen,11,1.4,Petrol,yes,Touran,9,1.22,10.425253116340452,0,0.0,False,False,False,False,True,33699.99999999995
Volkswagen,158,2.5,Diesel,yes,Touareg,18,8.78,9.740968623038354,0,0.0,False,False,False,False,False,17000.00000000001
Volkswagen,1,4.2,Petrol,yes,Touareg,21,0.05,9.323669057283183,0,0.0,False,False,False,False,False,11199.99999999997
BMW,140,3.0,Diesel,no,530,25,5.6,8.411832675758411,1,3.0,False,False,True,False,False,4500.000000000001
Toyota,0,2.8,Diesel,yes,Hilux,9,0.0,10.691922185369403,0,0.0,False,True,False,False,False,43999.00000000003
Audi,180,4.2,Other,yes,A8,13,13.85,10.59162219127253,1,4.2,False,False,True,False,False,39800.000000000015
BMW,272,2.8,Petrol,yes,328,29,9.38,8.779557455883728,1,2.8,False,False,True,False,False,6499.999999999995
Volkswagen,196,2.0,Diesel,yes,Passat B7,14,14.0,9.836278802842678,0,0.0,False,False,False,True,False,18699.999999999996
Audi,75,2.0,Diesel,yes,Q3,12,6.25,10.558413520275876,1,2.0,False,False,False,True,False,38500.0
BMW,241,2.0,Petrol,yes,320,27,8.93,9.011889433252344,1,2.0,False,False,True,False,False,8199.999999999998
Audi,240,2.0,Petrol,yes,A4,23,10.43,8.922658299524402,1,2.0,False,False,False,True,False,7500.000000000001
Toyota,95,2.4,Petrol,yes,Camry,18,5.28,9.35444071594994,0,0.0,False,False,True,False,False,11550.0
Mercedes-Benz,30,1.6,Petrol,yes,C-Class,11,2.73,10.584055950889214,1,1.6,False,False,True,False,False,39500.00000000002
Volkswagen,161,4.2,Gas,no,Phaeton,21,7.67,8.732304571033183,0,0.0,False,False,True,False,False,6199.999999999998
BMW,308,4.6,Gas,yes,X5,22,14.0,9.752664662801545,1,4.6,False,False,False,False,False,17200.000000000004
BMW,280,2.5,Diesel,no,525,28,10.0,7.972466015974565,1,2.5,False,False,True,False,False,2899.9999999999977
Renault,169,2.3,Diesel,yes,Master,12,14.08,9.588776807696428,0,0.0,False,True,False,False,False,14600.000000000005
BMW,110,4.4,Petrol,yes,X6,15,7.33,10.46024210819052,1,4.4,False,False,False,False,False,34900.00000000007
Mercedes-Benz,170,2.2,Petrol,no,CLK 220,24,7.08,8.85366542803745,1,2.2,False,True,False,False,False,6999.999999999999
Mercedes-Benz,255,3.0,Diesel,yes,Sprinter 318,17,15.0,10.373491181781864,1,3.0,False,False,False,False,True,32000.000000000007
Renault,168,1.5,Diesel,yes,Grand Scenic,20,8.4,8.922658299524402,0,0.0,False,False,False,True,False,7500.000000000001
Volkswagen,217,2.5,Diesel,yes,T5 (Transporter),20,10.85,9.104979856318357,0,0.0,False,True,False,False,False,9000.000000000004
Mitsubishi,180,1.6,Gas,yes,Lancer,21,8.57,8.85366542803745,0,0.0,False,False,True,False,False,6999.999999999999
Audi,234,2.5,Other,no,A6,25,9.36,7.90100705199242,1,2.5,False,False,True,False,False,2699.999999999999
Volkswagen,165,2.0,Diesel,yes,Caddy,13,12.69,9.301094735244646,0,0.0,False,False,False,False,True,10949.999999999996
Toyota,120,3.5,Petrol,yes,Camry,17,7.06,9.64859530290734,0,0.0,False,False,True,False,False,15500.000000000036
Mercedes-Benz,210,5.0,Petrol,yes,S 500,28,7.5,9.071078304642676,1,5.0,False,False,True,False,False,8700.000000000004
Mercedes-Benz,200,2.2,Diesel,yes,Vito,25,8.0,8.699514748210191,1,2.2,False,False,False,False,True,5999.999999999995
Mitsubishi,135,3.0,Gas,yes,Pajero Wagon,17,7.94,9.738023112808596,0,0.0,False,False,False,False,False,16950.0
Mercedes-Benz,400,3.0,Diesel,yes,Sprinter 212,28,14.29,9.615805480084347,1,3.0,False,False,False,False,False,15000.000000000004
Toyota,102,2.5,Diesel,yes,Hilux,12,8.5,10.184900011974314,0,0.0,False,False,False,False,False,26500.000000000007
Mercedes-Benz,400,2.2,Diesel,no,C-Class,23,17.39,8.039157390473237,1,2.2,False,False,False,True,False,3099.9999999999986
Toyota,90,4.5,Diesel,yes,Land Cruiser 200,13,6.92,11.00043178410354,0,0.0,False,False,False,False,False,59899.99999999996
Toyota,3,4.2,Diesel,yes,Land Cruiser 76,12,0.25,11.05089000537367,0,0.0,False,False,False,False,False,63000.00000000004
Mercedes-Benz,218,3.0,Diesel,yes,ML 280,19,11.47,9.893437216682626,1,3.0,False,False,False,False,False,19799.99999999999
Volkswagen,110,1.9,Diesel,yes,T5 (Transporter),16,6.88,9.472704636443671,0,0.0,False,False,False,False,True,12999.999999999967
Audi,130,2.4,Petrol,yes,A6,19,6.84,9.409191230721348,1,2.4,False,False,True,False,False,12199.999999999996
Mitsubishi,170,1.3,Petrol,yes,Colt,19,8.95,8.648221453822641,0,0.0,False,True,False,False,False,5699.999999999998
Audi,370,2.5,Diesel,no,A6,27,13.7,7.843848638152472,1,2.5,False,False,True,False,False,2549.9999999999995
Toyota,144,3.5,Gas,yes,Camry,18,8.0,9.51044496442652,0,0.0,False,False,True,False,False,13499.999999999996
Renault,183,2.0,Diesel,yes,Trafic,13,14.08,9.230142999272362,0,0.0,False,False,False,False,True,10199.99999999999
Audi,161,1.8,Gas,yes,TT,24,6.71,9.472704636443671,1,1.8,False,True,False,False,False,12999.999999999967
Volkswagen,210,5.0,Diesel,yes,Phaeton,21,10.0,9.259130536145614,0,0.0,False,False,True,False,False,10499.999999999993
BMW,315,2.5,Diesel,no,525,27,11.67,8.039157390473237,1,2.5,False,False,True,False,False,3099.9999999999986
BMW,221,4.4,Gas,yes,745,21,10.52,9.148464968258097,1,4.4,False,False,True,False,False,9400.000000000011
Audi,206,2.5,Diesel,yes,A6,22,9.36,9.210340371976184,1,2.5,False,False,True,False,False,10000.00000000001
Mitsubishi,270,2.0,Gas,yes,Galant,27,10.0,8.34283980427146,0,0.0,False,False,True,False,False,4200.0
Renault,131,1.6,Petrol,yes,Megane,16,8.19,8.922658299524402,0,0.0,False,False,True,False,False,7500.000000000001
Mercedes-Benz,12,1.8,Petrol,yes,E-Class,13,0.92,10.561007555452925,1,1.8,False,True,False,False,False,38600.00000000009
Toyota,140,1.6,Petrol,yes,Auris,17,8.24,9.093806555720231,0,0.0,True,False,False,False,False,8900.000000000002
Toyota,270,4.2,Diesel,yes,Land Cruiser 80,31,8.71,10.085809109330082,0,0.0,False,False,False,False,False,23999.999999999985
Mercedes-Benz,75,6.3,Petrol,yes,CL 63 AMG,16,4.69,10.849337086651827,1,6.3,False,True,False,False,False,51499.999999999985
Mercedes-Benz,270,3.2,Diesel,no,S 320,24,11.25,8.536995818712418,1,3.2,False,False,True,False,False,5100.000000000005
Mitsubishi,60,1.6,Petrol,yes,Lancer,18,3.33,8.51699317141357,0,0.0,False,False,True,False,False,4999.000000000002
Mitsubishi,125,2.0,Gas,yes,Lancer X,17,7.35,9.153770020487787,0,0.0,False,False,True,False,False,9449.999999999989
Audi,215,2.5,Diesel,no,A6,23,9.35,8.25582842728183,1,2.5,False,False,False,True,False,3850.0000000000023
Renault,170,1.5,Diesel,no,Megane,12,14.17,8.961879012677683,0,0.0,False,False,False,True,False,7799.999999999996
Audi,80,3.0,Diesel,yes,Q7,12,6.67,10.81376021208472,1,3.0,False,False,False,False,False,49699.999999999985
Mitsubishi,78,2.4,Gas,yes,Galant,19,4.11,9.104979856318357,0,0.0,False,False,True,False,False,9000.000000000004
Toyota,95,2.0,Petrol,yes,Rav 4,14,6.79,9.85166780380633,0,0.0,False,False,False,False,False,18989.999999999985
Mitsubishi,102,1.6,Petrol,yes,Lancer,18,5.67,8.881836305004146,0,0.0,False,False,True,False,False,7199.999999999996
Volkswagen,112,2.0,Diesel,yes,T6 (Transporter) ,14,8.0,9.38429367909962,0,0.0,False,True,False,False,False,11899.999999999998
Toyota,287,1.3,Petrol,yes,Corolla,30,9.57,7.937374696163295,0,0.0,False,False,True,False,False,2799.9999999999995
Volkswagen,272,1.9,Diesel,no,Passat B5,27,10.07,7.696212639346407,0,0.0,False,False,True,False,False,2199.9999999999995
Mitsubishi,170,3.8,Gas,yes,Pajero Wagon,17,10.0,9.769956159911606,0,0.0,False,False,False,False,False,17500.000000000015
Audi,79,4.2,Petrol,yes,R8,18,4.39,10.81777628173961,1,4.2,False,True,False,False,False,49899.999999999985
Volkswagen,238,2.5,Diesel,yes,T4 (Transporter),23,10.35,9.065314599925925,0,0.0,False,False,False,False,True,8649.999999999998
Audi,205,1.8,Petrol,yes,A4,22,9.32,9.0825070004663,1,1.8,False,False,True,False,False,8800.000000000024
Mercedes-Benz,0,2.2,Diesel,yes,GLE-Class,9,0.0,11.156236235215168,1,2.2,False,False,False,False,False,69998.99999999997
Volkswagen,103,1.4,Petrol,yes,Polo,13,7.92,9.09498900242192,0,0.0,True,False,False,False,False,8910.530000000015
Toyota,165,2.7,Gas,yes,Land Cruiser Prado,20,8.25,9.64859530290734,0,0.0,False,False,False,False,False,15500.000000000036
Audi,175,3.6,Petrol,yes,Q7,18,9.72,9.87816974455184,1,3.6,False,False,False,False,False,19500.000000000044
Toyota,21,2.5,Petrol,yes,Camry,10,2.1,10.22918769217543,0,0.0,False,False,True,False,False,27699.99999999999
Volkswagen,255,1.9,Diesel,yes,T5 (Transporter),21,12.14,9.169518377455928,0,0.0,False,False,False,False,True,9600.000000000004
BMW,176,3.0,Gas,yes,X5,23,7.65,9.433483923290392,1,3.0,False,False,False,False,False,12500.0
Audi,260,2.5,Diesel,no,A6 Allroad,23,11.3,8.476162841858246,1,2.5,False,False,False,True,False,4799.000000000001
Toyota,70,2.5,Petrol,yes,Camry,13,5.38,9.947504437952905,0,0.0,False,False,True,False,False,20900.000000000044
Audi,203,2.8,Petrol,yes,A6,17,11.94,9.60911649193355,1,2.8,False,False,True,False,False,14899.999999999995
Toyota,164,1.4,Diesel,yes,Auris,13,12.62,9.453286550586572,0,0.0,True,False,False,False,False,12750.0
BMW,243,2.0,Petrol,no,116,19,12.79,8.68270762989381,1,2.0,True,False,False,False,False,5899.999999999999
Mercedes-Benz,400,2.9,Diesel,yes,E-Class,28,14.29,7.90100705199242,1,2.9,False,False,True,False,False,2699.999999999999
Audi,400,2.6,Petrol,yes,A6,29,13.79,8.45531778769815,1,2.6,False,False,True,False,False,4699.999999999997
BMW,64,4.4,Petrol,yes,M6,13,4.92,11.25156070083582,1,4.4,False,True,False,False,False,76999.99999999987
Renault,250,1.9,Diesel,yes,Trafic,20,12.5,8.68270762989381,0,0.0,False,False,False,False,True,5899.999999999999
Volkswagen,67,1.8,Petrol,yes,Passat CC,13,5.15,10.085809109330082,0,0.0,False,False,True,False,False,23999.999999999985
Audi,151,2.0,Diesel,yes,A4,15,10.07,9.820105943597078,1,2.0,False,False,False,True,False,18400.00000000001
Mercedes-Benz,74,6.3,Petrol,yes,S 63 AMG,15,4.93,10.947291604709244,1,6.3,False,False,True,False,False,56800.000000000095
Renault,50,1.6,Petrol,yes,Sandero,13,3.85,8.987196820661973,0,0.0,True,False,False,False,False,8000.0
Mercedes-Benz,382,2.0,Petrol,yes,E-Class,31,12.32,8.517193191416238,1,2.0,False,False,True,False,False,5000.000000000004
Mitsubishi,98,2.0,Petrol,yes,Lancer X,16,6.12,9.20029003612268,0,0.0,False,False,True,False,False,9899.999999999995
Mercedes-Benz,111,2.5,Petrol,yes,C-Class,16,6.94,9.846917201047734,1,2.5,False,True,False,False,False,18900.00000000001
Toyota,139,4.0,Gas,yes,Land Cruiser Prado,20,6.95,9.9281801651265,0,0.0,False,False,False,False,False,20500.000000000015
Volkswagen,232,1.6,Petrol,no,Golf IV,24,9.67,7.824046010856292,0,0.0,False,False,False,True,False,2499.9999999999995
Renault,179,1.5,Diesel,yes,Megane,15,11.93,9.104979856318357,0,0.0,False,False,False,True,False,9000.000000000004
Renault,100,1.6,Gas,yes,Megane,17,5.88,8.948975607841776,0,0.0,False,False,True,False,False,7700.0000000000055
Audi,54,2.8,Petrol,yes,A6,14,3.86,10.382822509210747,1,2.8,True,False,False,False,False,32299.99999999998
Mercedes-Benz,42,2.2,Diesel,yes,V 250,11,3.82,11.194096663521613,1,2.2,False,False,False,False,True,72700.00000000015
Renault,246,1.4,Petrol,yes,Megane,20,12.3,8.732304571033183,0,0.0,False,False,True,False,False,6199.999999999998
Audi,400,2.0,Petrol,yes,100,33,12.12,8.294049640102028,1,2.0,False,False,True,False,False,3999.9999999999995
Toyota,43,1.3,Petrol,yes,Corolla,11,3.91,9.105329795082644,0,0.0,False,False,True,False,False,9003.15
Mercedes-Benz,195,3.2,Gas,yes,CLK 320,26,7.5,9.60911649193355,1,3.2,False,True,False,False,False,14899.999999999995
BMW,0,2.0,Diesel,yes,X5,9,0.0,11.088174321109491,1,2.0,False,False,False,False,False,65393.24999999989
Renault,158,2.0,Diesel,yes,Trafic,13,12.15,9.104979856318357,0,0.0,False,False,False,False,True,9000.000000000004
Audi,253,2.5,Diesel,yes,A6,24,10.54,9.047821442478408,1,2.5,False,False,True,False,False,8500.000000000005
Renault,171,1.5,Other,yes,Megane,20,8.55,8.68270762989381,0,0.0,True,False,False,False,False,5899.999999999999
Mitsubishi,250,1.3,Gas,yes,Colt,19,13.16,8.536995818712418,0,0.0,True,False,False,False,False,5100.000000000005
Mercedes-Benz,108,5.5,Petrol,yes,S 500,15,7.2,10.60905725309463,1,5.5,False,False,True,False,False,40499.99999999996
Audi,154,1.8,Petrol,yes,A6,24,6.42,9.0595174822416,1,1.8,False,False,True,False,False,8600.0
Mitsubishi,142,1.6,Gas,yes,Lancer,20,7.1,8.68270762989381,0,0.0,False,False,True,False,False,5899.999999999999
Volkswagen,123,1.8,Petrol,yes,Passat CC,15,8.2,9.792555991828849,0,0.0,False,True,False,False,False,17900.00000000004
BMW,37,2.0,Diesel,yes,X1,12,3.08,10.44581184336149,1,2.0,False,False,False,False,False,34400.00000000001
BMW,138,2.5,Petrol,yes,525,21,6.57,9.51044496442652,1,2.5,False,False,True,False,False,13499.999999999996
Renault,175,2.0,Diesel,yes,Trafic,18,9.72,9.169518377455928,0,0.0,False,False,False,False,True,9600.000000000004
Mercedes-Benz,82,1.8,Petrol,yes,SLK 200,21,3.9,9.615805480084347,1,1.8,False,True,False,False,False,15000.000000000004
Mercedes-Benz,53,3.0,Petrol,yes,CLK 280,18,2.94,9.998797732340453,1,3.0,False,True,False,False,False,22000.0
Volkswagen,200,2.5,Diesel,yes,Touareg,20,10.0,9.525151111816216,0,0.0,False,True,False,False,False,13699.999999999996
Toyota,47,2.4,Petrol,yes,Camry,16,2.94,9.84161214881804,0,0.0,False,False,True,False,False,18799.999999999993
Volkswagen,127,1.4,Petrol,yes,Polo,18,7.06,8.935903526274423,0,0.0,True,False,False,False,False,7600.000000000003
Toyota,120,1.4,Petrol,yes,Auris,12,10.0,9.388486557359656,0,0.0,True,False,False,False,False,11949.999999999987
Audi,202,2.7,Diesel,no,A6,17,11.88,9.332558004700433,1,2.7,False,False,True,False,False,11300.000000000007
Volkswagen,43,2.0,Diesel,yes,T5 (Transporter) ,11,3.91,9.51044496442652,0,0.0,False,False,False,False,True,13499.999999999996
Toyota,129,2.4,Petrol,yes,Camry,18,7.17,9.39182824802156,0,0.0,False,False,True,False,False,11989.99999999999
Toyota,130,2.7,Gas,yes,Land Cruiser Prado,21,6.19,9.711115659888671,0,0.0,False,True,False,False,False,16499.999999999985
BMW,215,3.0,Diesel,yes,X5,19,11.32,9.852194258148575,1,3.0,False,False,False,False,False,18999.999999999956
Renault,160,1.5,Diesel,yes,Kangoo,20,8.0,8.612503371220562,0,0.0,False,False,False,False,True,5499.999999999999
BMW,45,3.0,Petrol,yes,535,14,3.21,10.596609732783568,1,3.0,False,False,True,False,False,39998.99999999999
Toyota,140,2.4,Gas,yes,Camry,18,7.78,9.64859530290734,0,0.0,False,False,True,False,False,15500.000000000036
Mitsubishi,197,3.0,Gas,yes,Pajero Sport,19,10.37,9.367344120785848,0,0.0,False,False,False,False,False,11700.000000000007
Volkswagen,1,1.9,Diesel,no,Passat B5,24,0.04,7.919356190660617,0,0.0,False,False,False,True,False,2749.999999999999
Renault,1,1.5,Diesel,yes,Megane,20,0.05,8.874867635688053,0,0.0,False,False,False,True,False,7150.0
BMW,220,2.0,Petrol,yes,118,20,11.0,9.259130536145614,1,2.0,True,False,False,False,False,10499.999999999993
Mercedes-Benz,97,1.8,Petrol,yes,E-Class,13,7.46,10.1226230824528,1,1.8,False,False,True,False,False,24900.000000000004
Mercedes-Benz,22,1.8,Petrol,yes,C-Class,11,2.0,10.16585181700362,1,1.8,False,True,False,False,False,26000.00000000003
Mercedes-Benz,148,6.2,Petrol,yes,ML 63 AMG,17,8.71,9.975808214115752,1,6.2,False,False,False,False,False,21499.999999999945
BMW,268,1.8,Petrol,no,318,29,9.24,7.706162970199576,1,1.8,False,False,True,False,False,2222.000000000001
BMW,236,2.0,Diesel,no,320,24,9.83,7.972466015974565,1,2.0,False,False,False,True,False,2899.9999999999977
Volkswagen,1,1.8,Gas,yes,Golf III,29,0.03,8.433811582477187,0,0.0,True,False,False,False,False,4600.000000000003
Mercedes-Benz,198,2.0,Gas,yes,190,33,6.0,8.070906088787819,1,2.0,False,False,True,False,False,3200.0000000000027
Mitsubishi,78,2.4,Petrol,yes,Outlander XL,13,6.0,9.87302834505142,0,0.0,False,False,False,False,False,19400.00000000001
Renault,215,1.9,Diesel,no,Laguna,20,10.75,8.294049640102028,0,0.0,False,False,True,False,False,3999.9999999999995
BMW,0,2.0,Diesel,yes,X5,9,0.0,11.083664467095575,1,2.0,False,False,False,False,False,65098.99999999991
BMW,80,2.99,Diesel,yes,550,13,6.15,10.896720806856424,1,2.99,False,False,True,False,False,53999.00000000003
Renault,155,1.5,Diesel,yes,Clio,15,10.33,9.126958763037132,0,0.0,False,False,False,True,False,9200.000000000005
Mercedes-Benz,0,2.2,Diesel,yes,V 250,9,0.0,11.60822655382414,1,2.2,False,False,False,False,True,109999.00000000007
Mercedes-Benz,170,2.2,Diesel,yes,Vito,14,12.14,10.06475570013225,1,2.2,False,False,False,False,True,23500.00000000001
Audi,390,2.6,Petrol,yes,100,32,12.19,8.476371196895983,1,2.6,False,False,True,False,False,4800.000000000001
Toyota,100,2.4,Petrol,yes,Camry,18,5.56,9.51044496442652,0,0.0,False,False,True,False,False,13499.999999999996
Toyota,131,1.6,Gas,yes,Corolla,18,7.28,9.071078304642676,0,0.0,False,False,True,False,False,8700.000000000004
Mercedes-Benz,423,5.0,Gas,yes,S 500,28,15.11,9.417354541360508,1,5.0,False,False,True,False,False,12299.999999999989
Mitsubishi,148,1.8,Petrol,yes,Pajero Pinin,22,6.73,8.974618038455112,0,0.0,False,True,False,False,False,7899.999999999996
Volkswagen,153,2.0,Diesel,yes,Caddy,15,10.2,9.277999020449997,0,0.0,False,False,False,False,True,10699.99999999999
Renault,185,1.6,Other,yes,Kangoo,19,9.74,8.824677891164198,0,0.0,False,False,False,False,True,6799.999999999999
Renault,157,1.5,Diesel,no,Scenic,12,13.08,9.047821442478408,0,0.0,False,False,False,False,True,8500.000000000005
Mitsubishi,97,3.2,Diesel,yes,Pajero Wagon,16,6.06,9.836278802842678,0,0.0,False,False,False,False,False,18699.999999999996
BMW,285,2.5,Diesel,no,525,28,10.18,7.549609165154532,1,2.5,False,False,False,True,False,1900.0000000000005
Mercedes-Benz,75,2.0,Diesel,yes,Vito,14,5.36,9.64859530290734,1,2.0,False,False,False,False,True,15500.000000000036
Volkswagen,148,1.4,Other,yes,Polo,17,8.71,9.071078304642676,0,0.0,True,False,False,False,False,8700.000000000004
Mercedes-Benz,121,3.0,Diesel,yes,S 350,13,9.31,10.764265574480024,1,3.0,False,False,True,False,False,47300.0
BMW,400,2.5,Petrol,yes,525,34,11.76,8.517193191416238,1,2.5,False,False,True,False,False,5000.000000000004
Toyota,73,4.0,Petrol,yes,Land Cruiser Prado,17,4.29,10.085809109330082,0,0.0,False,False,False,False,False,23999.999999999985
Volkswagen,85,1.4,Petrol,yes,Jetta,12,7.08,9.602382459752208,0,0.0,False,False,True,False,False,14800.000000000027
Mercedes-Benz,290,2.2,Diesel,yes,Vito,26,11.15,8.764053269347762,1,2.2,False,False,False,False,True,6399.9999999999945
Mitsubishi,139,2.4,Gas,yes,Outlander XL,14,9.93,9.852194258148575,0,0.0,False,False,False,False,False,18999.999999999956
Mercedes-Benz,211,2.2,Diesel,yes,Vito,18,11.72,9.367344120785848,1,2.2,False,False,False,False,True,11700.000000000007
Volkswagen,101,2.0,Diesel,yes,Passat B6,14,7.21,8.779557455883728,0,0.0,False,False,False,True,False,6499.999999999995
Volkswagen,145,2.0,Petrol,yes,Bora,25,5.8,8.51699317141357,0,0.0,False,False,True,False,False,4999.000000000002
Volkswagen,100,1.6,Petrol,yes,Golf II,36,2.78,7.549609165154532,0,0.0,True,False,False,False,False,1900.0000000000005
Renault,100,1.5,Diesel,yes,Kangoo,16,6.25,9.104868739033948,0,0.0,False,False,False,True,False,8999.0
Volkswagen,164,1.6,Diesel,yes,Touran,13,12.62,9.449357272446685,0,0.0,False,False,False,False,True,12700.000000000027
Mercedes-Benz,168,2.0,Petrol,no,E-Class,31,5.42,7.696212639346407,1,2.0,False,False,True,False,False,2199.9999999999995
BMW,65,2.0,Petrol,yes,328,11,5.91,10.388995368317827,1,2.0,False,False,False,True,False,32499.99999999995
Volkswagen,149,1.4,Gas,yes,Passat B7,12,12.42,9.72913416539135,0,0.0,False,False,False,True,False,16800.000000000004
Mercedes-Benz,360,2.2,Diesel,yes,Vito,19,18.95,9.104868739033948,1,2.2,False,False,False,False,True,8999.0
Audi,407,2.8,Gas,no,A6,26,15.65,7.824046010856292,1,2.8,False,False,True,False,False,2499.9999999999995
BMW,95,4.4,Petrol,yes,750,14,6.79,10.51867319162636,1,4.4,False,False,True,False,False,36999.99999999997
Volkswagen,82,1.8,Petrol,yes,Passat B7,14,5.86,9.87816974455184,0,0.0,False,False,True,False,False,19500.000000000044
Volkswagen,240,2.5,Diesel,yes,T5 (Transporter),18,13.33,9.296518068217235,0,0.0,False,False,False,False,True,10900.000000000002
BMW,33,2.0,Diesel,yes,328,11,3.0,10.505067539570582,1,2.0,False,False,True,False,False,36499.99999999998
Renault,154,1.5,Diesel,yes,Kangoo,13,11.85,8.895629627136483,0,0.0,False,False,False,False,True,7300.000000000002
BMW,125,3.0,Diesel,yes,530,19,6.58,9.769956159911606,1,3.0,False,False,False,True,False,17500.000000000015
Audi,122,4.0,Diesel,yes,A8,17,7.18,10.106428396532818,1,4.0,False,False,True,False,False,24500.0
Toyota,146,2.4,Gas,yes,Rav 4,17,8.59,9.64859530290734,0,0.0,False,False,False,False,False,15500.000000000036
Mitsubishi,0,2.0,Petrol,yes,Outlander,9,0.0,10.126631103850338,0,0.0,False,False,False,False,False,25000.0
Mercedes-Benz,167,1.8,Petrol,yes,C-Class,20,8.35,9.38429367909962,1,1.8,False,False,True,False,False,11899.999999999998
Mercedes-Benz,40,2.9,Diesel,yes,Sprinter 212,26,1.54,8.987196820661973,1,2.9,False,False,False,False,True,8000.0
Mitsubishi,126,3.0,Gas,yes,Pajero Wagon,17,7.41,9.735068900911164,0,0.0,False,False,False,False,False,16899.999999999993
Toyota,205,2.0,Petrol,yes,Rav 4,23,8.91,9.0825070004663,0,0.0,False,False,False,False,False,8800.000000000024
BMW,220,2.5,Petrol,yes,523,20,11.0,9.472704636443671,1,2.5,False,False,True,False,False,12999.999999999967
Renault,43,1.5,Diesel,yes,Kangoo,12,3.58,8.922658299524402,0,0.0,False,False,False,False,True,7500.000000000001
Toyota,140,3.0,Petrol,yes,Camry,23,6.09,9.02401079378469,0,0.0,False,False,True,False,False,8300.000000000007
Toyota,250,4.7,Gas,yes,Land Cruiser 100,21,11.9,9.836278802842678,0,0.0,False,False,False,False,False,18699.999999999996
Toyota,0,2.5,Petrol,yes,Camry,9,0.0,10.267708702109744,0,0.0,False,False,True,False,False,28787.850000000006
Mercedes-Benz,190,2.2,Diesel,yes,C-Class,18,10.56,9.711115659888671,1,2.2,False,False,True,False,False,16499.999999999985
Mitsubishi,127,3.0,Petrol,yes,Outlander XL,17,7.47,9.539644119118783,0,0.0,False,False,False,False,False,13900.000000000002
Audi,400,1.9,Diesel,no,80,31,12.9,7.2078598714324755,1,1.9,False,False,False,True,False,1350.0000000000005
Toyota,1,2.0,Petrol,yes,Rav 4,9,0.11,9.945547979881786,0,0.0,False,False,False,False,False,20859.14999999999
Mitsubishi,100,3.2,Diesel,yes,Pajero Wagon,12,8.33,10.268130666124035,0,0.0,False,False,False,False,False,28799.99999999994
Mercedes-Benz,64,2.2,Diesel,yes,GLK 220,12,5.33,10.46024210819052,1,2.2,False,False,False,False,False,34900.00000000007
BMW,45,2.0,Petrol,yes,520,12,3.75,10.532096211958502,1,2.0,False,True,False,False,False,37499.99999999998
Mercedes-Benz,220,2.2,Diesel,yes,E-Class,16,13.75,9.88837391472608,1,2.2,False,False,True,False,False,19699.99999999999
Mercedes-Benz,116,2.2,Diesel,yes,Vito,12,9.67,9.457200449907708,1,2.2,False,True,False,False,False,12799.99999999999
Renault,265,1.5,Diesel,yes,Kangoo,17,15.59,8.433811582477187,0,0.0,False,False,False,False,True,4600.000000000003
Mercedes-Benz,322,3.0,Diesel,yes,Sprinter 318,18,17.89,9.796848442046416,1,3.0,False,False,False,False,True,17977.0
Volkswagen,0,1.6,Petrol,yes,Polo,10,0.0,9.389490237604502,0,0.0,False,False,True,False,False,11961.999999999993
Volkswagen,195,1.6,Diesel,yes,Golf VI,12,16.25,9.433483923290392,0,0.0,False,False,False,True,False,12500.0
Volkswagen,268,2.5,Diesel,yes,T4 (Transporter),22,12.18,9.126958763037132,0,0.0,False,False,False,False,True,9200.000000000005
Mercedes-Benz,148,2.2,Diesel,yes,E-Class,14,10.57,10.257659366256744,1,2.2,False,False,True,False,False,28500.00000000007
Volkswagen,38,2.0,Diesel,yes,Jetta,11,3.45,9.738023112808596,0,0.0,False,False,True,False,False,16950.0
Mercedes-Benz,212,5.5,Petrol,yes,S 500,19,11.16,10.116580767996837,1,5.5,False,False,True,False,False,24750.000000000007
Mercedes-Benz,3,2.2,Diesel,yes,ML 250,10,0.3,10.950806546816688,1,2.2,False,False,False,False,False,57000.000000000044
Toyota,87,1.0,Petrol,yes,IQ,16,5.44,9.332558004700433,0,0.0,True,False,False,False,False,11300.000000000007
Mercedes-Benz,119,4.7,Petrol,yes,S 500,13,9.15,10.839580911706465,1,4.7,False,False,True,False,False,51000.0000000001
Audi,270,1.9,Diesel,no,A4,24,11.25,8.006367567650246,1,1.9,False,False,False,True,False,2999.9999999999977
Toyota,250,1.8,Petrol,yes,Celica,25,10.0,9.190137664658664,0,0.0,False,True,False,False,False,9800.000000000007
Volkswagen,200,2.5,Diesel,yes,Touareg,19,10.53,9.461099090323366,0,0.0,False,False,False,False,False,12849.999999999996
BMW,55,3.0,Diesel,yes,5 Series GT,12,4.58,10.864751650053014,1,3.0,False,False,True,False,False,52299.99999999999
BMW,300,2.0,Petrol,yes,520,35,8.57,8.202482446576537,1,2.0,False,False,True,False,False,3650.0000000000005
BMW,82,3.0,Petrol,yes,X6,14,5.86,10.594131602877956,1,3.0,False,False,False,False,False,39900.000000000065
Renault,200,1.5,Diesel,yes,Megane,18,11.11,8.909235279192261,0,0.0,False,False,False,True,False,7400.0
Volkswagen,175,2.0,Diesel,yes,T5 (Transporter) ,13,13.46,9.546741177474823,0,0.0,False,False,False,False,True,13998.999999999973
Mercedes-Benz,270,3.2,Diesel,no,S 320,18,15.0,9.64859530290734,1,3.2,False,False,True,False,False,15500.000000000036
Renault,130,1.5,Diesel,yes,Clio,13,10.0,9.047821442478408,0,0.0,False,False,False,True,False,8500.000000000005
BMW,86,3.0,Petrol,yes,5 Series GT,15,5.73,10.388995368317827,1,3.0,False,True,False,False,False,32499.99999999995
Toyota,131,3.5,Gas,yes,Camry,18,7.28,9.595602772766828,0,0.0,False,False,True,False,False,14700.000000000002
Volkswagen,310,1.9,Diesel,yes,T4 (Transporter),28,11.07,8.779557455883728,0,0.0,False,False,False,False,True,6499.999999999995
Renault,139,1.5,Diesel,yes,Kangoo,12,11.58,8.961879012677683,0,0.0,False,False,False,False,True,7799.999999999996
Mercedes-Benz,290,2.2,Diesel,yes,Vito,20,14.5,9.071078304642676,1,2.2,False,False,False,False,True,8700.000000000004
Renault,56,1.6,Petrol,yes,Megane,14,4.0,9.104979856318357,0,0.0,True,False,False,False,False,9000.000000000004
Mercedes-Benz,139,3.0,Diesel,yes,Vito,17,8.18,9.602382459752208,1,3.0,False,False,False,False,True,14800.000000000027
Toyota,125,2.4,Petrol,yes,Camry,17,7.35,9.503009985939002,0,0.0,False,False,True,False,False,13399.99999999999
BMW,375,4.0,Diesel,yes,740,25,15.0,8.958925938694943,1,4.0,False,True,False,False,False,7776.999999999997
Toyota,92,1.3,Petrol,yes,Yaris,19,4.84,8.83927669058535,0,0.0,True,False,False,False,False,6899.999999999999
Volkswagen,270,2.5,Diesel,yes,T5 (Transporter),18,15.0,9.259130536145614,0,0.0,False,True,False,False,False,10499.999999999993
Audi,90,2.2,Gas,yes,S4,31,2.9,8.961879012677683,1,2.2,False,False,True,False,False,7799.999999999996
Mercedes-Benz,215,4.3,Petrol,no,CLK 430,24,8.96,8.318742252692399,1,4.3,False,False,True,False,False,4099.999999999999
BMW,260,2.0,Gas,yes,520,35,7.43,8.389359819906353,1,2.0,False,False,True,False,False,4400.000000000004
BMW,176,3.0,Diesel,yes,X5,13,13.54,10.63344870621879,1,3.0,False,False,False,False,False,41500.0
Mercedes-Benz,98,2.2,Diesel,yes,Vito,14,7.0,9.546741177474823,1,2.2,False,False,False,False,True,13998.999999999973
Mercedes-Benz,116,2.2,Diesel,yes,Vito,12,9.67,9.72913416539135,1,2.2,False,False,False,False,True,16800.000000000004
BMW,80,3.0,Diesel,yes,X5 M,12,6.67,10.976782033219948,1,3.0,False,False,False,False,False,58499.99999999999
Volkswagen,280,1.8,Petrol,yes,Passat B5,19,14.74,9.230142999272362,0,0.0,False,False,True,False,False,10199.99999999999
Mitsubishi,110,2.4,Gas,yes,Outlander XL,17,6.47,9.495519314209846,0,0.0,False,False,False,False,False,13300.000000000005
Renault,180,1.5,Diesel,yes,Kangoo,13,13.85,8.748304912379623,0,0.0,False,False,False,False,True,6299.999999999996
Audi,69,1.4,Petrol,yes,A1,13,5.31,9.74090979777877,1,1.4,True,False,False,False,False,16998.999999999996
Toyota,48,2.0,Petrol,yes,Rav 4,13,3.69,9.908475094047168,0,0.0,False,False,False,False,False,20100.000000000007
Volkswagen,100,1.8,Petrol,yes,Passat B6,17,5.88,9.287301413112312,0,0.0,False,False,True,False,False,10800.000000000007
Mercedes-Benz,245,2.2,Diesel,yes,E-Class,18,13.61,9.560997243589352,1,2.2,False,False,True,False,False,14199.999999999995
BMW,333,3.0,Petrol,yes,730,31,10.74,8.45531778769815,1,3.0,False,False,True,False,False,4699.999999999997
BMW,252,2.5,Diesel,yes,525,28,9.0,8.648221453822641,1,2.5,False,False,True,False,False,5699.999999999998
BMW,300,2.5,Gas,yes,525,21,14.29,9.38429367909962,1,2.5,False,False,True,False,False,11899.999999999998
Mercedes-Benz,330,2.2,Gas,yes,E-Class,30,11.0,8.229511118964457,1,2.2,False,False,False,True,False,3750.0
Mercedes-Benz,350,3.0,Diesel,yes,300,37,9.46,7.90100705199242,1,3.0,False,False,True,False,False,2699.999999999999
Volkswagen,239,1.9,Diesel,no,Passat B5,22,10.86,8.00603417874901,0,0.0,False,False,False,True,False,2999.0000000000023
Mercedes-Benz,240,3.2,Diesel,yes,E-Class,24,10.0,9.0595174822416,1,3.2,False,False,True,False,False,8600.0
Toyota,192,2.0,Petrol,yes,Avensis,22,8.73,8.846496938558838,0,0.0,False,False,True,False,False,6950.000000000001
Mitsubishi,69,2.4,Petrol,yes,Outlander XL,11,6.27,10.03889218954233,0,0.0,False,False,False,False,False,22899.999999999996
Volkswagen,185,1.6,Petrol,yes,Jetta,18,10.28,9.093806555720231,0,0.0,False,False,True,False,False,8900.000000000002
Volkswagen,317,1.9,Diesel,yes,T5 (Transporter) ,17,18.65,8.922658299524402,0,0.0,False,False,False,False,True,7500.000000000001
BMW,160,3.0,Petrol,yes,528,14,11.43,10.264652401747712,1,3.0,False,False,True,False,False,28699.999999999996
Mercedes-Benz,218,2.2,Diesel,yes,Vito,18,12.11,9.392661928770137,1,2.2,False,True,False,False,False,11999.999999999993
BMW,150,2.0,Gas,yes,320,22,6.82,9.305559638557115,1,2.0,False,False,True,False,False,10998.999999999985
Audi,167,3.6,Petrol,yes,Q7,17,9.82,10.043249494911286,1,3.6,False,False,False,False,False,22999.999999999993
Audi,1,2.5,Diesel,no,A6,27,0.04,7.843848638152472,1,2.5,False,False,False,True,False,2549.9999999999995
Toyota,388,4.2,Diesel,yes,Land Cruiser 80,28,13.86,9.0825070004663,0,0.0,False,False,False,False,False,8800.000000000024
Renault,220,2.0,Diesel,yes,Trafic,18,12.22,9.210340371976184,0,0.0,False,False,False,False,True,10000.00000000001
Renault,73,1.5,Diesel,yes,Kangoo,17,4.29,8.748304912379623,0,0.0,False,False,False,False,True,6299.999999999996
Toyota,160,3.5,Gas,yes,Camry,19,8.42,9.532423871145296,0,0.0,False,True,False,False,False,13799.999999999998
Volkswagen,176,2.0,Diesel,yes,T5 (Transporter) ,13,13.54,9.28266103355581,0,0.0,False,False,False,False,True,10750.00000000001
Volkswagen,207,1.9,Diesel,yes,Sharan,18,11.5,9.433483923290392,0,0.0,False,False,False,False,True,12500.0
Mercedes-Benz,250,2.2,Diesel,no,E-Class,22,11.36,8.612503371220562,1,2.2,False,False,True,False,False,5499.999999999999
Volkswagen,250,2.5,Diesel,yes,T5 (Transporter),17,14.71,9.495519314209846,0,0.0,False,False,False,False,True,13300.000000000005
Volkswagen,115,2.5,Diesel,yes,Touareg,17,6.76,9.903487552536127,0,0.0,False,False,False,False,False,19999.99999999998
Renault,30,1.4,Gas,yes,Kangoo,19,1.58,8.160518247477505,0,0.0,False,False,False,False,True,3499.9999999999995
Renault,94,1.5,Diesel,yes,Fluence,14,6.71,9.137769679141348,0,0.0,False,False,True,False,False,9300.000000000007
Audi,110,3.0,Petrol,yes,A6,14,7.86,10.325481962595504,1,3.0,False,False,True,False,False,30500.000000000022
Audi,190,2.0,Diesel,yes,A6,14,13.57,9.814656338829511,1,2.0,False,False,False,True,False,18299.99999999998
Audi,88,4.2,Diesel,yes,Q7,15,5.87,10.621327345686446,1,4.2,False,False,False,False,False,41000.00000000003
BMW,160,1.6,Petrol,yes,1 Series,21,7.62,8.318742252692399,1,1.6,True,False,False,False,False,4099.999999999999
Volkswagen,62,2.0,Diesel,yes,Caravelle,14,4.43,10.021270588192513,0,0.0,False,False,False,False,True,22500.00000000003
Volkswagen,272,1.9,Diesel,yes,Caddy,20,13.6,9.093806555720231,0,0.0,False,False,False,False,True,8900.000000000002
BMW,278,3.0,Diesel,yes,X5,22,12.64,9.543234787249512,1,3.0,False,False,False,False,False,13950.000000000002
Volkswagen,125,1.6,Diesel,yes,Caddy,14,8.93,9.104868739033948,0,0.0,False,False,False,False,True,8999.0
Toyota,67,1.6,Petrol,yes,Auris,13,5.15,9.55393007636626,0,0.0,True,False,False,False,False,14100.00000000001
Volkswagen,132,1.6,Other,yes,Bora,21,6.29,8.846496938558838,0,0.0,False,False,True,False,False,6950.000000000001
Volkswagen,180,1.4,Petrol,yes,Golf IV,22,8.18,8.902455592206882,0,0.0,True,False,False,False,False,7350.000000000001
Mercedes-Benz,180,3.0,Diesel,yes,Vito,17,10.59,9.769956159911606,1,3.0,False,True,False,False,False,17500.000000000015
Mercedes-Benz,222,5.5,Petrol,yes,S 500,19,11.68,9.9281801651265,1,5.5,False,False,True,False,False,20500.000000000015
Mercedes-Benz,49,4.7,Petrol,yes,S 500,11,4.45,11.652687407345388,1,4.7,False,False,True,False,False,115000.00000000009
Mitsubishi,132,2.4,Gas,yes,Grandis,19,6.95,9.314700387300425,0,0.0,False,False,False,True,False,11099.999999999993
BMW,175,2.0,Diesel,yes,520,14,12.5,10.305613759378778,1,2.0,False,False,True,False,False,29900.0
Toyota,131,2.0,Petrol,yes,Avensis,14,9.36,9.775370049755686,0,0.0,False,False,True,False,False,17595.000000000015
Volkswagen,170,2.0,Gas,no,Caddy,14,12.14,8.824677891164198,0,0.0,False,False,False,False,True,6799.999999999999
Audi,249,2.5,Diesel,no,A6,21,11.86,8.330863613224745,1,2.5,False,False,False,True,False,4150.000000000003
Toyota,50,5.7,Petrol,yes,Tundra,12,4.17,10.402746539930654,0,0.0,False,True,False,False,False,32950.00000000001
Mercedes-Benz,406,2.2,Diesel,yes,Vito,22,18.45,8.922658299524402,1,2.2,False,True,False,False,False,7500.000000000001
BMW,134,4.4,Petrol,yes,X6,16,8.38,10.425253116340452,1,4.4,False,False,False,False,False,33699.99999999995
Mitsubishi,98,1.5,Petrol,yes,Lancer X,15,6.53,9.0300168178449,0,0.0,False,False,True,False,False,8349.999999999984
BMW,350,2.4,Diesel,yes,525,33,10.61,8.318742252692399,1,2.4,False,False,True,False,False,4099.999999999999
BMW,230,2.5,Petrol,yes,525,35,6.57,8.45531778769815,1,2.5,False,False,True,False,False,4699.999999999997
Mercedes-Benz,207,2.2,Diesel,yes,Vito,17,12.18,9.581903928408666,1,2.2,False,False,False,False,True,14500.000000000004
Mercedes-Benz,184,2.2,Diesel,yes,Vito,13,14.15,9.169518377455928,1,2.2,False,False,False,False,True,9600.000000000004
Mercedes-Benz,162,1.8,Diesel,yes,B 180,13,12.46,9.786953736280177,1,1.8,False,False,False,False,True,17800.000000000007
Mercedes-Benz,152,5.0,Gas,yes,G 500,19,8.0,10.596634733096073,1,5.0,False,False,False,False,False,39999.99999999997
Toyota,152,4.0,Gas,yes,Land Cruiser Prado,19,8.0,10.085809109330082,0,0.0,False,False,False,False,False,23999.999999999985
Volkswagen,151,2.0,Petrol,yes,T5 (Transporter),20,7.55,9.02401079378469,0,0.0,False,True,False,False,False,8300.000000000007
BMW,278,2.9,Diesel,no,530,24,11.58,8.242756345714477,1,2.9,False,False,True,False,False,3800.0000000000014
Audi,150,2.0,Petrol,yes,A6,12,12.5,10.221941283654663,1,2.0,False,False,True,False,False,27500.000000000022
Volkswagen,248,2.0,Diesel,no,Passat B6,20,12.4,8.556413904569519,0,0.0,False,False,False,True,False,5200.000000000001
Volkswagen,220,2.0,Other,yes,Passat B5,20,11.0,9.047821442478408,0,0.0,False,False,True,False,False,8500.000000000005
Mercedes-Benz,59,4.6,Petrol,yes,S 500,14,4.21,10.680516217076775,1,4.6,False,False,True,False,False,43499.999999999985
BMW,240,4.4,Gas,yes,X5,23,10.43,9.546812608597396,1,4.4,False,False,False,False,False,14000.0
Mitsubishi,191,3.0,Gas,yes,Pajero Sport,19,10.05,9.35010231435134,0,0.0,False,False,False,False,False,11499.999999999976
BMW,97,4.4,Petrol,yes,750,14,6.93,10.621327345686446,1,4.4,False,False,True,False,False,41000.00000000003
Mercedes-Benz,150,3.0,Diesel,yes,GL 350,12,12.5,11.03488966402723,1,3.0,False,False,False,False,False,62000.000000000044
Audi,143,3.0,Diesel,yes,Q7,15,9.53,10.48849257447637,1,3.0,False,False,False,False,False,35899.99999999997
Mercedes-Benz,199,2.2,Diesel,yes,Vito,24,8.29,9.011889433252344,1,2.2,False,True,False,False,False,8199.999999999998
Mercedes-Benz,107,1.8,Petrol,yes,C-Class,17,6.29,9.75846178048587,1,1.8,False,False,True,False,False,17299.999999999996
Audi,2,1.4,Petrol,yes,A3,9,0.22,10.341710224882464,1,1.4,False,False,True,False,False,30998.99999999997
BMW,230,3.0,Diesel,no,530,22,10.45,8.038834757787749,1,3.0,False,False,True,False,False,3099.000000000001
Audi,250,2.0,Diesel,no,A4,19,13.16,8.648221453822641,1,2.0,False,False,False,True,False,5699.999999999998
Volkswagen,178,1.8,Gas,yes,Passat B5,24,7.42,8.909235279192261,0,0.0,False,False,True,False,False,7400.0
Toyota,180,2.5,Diesel,yes,Hilux,18,10.0,9.581903928408666,0,0.0,False,True,False,False,False,14500.000000000004
Volkswagen,214,1.9,Diesel,yes,T4 (Transporter),24,8.92,8.895629627136483,0,0.0,False,False,False,False,True,7300.000000000002
Mercedes-Benz,120,3.0,Diesel,yes,ML 350,15,8.0,10.42821608147111,1,3.0,False,False,False,False,False,33799.999999999985
BMW,330,3.0,Diesel,no,530,25,13.2,8.268731832117737,1,3.0,False,False,True,False,False,3899.9999999999977
Volkswagen,274,2.5,Diesel,yes,T4 (Transporter),24,11.42,9.277999020449997,0,0.0,False,False,False,False,True,10699.99999999999
Audi,177,4.2,Petrol,yes,A8,17,10.41,9.786953736280177,1,4.2,False,False,True,False,False,17800.000000000007
Mitsubishi,167,3.0,Gas,yes,Pajero Wagon,17,9.82,9.581903928408666,0,0.0,False,False,False,False,False,14500.000000000004
Mercedes-Benz,83,2.2,Diesel,yes,E-Class,13,6.38,10.305613759378778,1,2.2,False,False,True,False,False,29900.0
Mercedes-Benz,330,2.2,Diesel,yes,Vito,24,13.75,8.99961934066053,1,2.2,False,False,False,False,True,8099.999999999999
Mercedes-Benz,64,1.6,Petrol,yes,CLA 200,12,5.33,10.292145542327912,1,1.6,False,False,True,False,False,29500.000000000025
Mercedes-Benz,198,2.2,Diesel,yes,Vito,14,14.14,9.449357272446685,1,2.2,False,True,False,False,False,12700.000000000027
Volkswagen,250,1.9,Diesel,no,Golf III,31,8.06,7.089243155027514,0,0.0,True,False,False,False,False,1198.9999999999998
Volkswagen,250,1.9,Diesel,yes,T5 (Transporter),16,15.62,9.47262771040802,0,0.0,False,False,False,False,True,12999.000000000007
Audi,0,1.4,Petrol,yes,Q3,9,0.0,10.446377090555934,1,1.4,False,False,True,False,False,34419.45
Mitsubishi,145,2.0,Petrol,yes,Lancer X,16,9.06,9.0595174822416,0,0.0,False,False,True,False,False,8600.0
Renault,106,2.0,Diesel,yes,Trafic,12,8.83,9.254357257392956,0,0.0,False,False,False,False,True,10449.999999999984
Mercedes-Benz,145,2.2,Diesel,yes,Vito,15,9.67,9.786953736280177,1,2.2,False,False,False,False,True,17800.000000000007
Audi,215,2.5,Diesel,no,A6,24,8.96,8.174702882469461,1,2.5,False,False,True,False,False,3549.999999999998
Mercedes-Benz,0,2.99,Diesel,yes,GLS 350,9,0.0,11.652678711655406,1,2.99,False,False,False,False,False,114999.00000000007
Renault,190,1.5,Diesel,yes,Laguna,12,15.83,9.503009985939002,0,0.0,False,False,False,True,False,13399.99999999999
BMW,350,2.5,Diesel,yes,525,27,12.96,7.718685495198466,1,2.5,False,False,True,False,False,2250.0000000000005
Mitsubishi,115,3.0,Petrol,yes,Outlander XL,17,6.76,9.61573881119536,0,0.0,False,False,False,False,False,14999.00000000001
Volkswagen,140,2.0,Diesel,yes,T6 (Transporter) ,14,10.0,9.268609280100158,0,0.0,False,False,False,False,True,10599.999999999993
Audi,119,2.0,Diesel,yes,Q5,12,9.92,10.4341158035983,1,2.0,False,False,False,False,False,34000.00000000003
BMW,65,2.0,Petrol,yes,520,12,5.42,10.419300717813158,1,2.0,False,False,True,False,False,33500.00000000001
Audi,122,2.0,Petrol,yes,A6,14,8.71,10.034515814942532,1,2.0,False,False,True,False,False,22799.999999999996
BMW,0,2.0,Diesel,yes,X5,9,0.0,11.107450356812064,1,2.0,False,False,False,False,False,66666.00000000004
Audi,185,3.6,Petrol,yes,Q7,17,10.88,9.825526011066415,1,3.6,False,False,False,False,False,18499.999999999985
Volkswagen,192,2.5,Diesel,yes,Multivan,18,10.67,9.792555991828849,0,0.0,False,False,True,False,False,17900.00000000004
Mercedes-Benz,190,2.2,Diesel,yes,Vito,26,7.31,8.846496938558838,1,2.2,False,True,False,False,False,6950.000000000001
Mercedes-Benz,1,3.0,Diesel,yes,GLS 350,9,0.11,11.56171562913966,1,3.0,False,False,False,False,False,105000.00000000004
Renault,107,2.0,Diesel,yes,Trafic,12,8.92,9.392578591964387,0,0.0,False,False,False,False,True,11998.99999999998
Renault,189,1.9,Diesel,yes,Trafic,20,9.45,8.987196820661973,0,0.0,False,False,False,False,True,8000.0
BMW,280,3.0,Other,no,730,26,10.77,8.433811582477187,1,3.0,False,False,True,False,False,4600.000000000003
Renault,242,1.5,Diesel,yes,Megane,18,13.44,8.909235279192261,0,0.0,False,False,False,True,False,7400.0
Audi,147,3.0,Diesel,yes,Q7,17,8.65,10.221941283654663,1,3.0,False,False,False,False,False,27500.000000000022
Toyota,85,4.0,Petrol,yes,Land Cruiser Prado,18,4.72,10.221941283654663,0,0.0,False,False,False,False,False,27500.000000000022
Volkswagen,196,1.6,Diesel,yes,Caddy,14,14.0,9.190137664658664,0,0.0,False,False,False,False,True,9800.000000000007
Volkswagen,173,3.0,Diesel,yes,Touareg,17,10.18,9.95227771670556,0,0.0,False,False,False,False,False,20999.999999999985
Audi,199,2.7,Petrol,yes,A6 Allroad,22,9.05,9.104979856318357,1,2.7,False,False,False,True,False,9000.000000000004
Audi,100,6.0,Diesel,yes,Q7,16,6.25,10.915088464214609,1,6.0,False,False,False,False,False,55000.00000000005
Mercedes-Benz,65,4.5,Petrol,yes,GL 450,15,4.33,10.568749529606537,1,4.5,False,False,False,False,False,38899.99999999996
Renault,180,1.4,Gas,yes,Logan,19,9.47,8.294049640102028,0,0.0,False,False,True,False,False,3999.9999999999995
Toyota,152,2.0,Petrol,yes,Avensis,16,9.5,9.495519314209846,0,0.0,False,False,True,False,False,13300.000000000005
Volkswagen,108,3.0,Diesel,yes,Touareg,13,8.31,10.448714603019452,0,0.0,False,False,False,False,False,34500.00000000003
BMW,24,2.0,Petrol,yes,X1,13,1.85,10.126591103050316,1,2.0,False,False,False,True,False,24998.999999999993
Volkswagen,130,1.4,Petrol,yes,Golf V,20,6.5,9.185022563991891,0,0.0,True,False,False,False,False,9749.999999999985
BMW,390,1.8,Gas,yes,318,29,13.45,8.68270762989381,1,1.8,False,False,True,False,False,5899.999999999999
Volkswagen,290,1.9,Diesel,yes,T5 (Transporter) ,21,13.81,8.779557455883728,0,0.0,False,False,False,False,True,6499.999999999995
Volkswagen,127,1.6,Diesel,yes,Golf VI,13,9.77,9.305650551780507,0,0.0,False,False,False,True,False,10999.999999999998
Mercedes-Benz,320,5.0,Petrol,yes,S 500,27,11.85,9.84161214881804,1,5.0,False,False,True,False,False,18799.999999999993
Volkswagen,222,2.0,Diesel,yes,T5 (Transporter) ,14,15.86,9.525151111816216,0,0.0,False,False,False,False,True,13699.999999999996
Volkswagen,184,2.0,Diesel,yes,Caddy,18,10.22,9.047821442478408,0,0.0,False,False,False,False,True,8500.000000000005
Volkswagen,4,1.6,Other,yes,Jetta,9,0.44,9.857443614034722,0,0.0,False,False,True,False,False,19100.000000000007
Renault,70,1.5,Diesel,yes,Sandero,12,5.83,9.230142999272362,0,0.0,True,False,False,False,False,10199.99999999999
BMW,310,2.0,Gas,yes,520,25,12.4,8.961879012677683,1,2.0,False,False,True,False,False,7799.999999999996
Mercedes-Benz,273,2.7,Diesel,yes,E-Class,25,10.92,9.121509158269568,1,2.7,False,False,True,False,False,9150.000000000007
Renault,268,1.5,Diesel,yes,Grand Scenic,17,15.76,8.974618038455112,0,0.0,False,False,False,False,True,7899.999999999996
Toyota,40,4.5,Diesel,yes,Land Cruiser 200,11,3.64,11.184421397998191,0,0.0,False,False,False,False,False,71999.99999999991
Mercedes-Benz,52,3.0,Diesel,yes,ML 350,12,4.33,10.809727948556782,1,3.0,False,False,False,False,False,49500.00000000002
Volkswagen,90,3.0,Diesel,yes,Phaeton,14,6.43,10.714417768752456,0,0.0,False,False,True,False,False,44999.999999999985
Renault,141,2.0,Diesel,yes,Trafic,14,10.07,9.02401079378469,0,0.0,False,False,False,False,True,8300.000000000007
Renault,156,1.5,Diesel,yes,Kangoo,19,8.21,8.536995818712418,0,0.0,False,False,False,True,False,5100.000000000005
Toyota,116,2.4,Petrol,yes,Camry,16,7.25,9.635608107380529,0,0.0,False,True,False,False,False,15300.000000000031
Volkswagen,142,2.0,Diesel,yes,Caddy,19,7.47,8.895629627136483,0,0.0,False,False,False,False,True,7300.000000000002
Toyota,98,1.6,Gas,yes,Auris,12,8.17,9.595602772766828,0,0.0,True,False,False,False,False,14700.000000000002
Mercedes-Benz,197,2.2,Diesel,yes,Vito,22,8.95,8.974618038455112,1,2.2,False,True,False,False,False,7899.999999999996
Volkswagen,243,1.9,Diesel,no,Passat B5,26,9.35,7.972466015974565,0,0.0,False,False,False,True,False,2899.9999999999977
BMW,237,2.5,Petrol,yes,525,35,6.77,8.070906088787819,1,2.5,False,False,True,False,False,3200.0000000000027
Mercedes-Benz,160,2.7,Diesel,no,E-Class,25,6.4,8.389359819906353,1,2.7,False,False,True,False,False,4400.000000000004
Toyota,107,4.0,Petrol,yes,Land Cruiser Prado,19,5.63,9.94270826568941,0,0.0,False,False,False,False,False,20800.000000000007
Toyota,98,2.2,Diesel,yes,Rav 4,12,8.17,10.232791299678729,0,0.0,False,False,False,False,False,27800.000000000007
Audi,171,2.0,Diesel,yes,A6,17,10.06,9.711115659888671,1,2.0,False,False,False,True,False,16499.999999999985
Renault,67,1.6,Petrol,yes,Scenic,13,5.15,9.259130536145614,0,0.0,False,False,False,False,True,10499.999999999993
Mitsubishi,107,3.0,Gas,yes,Pajero Wagon,17,6.29,9.74090979777877,0,0.0,False,False,False,False,False,16998.999999999996
Audi,92,2.8,Petrol,yes,A6,12,7.67,10.46310334047155,1,2.8,False,False,True,False,False,34999.99999999997
Mercedes-Benz,142,3.5,Petrol,yes,ML 350,17,8.35,9.975808214115752,1,3.5,False,False,False,False,False,21499.999999999945
Mercedes-Benz,264,2.2,Other,yes,Vito,16,16.5,9.667765219015058,1,2.2,False,True,False,False,False,15799.999999999995
BMW,30,4.4,Petrol,yes,550,11,2.73,11.23261614684786,1,4.4,False,False,True,False,False,75554.99999999997
Toyota,180,2.0,Petrol,yes,Rav 4,22,8.18,9.093806555720231,0,0.0,False,True,False,False,False,8900.000000000002
Renault,189,1.5,Diesel,yes,Kangoo,17,11.12,8.748304912379623,0,0.0,False,False,False,True,False,6299.999999999996
Mitsubishi,109,3.2,Diesel,yes,Pajero Wagon,16,6.81,9.9281801651265,0,0.0,False,False,False,False,False,20500.000000000015
Volkswagen,165,1.9,Diesel,yes,Caddy,15,11.0,9.332558004700433,0,0.0,False,False,False,False,True,11300.000000000007
Volkswagen,63,3.0,Diesel,yes,Touareg,11,5.73,10.657259354912508,0,0.0,False,False,False,False,False,42499.99999999999
Toyota,95,3.5,Gas,yes,Highlander,14,6.79,10.23995978915734,0,0.0,False,False,False,False,False,27999.999999999953
Mitsubishi,38,1.8,Petrol,yes,ASX,13,2.92,9.769956159911606,0,0.0,False,False,False,False,False,17500.000000000015
Volkswagen,282,2.5,Diesel,yes,T4 (Transporter),25,11.28,8.961879012677683,0,0.0,False,False,False,False,True,7799.999999999996
Mercedes-Benz,1,2.2,Diesel,yes,GLE-Class,9,0.11,11.225230059096225,1,2.2,False,False,False,False,False,74999.00000000001
Renault,39,1.5,Diesel,yes,Kangoo,11,3.55,9.230142999272362,0,0.0,False,True,False,False,False,10199.99999999999
BMW,179,3.0,Diesel,yes,730,18,9.94,10.021270588192513,1,3.0,False,False,True,False,False,22500.00000000003
Mercedes-Benz,60,3.0,Diesel,yes,CLS 350,13,4.62,10.873830768729864,1,3.0,False,False,True,False,False,52776.99999999991
Toyota,127,3.5,Other,yes,Sienna,18,7.06,9.564512185696795,0,0.0,False,False,False,False,True,14249.999999999984
Toyota,156,4.0,Gas,yes,Land Cruiser Prado,18,8.67,10.173514689749188,0,0.0,False,False,False,False,False,26200.000000000004
Volkswagen,299,2.5,Diesel,yes,T4 (Transporter),23,13.0,9.190137664658664,0,0.0,False,False,False,False,True,9800.000000000007
Mercedes-Benz,0,2.2,Diesel,yes,Vito,9,0.0,10.770588040219511,1,2.2,False,False,False,False,True,47600.0
Volkswagen,357,2.5,Diesel,yes,T4 (Transporter) ,22,16.23,9.071078304642676,0,0.0,False,True,False,False,False,8700.000000000004
BMW,147,3.0,Diesel,yes,X5,17,8.65,10.325481962595504,1,3.0,False,False,False,False,False,30500.000000000022
Renault,177,1.5,Diesel,yes,Laguna,13,13.62,9.367344120785848,0,0.0,False,False,False,True,False,11700.000000000007
Mercedes-Benz,177,2.0,Diesel,no,B 200,17,10.41,8.764053269347762,1,2.0,True,False,False,False,False,6399.9999999999945
BMW,80,3.0,Petrol,yes,X5,14,5.71,10.502324053624832,1,3.0,False,False,False,False,False,36400.000000000015
Audi,0,3.0,Diesel,yes,Q7,10,0.0,11.225243392518449,1,3.0,False,False,False,False,False,75000.00000000009
Volkswagen,195,1.2,Gas,yes,Polo,21,9.29,8.699514748210191,0,0.0,True,False,False,False,False,5999.999999999995
Mercedes-Benz,248,2.2,Diesel,yes,Vito,22,11.27,8.496990484098719,1,2.2,False,False,False,False,True,4900.000000000004
Mercedes-Benz,288,3.2,Gas,yes,E-Class,24,12.0,8.85352256068954,1,3.2,False,False,True,False,False,6998.999999999996
Volkswagen,171,1.6,Diesel,yes,Caddy,14,12.21,9.20029003612268,0,0.0,False,True,False,False,False,9899.999999999995
Volkswagen,189,1.8,Petrol,yes,Vento,32,5.91,8.160518247477505,0,0.0,False,False,True,False,False,3499.9999999999995
BMW,200,2.0,Petrol,no,520,25,8.0,7.467371066917559,1,2.0,False,False,False,True,False,1749.999999999998
Renault,230,1.5,Diesel,yes,Kangoo,18,12.78,8.433811582477187,0,0.0,False,False,True,False,False,4600.000000000003
Volkswagen,220,1.9,Diesel,yes,Caddy,17,12.94,9.190137664658664,0,0.0,False,False,False,False,True,9800.000000000007
Renault,135,1.5,Diesel,yes,Kangoo,13,10.38,8.691146498539675,0,0.0,False,False,False,False,True,5949.999999999998
Renault,120,1.5,Diesel,yes,Kangoo,13,9.23,8.909235279192261,0,0.0,False,False,False,False,True,7400.0
Audi,217,1.8,Petrol,yes,A4,18,12.06,9.457200449907708,1,1.8,False,False,True,False,False,12799.99999999999
Volkswagen,59,1.6,Gas,yes,Polo,12,4.92,9.104979856318357,0,0.0,False,False,True,False,False,9000.000000000004
Mitsubishi,52,2.0,Petrol,yes,Outlander,12,4.33,9.830916859701292,0,0.0,False,False,False,False,False,18599.99999999998
BMW,340,2.5,Diesel,no,525,25,13.6,8.268731832117737,1,2.5,False,False,True,False,False,3899.9999999999977
Audi,0,3.0,Diesel,yes,Q7,9,0.0,11.431953992795105,1,3.0,False,False,False,False,False,92222.00000000009
Volkswagen,314,2.4,Diesel,yes,T4 (Transporter),32,9.81,8.594154232552366,0,0.0,False,True,False,False,False,5400.000000000003
Audi,250,2.0,Diesel,yes,A6,17,14.71,9.680344001221918,1,2.0,False,False,True,False,False,16000.000000000002
Volkswagen,304,1.9,Diesel,no,Touran,19,16.0,8.160518247477505,0,0.0,False,True,False,False,False,3499.9999999999995
Mercedes-Benz,270,2.8,Gas,yes,E-Class,26,10.38,8.779557455883728,1,2.8,False,False,True,False,False,6499.999999999995
Mercedes-Benz,300,4.3,Gas,yes,E-Class,25,12.0,8.85366542803745,1,4.3,False,False,True,False,False,6999.999999999999
Renault,121,1.5,Diesel,yes,Megane,12,10.08,9.25903529351494,0,0.0,False,False,False,True,False,10498.99999999998
Renault,111,2.5,Gas,yes,Koleos,15,7.4,9.539644119118783,0,0.0,False,False,False,False,False,13900.000000000002
BMW,220,2.5,Petrol,yes,323,28,7.86,8.764053269347762,1,2.5,False,True,False,False,False,6399.9999999999945
BMW,246,3.0,Diesel,yes,530,22,11.18,9.287301413112312,1,3.0,False,False,True,False,False,10800.000000000007
BMW,130,2.0,Petrol,yes,118,18,7.22,9.449357272446685,1,2.0,True,False,False,False,False,12700.000000000027
BMW,140,2.0,Diesel,yes,520,13,10.77,10.558413520275876,1,2.0,False,False,True,False,False,38500.0
Mitsubishi,150,1.6,Petrol,yes,Lancer,20,7.5,8.699348067653093,0,0.0,False,False,True,False,False,5998.999999999996
Renault,77,1.6,Petrol,yes,Megane,14,5.5,9.159047077588632,0,0.0,True,False,False,False,False,9499.999999999995
Volkswagen,196,2.0,Diesel,yes,T5 (Transporter) ,14,14.0,9.392661928770137,0,0.0,False,False,False,False,True,11999.999999999993
Mercedes-Benz,117,5.5,Petrol,yes,S 550,15,7.8,10.563594879017874,1,5.5,False,False,True,False,False,38700.00000000002
Mercedes-Benz,119,6.3,Petrol,yes,ML 63 AMG,17,7.0,10.596634733096073,1,6.3,False,True,False,False,False,39999.99999999997
Mercedes-Benz,311,2.2,Diesel,yes,Vito,26,11.96,8.83927669058535,1,2.2,False,True,False,False,False,6899.999999999999
Audi,43,1.8,Petrol,yes,A4,13,3.31,10.09823162932864,1,1.8,False,False,True,False,False,24299.999999999985
Mitsubishi,165,3.0,Gas,yes,Pajero Wagon,18,9.17,9.78131991856192,0,0.0,False,False,False,False,False,17699.999999999985
Toyota,153,2.7,Gas,yes,Land Cruiser Prado,19,8.05,9.85214162518454,0,0.0,False,False,False,False,False,18999.000000000004
BMW,200,4.4,Petrol,yes,740,24,8.33,9.02401079378469,1,4.4,False,False,True,False,False,8300.000000000007
Toyota,80,4.0,Gas,yes,FJ Cruiser,17,4.71,10.126631103850338,0,0.0,False,False,False,False,False,25000.0
Mitsubishi,142,2.4,Gas,yes,Outlander XL,17,8.35,9.43340392009022,0,0.0,False,False,False,False,False,12498.999999999969
BMW,340,2.4,Diesel,yes,524,37,9.19,7.972121128921655,1,2.4,False,False,True,False,False,2898.999999999999
BMW,95,4.5,Petrol,yes,645,20,4.75,9.898475010712584,1,4.5,False,True,False,False,False,19900.000000000007
Audi,44,3.0,Diesel,yes,Q7,11,4.0,10.839580911706465,1,3.0,False,False,False,False,False,51000.0000000001
Audi,0,2.98,Diesel,yes,Q7,9,0.0,11.31446233105008,1,2.98,False,False,False,False,False,81999.00000000022
BMW,400,3.5,Gas,yes,735,26,15.38,9.159047077588632,1,3.5,False,False,True,False,False,9499.999999999995
Mitsubishi,99,2.0,Gas,yes,Outlander,17,5.82,9.230142999272362,0,0.0,False,False,False,False,False,10199.99999999999
Mercedes-Benz,260,2.2,Diesel,no,Vito,21,12.38,8.612503371220562,1,2.2,False,False,False,False,True,5499.999999999999
Volkswagen,74,1.8,Petrol,yes,Passat CC,14,5.29,9.825526011066415,0,0.0,False,False,True,False,False,18499.999999999985
Volkswagen,200,2.5,Diesel,yes,T4 (Transporter),22,9.09,9.323669057283183,0,0.0,False,False,False,False,True,11199.99999999997
BMW,320,2.0,Diesel,no,320,25,12.8,8.038834757787749,1,2.0,False,False,True,False,False,3099.000000000001
Audi,65,2.0,Petrol,yes,TT,14,4.64,10.21464198117305,1,2.0,False,True,False,False,False,27299.99999999999
Mitsubishi,120,2.4,Gas,yes,Galant,19,6.32,9.179881164491476,0,0.0,False,False,True,False,False,9700.000000000022
Mitsubishi,127,3.0,Gas,yes,Pajero Wagon,17,7.47,9.846917201047734,0,0.0,False,False,False,False,False,18900.00000000001
Audi,67,2.0,Petrol,yes,Q5,14,4.79,10.419300717813158,1,2.0,False,False,False,False,False,33500.00000000001
Volkswagen,400,1.9,Diesel,yes,T4 (Transporter),30,13.33,8.612503371220562,0,0.0,False,False,False,False,True,5499.999999999999
Volkswagen,270,1.8,Gas,yes,Passat B5,28,9.64,8.575462099540212,0,0.0,False,False,True,False,False,5299.999999999996
Toyota,200,4.0,Petrol,yes,Land Cruiser Prado,18,11.11,10.146433731146518,0,0.0,False,False,False,False,False,25500.0
Toyota,125,3.5,Gas,yes,Highlander,12,10.42,10.071541137532378,0,0.0,False,False,False,False,False,23660.00000000001
Mitsubishi,170,1.6,Petrol,yes,Lancer,18,9.44,8.68270762989381,0,0.0,False,False,True,False,False,5899.999999999999
Volkswagen,150,2.0,Diesel,yes,Passat B7,13,11.54,9.674074388208323,0,0.0,False,False,True,False,False,15900.000000000007
Mercedes-Benz,0,2.98,Diesel,yes,GLE-Class,9,0.0,11.57118493908744,1,2.98,False,False,False,False,False,105998.99999999996
Mercedes-Benz,170,2.2,Diesel,yes,Vito,15,11.33,9.825526011066415,1,2.2,False,False,False,False,True,18499.999999999985
BMW,0,3.0,Diesel,yes,X6,9,0.0,11.373651903317787,1,3.0,False,False,False,False,False,86998.99999999997
BMW,170,2.0,Diesel,yes,520,14,12.14,10.232791299678729,1,2.0,False,False,True,False,False,27800.000000000007
Volkswagen,275,2.5,Diesel,yes,T4 (Transporter),23,11.96,9.104979856318357,0,0.0,False,False,False,False,True,9000.000000000004
Toyota,185,3.5,Petrol,yes,Camry,17,10.88,9.409191230721348,0,0.0,False,False,True,False,False,12199.999999999996
Toyota,200,2.2,Petrol,yes,Camry,26,7.69,8.66561319653451,0,0.0,False,False,True,False,False,5799.999999999996
Volkswagen,164,2.0,Diesel,yes,T5 (Transporter) ,12,13.67,9.581834960513191,0,0.0,False,False,False,False,True,14498.999999999965
Audi,170,3.0,Diesel,yes,Q7,15,11.33,10.51867319162636,1,3.0,False,True,False,False,False,36999.99999999997
Volkswagen,199,1.8,Petrol,yes,Golf III,29,6.86,8.411832675758411,0,0.0,True,False,False,False,False,4500.000000000001
Audi,327,4.2,Gas,yes,A8,25,13.08,8.788418084315925,1,4.2,False,False,True,False,False,6557.849999999999
Renault,219,1.6,Gas,yes,Megane,18,12.17,8.824677891164198,0,0.0,False,False,True,False,False,6799.999999999999
BMW,97,3.0,Diesel,yes,X6,15,6.47,10.542706391070515,1,3.0,False,False,False,False,False,37899.99999999991
Audi,176,3.0,Diesel,yes,A6,20,8.8,9.560997243589352,1,3.0,False,False,True,False,False,14199.999999999995
Mitsubishi,94,1.5,Gas,yes,Lancer X,15,6.27,9.143131622282732,0,0.0,False,False,True,False,False,9349.999999999996
Toyota,283,1.3,Petrol,yes,Corolla,31,9.13,8.039157390473237,0,0.0,True,False,False,False,False,3099.9999999999986
Mitsubishi,100,3.2,Diesel,yes,Pajero Wagon,14,7.14,9.035986984831403,0,0.0,False,False,False,False,False,8399.999999999987
Audi,35,2.0,Petrol,yes,A4 Allroad,12,2.92,10.330387941364355,1,2.0,False,False,False,True,False,30649.999999999935
Audi,298,2.4,Gas,yes,A6,26,11.46,9.0825070004663,1,2.4,False,False,True,False,False,8800.000000000024
Mitsubishi,254,3.0,Petrol,yes,Pajero Sport,23,11.04,8.94884572927805,0,0.0,False,False,False,False,False,7699.000000000003
Renault,136,1.5,Diesel,yes,Kangoo,13,10.46,8.764053269347762,0,0.0,False,False,False,False,True,6399.9999999999945
Volkswagen,44,1.4,Petrol,yes,Golf VI,13,3.38,9.692766521220475,0,0.0,True,False,False,False,False,16200.0
Volkswagen,88,1.8,Gas,yes,Vento,32,2.75,8.318742252692399,0,0.0,False,False,True,False,False,4099.999999999999
Mercedes-Benz,235,2.2,Diesel,yes,C-Class,26,9.04,8.824677891164198,1,2.2,False,False,True,False,False,6799.999999999999
Volkswagen,75,1.6,Petrol,yes,Polo,13,5.77,9.268609280100158,0,0.0,False,False,True,False,False,10599.999999999993
Toyota,149,2.0,Petrol,yes,Rav 4,19,7.84,9.472704636443671,0,0.0,False,False,False,False,False,12999.999999999967
Toyota,248,2.0,Petrol,yes,Avensis,24,10.33,8.779557455883728,0,0.0,False,False,True,False,False,6499.999999999995
Audi,181,3.0,Petrol,yes,A6 Allroad,16,11.31,10.146433731146518,1,3.0,False,False,False,True,False,25500.0
Volkswagen,132,2.0,Diesel,yes,Amarok,14,9.43,10.23995978915734,0,0.0,False,False,False,False,False,27999.999999999953
Audi,200,2.5,Diesel,no,A8,24,8.33,8.160518247477505,1,2.5,False,False,True,False,False,3499.9999999999995
Volkswagen,165,2.0,Diesel,yes,Caddy,12,13.75,9.60904937558734,0,0.0,False,False,False,False,True,14899.000000000005
BMW,300,3.0,Diesel,no,530,26,11.54,8.160518247477505,1,3.0,False,False,True,False,False,3499.9999999999995
BMW,272,2.0,Diesel,yes,320,25,10.88,8.160518247477505,1,2.0,False,False,True,False,False,3499.9999999999995
Volkswagen,0,3.0,Diesel,yes,Touareg,9,0.0,11.172376931528394,0,0.0,False,False,False,False,False,71138.00000000001
Renault,1,1.2,Petrol,yes,Logan,9,0.11,9.175639190336833,0,0.0,False,False,True,False,False,9658.940000000004
Volkswagen,178,2.5,Diesel,yes,T6 (Transporter),18,9.89,9.472704636443671,0,0.0,False,False,False,False,True,12999.999999999967
Toyota,115,1.6,Petrol,yes,Corolla,18,6.39,8.987196820661973,0,0.0,True,False,False,False,False,8000.0
BMW,1,2.0,Diesel,yes,X5,9,0.11,10.941995917134532,1,2.0,False,False,False,False,False,56499.99999999999
Renault,114,1.5,Diesel,yes,Kangoo,13,8.77,9.179881164491476,0,0.0,False,False,False,True,False,9700.000000000022
Mercedes-Benz,176,1.4,Petrol,yes,A 140,21,8.38,8.895629627136483,1,1.4,True,False,False,False,False,7300.000000000002
Renault,190,1.5,Diesel,yes,Megane,16,11.88,9.104979856318357,0,0.0,False,False,False,True,False,9000.000000000004
Volkswagen,96,2.5,Petrol,yes,Passat B7,12,8.0,9.792555991828849,0,0.0,False,False,True,False,False,17900.00000000004
Volkswagen,147,2.0,Petrol,yes,Passat B6,18,8.17,9.277999020449997,0,0.0,False,False,True,False,False,10699.99999999999
Mercedes-Benz,186,3.2,Petrol,yes,E-Class,22,8.45,9.358760377094455,1,3.2,False,False,True,False,False,11599.999999999993
Volkswagen,275,2.5,Diesel,yes,T5 (Transporter),17,16.18,9.615805480084347,0,0.0,False,False,False,False,True,15000.000000000004
Volkswagen,200,1.4,Petrol,yes,Golf V,20,10.0,9.0300168178449,0,0.0,True,False,False,False,False,8349.999999999984
Mercedes-Benz,199,5.0,Petrol,yes,S 500,29,6.86,8.948975607841776,1,5.0,False,False,True,False,False,7700.0000000000055
Audi,55,6.3,Petrol,yes,A8,13,4.23,11.184421397998191,1,6.3,False,False,True,False,False,71999.99999999991
Mitsubishi,149,3.0,Gas,yes,Pajero Wagon,17,8.76,9.769899015421748,0,0.0,False,False,False,False,False,17499.00000000001
Renault,141,1.5,Diesel,yes,Megane,12,11.75,9.332558004700433,0,0.0,False,False,False,True,False,11300.000000000007
Toyota,168,1.6,Petrol,yes,Corolla,17,9.88,9.047821442478408,0,0.0,False,False,True,False,False,8500.000000000005
Mercedes-Benz,212,2.2,Diesel,yes,E-Class,17,12.47,9.581214035314728,1,2.2,False,False,False,True,False,14490.000000000002
Volkswagen,176,2.0,Diesel,yes,T5 (Transporter) ,14,12.57,9.392578591964387,0,0.0,False,False,False,False,True,11998.99999999998
Volkswagen,217,1.6,Gas,yes,Golf III,28,7.75,8.366370301681654,0,0.0,True,False,False,False,False,4300.0
BMW,33,2.0,Diesel,yes,X1,11,3.0,10.477287975463508,1,2.0,False,False,False,False,False,35500.00000000002
Toyota,421,1.3,Gas,yes,Corolla,37,11.38,7.937374696163295,0,0.0,False,True,False,False,False,2799.9999999999995
BMW,0,2.0,Petrol,yes,520,9,0.0,10.544716243314603,1,2.0,False,False,True,False,False,37976.249999999956
Renault,183,2.5,Diesel,yes,Trafic,19,9.63,9.259130536145614,0,0.0,False,False,False,False,True,10499.999999999993
Toyota,1,4.5,Diesel,yes,Land Cruiser 200,9,0.11,11.225230059096225,0,0.0,False,False,False,False,False,74999.00000000001
Renault,125,1.5,Diesel,yes,Kangoo,13,9.62,8.895629627136483,0,0.0,False,False,False,False,True,7300.000000000002
Mitsubishi,140,2.4,Petrol,yes,Outlander XL,18,7.78,9.409191230721348,0,0.0,False,False,False,False,False,12199.999999999996
Mercedes-Benz,199,2.2,Diesel,yes,Vito,16,12.44,9.517825071724143,1,2.2,False,False,False,False,True,13599.999999999998
Audi,280,2.3,Gas,yes,100,33,8.48,8.517193191416238,1,2.3,False,False,True,False,False,5000.000000000004
Renault,188,2.0,Diesel,yes,Trafic,17,11.06,9.457200449907708,0,0.0,False,True,False,False,False,12799.99999999999
Volkswagen,184,2.0,Diesel,yes,T6 (Transporter) ,13,14.15,9.43340392009022,0,0.0,False,True,False,False,False,12498.999999999969
Mitsubishi,150,2.0,Gas,yes,Galant,29,5.17,7.937374696163295,0,0.0,False,False,True,False,False,2799.9999999999995
Renault,200,1.5,Diesel,yes,Megane,18,11.11,8.895629627136483,0,0.0,False,False,False,False,True,7300.000000000002
Mitsubishi,82,2.0,Petrol,yes,Lancer,18,4.56,8.824677891164198,0,0.0,False,False,True,False,False,6799.999999999999
Mitsubishi,225,2.4,Gas,yes,Outlander,21,10.71,9.159047077588632,0,0.0,False,False,False,False,False,9499.999999999995
Audi,160,1.4,Petrol,yes,A3,14,11.43,9.674074388208323,1,1.4,True,False,False,False,False,15900.000000000007
Volkswagen,180,1.9,Diesel,yes,Caddy,15,12.0,9.093806555720231,0,0.0,False,True,False,False,False,8900.000000000002
Toyota,90,2.5,Gas,yes,Camry,13,6.92,9.6822172456036,0,0.0,False,False,True,False,False,16030.000000000011
BMW,170,2.0,Diesel,yes,520,14,12.14,10.23995978915734,1,2.0,False,False,True,False,False,27999.999999999953
Audi,222,2.5,Diesel,yes,A6,20,11.1,9.277999020449997,1,2.5,False,False,False,True,False,10699.99999999999
Mercedes-Benz,230,2.0,Gas,yes,E-Class,25,9.2,8.85366542803745,1,2.0,False,False,True,False,False,6999.999999999999
Volkswagen,260,2.5,Diesel,yes,T5 (Transporter) ,17,15.29,9.0825070004663,0,0.0,False,False,False,False,True,8800.000000000024
Volkswagen,20,2.0,Diesel,yes,Tiguan,11,1.82,10.46310334047155,0,0.0,False,False,False,False,False,34999.99999999997
Audi,200,2.7,Diesel,yes,A6,19,10.53,8.987196820661973,1,2.7,False,False,False,True,False,8000.0
Mercedes-Benz,260,2.2,Diesel,yes,E-Class,17,15.29,9.64212278840172,1,2.2,False,False,True,False,False,15399.999999999985
Volkswagen,325,1.8,Gas,yes,Passat B5,22,14.77,8.942460926820582,0,0.0,False,False,True,False,False,7650.000000000001
Mitsubishi,52,2.0,Petrol,yes,Outlander,17,3.06,9.268609280100158,0,0.0,False,False,False,False,False,10599.999999999993
Renault,192,1.5,Diesel,yes,Logan,15,12.8,9.011889433252344,0,0.0,False,False,False,True,False,8199.999999999998
BMW,29,2.0,Diesel,yes,520,9,3.22,10.714417768752456,1,2.0,False,False,True,False,False,44999.999999999985
Volkswagen,258,2.5,Diesel,yes,T4 (Transporter) ,24,10.75,8.648045999835,0,0.0,False,False,False,False,True,5699.000000000005
Mercedes-Benz,217,3.7,Gas,yes,Viano,20,10.85,9.487972108574462,1,3.7,False,False,False,False,True,13200.000000000002
Volkswagen,70,2.0,Diesel,yes,Caddy,12,5.83,9.35010231435134,0,0.0,False,False,False,False,True,11499.999999999976
Volkswagen,213,2.0,Diesel,yes,T5 (Transporter) ,13,16.38,9.449357272446685,0,0.0,False,False,False,False,True,12700.000000000027
Volkswagen,62,1.4,Petrol,yes,Polo,13,4.77,9.417354541360508,0,0.0,True,False,False,False,False,12299.999999999989
Mercedes-Benz,100,3.5,Petrol,yes,S 350,15,6.67,10.477287975463508,1,3.5,False,False,True,False,False,35500.00000000002
Audi,210,2.0,Diesel,yes,A4,17,12.35,9.64859530290734,1,2.0,False,False,True,False,False,15500.000000000036
Mercedes-Benz,109,2.2,Diesel,yes,GLK 220,13,8.38,10.404262840448617,1,2.2,False,False,False,False,False,32999.99999999998
BMW,280,2.0,Petrol,yes,320,28,10.0,8.779557455883728,1,2.0,False,False,True,False,False,6499.999999999995
Volkswagen,11,1.9,Other,no,Passat B5,25,0.44,7.762170607138205,0,0.0,False,False,True,False,False,2350.0000000000005
Volkswagen,130,3.6,Gas,yes,Touareg,18,7.22,9.792555991828849,0,0.0,False,False,False,False,False,17900.00000000004
BMW,160,3.0,Diesel,yes,X5,15,10.67,10.448714603019452,1,3.0,False,True,False,False,False,34500.00000000003
Renault,99,2.5,Petrol,yes,Latitude,14,7.07,9.417354541360508,0,0.0,False,False,True,False,False,12299.999999999989
Mercedes-Benz,193,3.5,Other,yes,CLS 350,19,10.16,9.9281801651265,1,3.5,False,False,True,False,False,20500.000000000015
BMW,30,4.4,Petrol,yes,M5,11,2.73,11.23261614684786,1,4.4,False,False,True,False,False,75554.99999999997
Toyota,145,2.4,Petrol,yes,Camry,17,8.53,9.457200449907708,0,0.0,False,False,True,False,False,12799.99999999999
Mercedes-Benz,360,2.2,Diesel,yes,Vito,17,21.18,9.457200449907708,1,2.2,False,True,False,False,False,12799.99999999999
Audi,327,3.7,Petrol,yes,A8,28,11.68,8.83927669058535,1,3.7,False,False,True,False,False,6899.999999999999
Volkswagen,220,2.5,Diesel,yes,Touareg,19,11.58,9.752664662801545,0,0.0,False,False,False,False,False,17200.000000000004
Renault,87,1.4,Petrol,yes,Symbol,12,7.25,8.824677891164198,0,0.0,False,False,True,False,False,6799.999999999999
Audi,80,4.2,Petrol,yes,A8,21,3.81,9.568014816248,1,4.2,False,True,False,False,False,14300.000000000027
Volkswagen,169,1.4,Gas,no,Passat B7,12,14.08,9.358760377094455,0,0.0,False,False,True,False,False,11599.999999999993
Volkswagen,231,2.5,Diesel,yes,T4 (Transporter),23,10.04,9.39182824802156,0,0.0,False,False,False,False,True,11989.99999999999
BMW,8,4.4,Petrol,yes,750,11,0.73,11.261601036639322,1,4.4,False,False,True,False,False,77776.99999999997
Mercedes-Benz,65,1.8,Petrol,yes,E-Class,14,4.64,10.257659366256744,1,1.8,False,True,False,False,False,28500.00000000007
Audi,75,3.0,Diesel,yes,Q7,12,6.25,10.661954199216716,1,3.0,False,False,False,False,False,42699.99999999999
Volkswagen,217,1.9,Diesel,yes,Caddy,19,11.42,8.846496938558838,0,0.0,False,True,False,False,False,6950.000000000001
Volkswagen,117,1.4,Petrol,yes,Polo,18,6.5,8.895629627136483,0,0.0,True,False,False,False,False,7300.000000000002
Mitsubishi,1,2.5,Diesel,yes,Pajero Sport,9,0.11,10.224309386575188,0,0.0,False,False,False,False,False,27565.2
Volkswagen,145,1.6,Diesel,yes,Golf Variant,14,10.36,9.464982590349765,0,0.0,False,False,False,True,False,12900.000000000015
Volkswagen,217,2.3,Petrol,yes,Bora,26,8.35,8.68270762989381,0,0.0,False,False,True,False,False,5899.999999999999
Mercedes-Benz,111,1.4,Petrol,no,A 140,26,4.27,7.863266724009573,1,1.4,True,False,False,False,False,2599.9999999999977
Audi,390,1.9,Diesel,no,A6,27,14.44,7.937017489515454,1,1.9,False,False,False,True,False,2799.0000000000014
Mitsubishi,98,2.5,Diesel,yes,Pajero Sport,14,7.0,9.95227771670556,0,0.0,False,False,False,False,False,20999.999999999985
Audi,231,1.9,Diesel,no,A6,23,10.04,8.51699317141357,1,1.9,False,False,True,False,False,4999.000000000002
Volkswagen,160,1.6,Petrol,yes,Bora,22,7.27,8.83927669058535,0,0.0,False,False,True,False,False,6899.999999999999
Mercedes-Benz,366,3.2,Gas,yes,S 320,34,10.76,8.66561319653451,1,3.2,False,False,True,False,False,5799.999999999996
Mitsubishi,68,1.8,Petrol,yes,ASX,14,4.86,9.6614159913364,0,0.0,False,True,False,False,False,15700.000000000002
Volkswagen,0,3.0,Diesel,yes,Touareg,10,0.0,11.218554404367652,0,0.0,False,False,False,False,False,74500.00000000004
Mercedes-Benz,131,5.5,Gas,yes,S 500,17,7.71,10.03889218954233,1,5.5,False,False,True,False,False,22899.999999999996
Mercedes-Benz,96,3.5,Petrol,yes,ML 350,15,6.4,10.373491181781864,1,3.5,False,False,False,False,False,32000.000000000007
Mercedes-Benz,3,1.6,Petrol,yes,CLA 200,11,0.27,10.471638242921388,1,1.6,False,False,True,False,False,35300.00000000001
Volkswagen,320,1.8,Gas,yes,Passat B5,23,13.91,8.83927669058535,0,0.0,False,False,True,False,False,6899.999999999999
BMW,286,2.8,Petrol,yes,520,24,11.92,8.85366542803745,1,2.8,False,False,True,False,False,6999.999999999999
Volkswagen,92,3.0,Diesel,yes,Touareg,14,6.57,10.485703172388792,0,0.0,False,False,False,False,False,35800.000000000015
Volkswagen,60,1.4,Petrol,yes,Polo,15,4.0,9.277999020449997,0,0.0,True,False,False,False,False,10699.99999999999
BMW,194,3.0,Petrol,yes,X5,18,10.78,10.085767441795335,1,3.0,False,False,False,False,False,23998.99999999997
Volkswagen,300,1.9,Diesel,no,Golf IV,25,12.0,7.90100705199242,0,0.0,True,False,False,False,False,2699.999999999999
Toyota,146,2.7,Gas,yes,Land Cruiser Prado,19,7.68,9.809176873064889,0,0.0,False,False,False,False,False,18200.000000000036
Audi,325,2.5,Diesel,no,A6,25,13.0,7.803843303538772,1,2.5,False,False,False,True,False,2449.9999999999995
Audi,123,1.4,Petrol,yes,A3,15,8.2,9.667765219015058,1,1.4,True,False,False,False,False,15799.999999999995
Volkswagen,176,1.9,Diesel,yes,Passat B5,20,8.8,9.148464968258097,0,0.0,False,False,False,True,False,9400.000000000011
Mitsubishi,230,1.6,Petrol,yes,Space Star,20,11.5,8.66561319653451,0,0.0,False,False,False,True,False,5799.999999999996
Volkswagen,162,1.4,Petrol,yes,Passat B7,13,12.46,9.510370887608827,0,0.0,False,False,True,False,False,13499.000000000004
Volkswagen,0,2.0,Diesel,yes,Passat B8,9,0.0,10.586963113399342,0,0.0,False,False,True,False,False,39615.0
Toyota,40,2.0,Petrol,yes,Rav 4,11,3.64,10.056208639553793,0,0.0,False,False,False,False,False,23300.000000000022
Audi,217,1.9,Diesel,no,A4,29,7.48,7.649692623711514,1,1.9,False,False,True,False,False,2100.0
Mercedes-Benz,337,2.3,Gas,yes,230,37,9.11,7.90100705199242,1,2.3,False,False,True,False,False,2699.999999999999
Volkswagen,16,2.0,Diesel,yes,Caddy,20,0.8,8.809862805379057,0,0.0,False,False,False,False,True,6699.9999999999945
BMW,0,2.0,Diesel,yes,X1,9,0.0,10.672744717741898,1,2.0,False,False,False,False,False,43163.25000000004
Toyota,92,2.2,Diesel,yes,Rav 4,12,7.67,10.252382309155898,0,0.0,False,False,False,False,False,28350.0
Toyota,90,2.7,Gas,yes,Land Cruiser Prado,15,6.0,10.292145542327912,0,0.0,False,False,False,False,False,29500.000000000025
Volkswagen,258,1.9,Diesel,yes,Passat B5,21,12.29,9.011889433252344,0,0.0,False,False,True,False,False,8199.999999999998
Mercedes-Benz,269,2.2,Diesel,yes,Sprinter 313,19,14.16,9.305559638557115,1,2.2,False,True,False,False,False,10998.999999999985
Renault,19,1.2,Petrol,yes,Logan,12,1.58,9.023890304598448,0,0.0,False,False,True,False,False,8298.999999999996
Toyota,105,2.5,Petrol,yes,Camry,12,8.75,9.9281801651265,0,0.0,False,False,True,False,False,20500.000000000015
Volkswagen,168,2.0,Diesel,yes,T5 (Transporter) ,13,12.92,9.581903928408666,0,0.0,False,False,False,False,True,14500.000000000004
Toyota,135,3.5,Gas,yes,Camry,16,8.44,9.75846178048587,0,0.0,False,True,False,False,False,17299.999999999996
Mercedes-Benz,105,5.5,Petrol,yes,S 500,19,5.53,9.836278802842678,1,5.5,False,False,True,False,False,18699.999999999996
Toyota,38,1.33,Petrol,yes,Corolla,11,3.45,9.487972108574462,0,0.0,False,False,True,False,False,13200.000000000002
Volkswagen,200,1.3,Gas,yes,Jetta,34,5.88,7.803843303538772,0,0.0,False,False,True,False,False,2449.9999999999995
Audi,24,2.8,Other,yes,A7,11,2.18,10.915088464214609,1,2.8,True,False,False,False,False,55000.00000000005
Toyota,135,2.4,Gas,yes,Previa,19,7.11,9.903487552536127,0,0.0,False,False,False,False,True,19999.99999999998
Volkswagen,266,1.9,Diesel,yes,Golf III,32,8.31,8.294049640102028,0,0.0,True,False,False,False,False,3999.9999999999995
Mitsubishi,120,3.0,Petrol,yes,Pajero Wagon,17,7.06,9.735068900911164,0,0.0,False,True,False,False,False,16899.999999999993
Mitsubishi,60,1.6,Gas,yes,Lancer X,13,4.62,9.345745008982384,0,0.0,False,False,True,False,False,11449.999999999976
Mercedes-Benz,236,5.0,Petrol,yes,G 500,25,9.44,10.106428396532818,1,5.0,False,False,False,False,False,24500.0
Renault,64,2.0,Gas,yes,Fluence,14,4.57,9.421411342056125,0,0.0,False,False,True,False,False,12350.000000000018
Mercedes-Benz,239,2.3,Petrol,yes,E-Class,29,8.24,8.83927669058535,1,2.3,False,False,True,False,False,6899.999999999999
Toyota,40,2.7,Petrol,yes,Land Cruiser Prado,14,2.86,10.325481962595504,0,0.0,False,False,False,False,False,30500.000000000022
Mitsubishi,105,2.0,Gas,yes,Lancer X,17,6.18,9.0825070004663,0,0.0,False,False,True,False,False,8800.000000000024
Audi,249,2.5,Diesel,yes,A6,21,11.86,9.179881164491476,1,2.5,False,False,True,False,False,9700.000000000022
BMW,33,3.0,Petrol,yes,X5,10,3.3,11.058795184880784,1,3.0,False,False,False,False,False,63500.00000000009
Mitsubishi,96,2.0,Petrol,yes,Lancer X,17,5.65,9.093806555720231,0,0.0,False,False,True,False,False,8900.000000000002
Audi,210,1.8,Gas,no,A4,29,7.24,7.575584651557793,1,1.8,False,False,False,True,False,1950.0000000000005
Audi,190,2.5,Diesel,no,A6,22,8.64,8.389359819906353,1,2.5,False,False,True,False,False,4400.000000000004
Toyota,162,3.5,Gas,yes,Camry,18,9.0,9.429475901892854,0,0.0,False,False,True,False,False,12450.000000000002
Audi,295,2.5,Diesel,no,A6,25,11.8,8.070906088787819,1,2.5,False,False,True,False,False,3200.0000000000027
Audi,294,3.0,Gas,yes,A8,21,14.0,9.441452092939569,1,3.0,False,False,True,False,False,12599.999999999995
Mercedes-Benz,225,2.0,Gas,yes,E-Class,30,7.5,8.389359819906353,1,2.0,False,False,True,False,False,4400.000000000004
Mercedes-Benz,111,2.5,Diesel,yes,E-Class,36,3.08,8.268731832117737,1,2.5,False,False,True,False,False,3899.9999999999977
Volkswagen,101,1.6,Petrol,yes,Polo,13,7.77,9.047703788498628,0,0.0,False,False,True,False,False,8499.000000000018
Mercedes-Benz,230,2.2,Diesel,yes,Vito,24,9.58,8.987196820661973,1,2.2,False,True,False,False,False,8000.0
Volkswagen,250,1.9,Diesel,no,Beetle,25,10.0,8.160518247477505,0,0.0,True,False,False,False,False,3499.9999999999995
Audi,195,2.4,Gas,yes,A6,20,9.75,9.38429367909962,1,2.4,False,False,True,False,False,11899.999999999998
Toyota,43,2.5,Gas,yes,Camry,10,4.3,10.118598932153072,0,0.0,False,False,True,False,False,24799.999999999953
Audi,190,2.5,Diesel,no,A6,23,8.26,8.242756345714477,1,2.5,False,False,False,True,False,3800.0000000000014
Volkswagen,230,1.9,Diesel,yes,Caddy,19,12.11,8.922658299524402,0,0.0,False,False,False,False,True,7500.000000000001
BMW,270,2.8,Petrol,yes,528,27,10.0,9.104868739033948,1,2.8,False,False,True,False,False,8999.0
Volkswagen,326,2.4,Diesel,yes,T4 (Transporter),30,10.87,8.517193191416238,0,0.0,False,False,False,False,True,5000.000000000004
Mercedes-Benz,135,3.5,Petrol,yes,ML 350,18,7.5,9.95227771670556,1,3.5,False,False,False,False,False,20999.999999999985
Renault,142,1.9,Diesel,yes,Kangoo,18,7.89,8.34283980427146,0,0.0,False,False,False,False,True,4200.0
Mitsubishi,160,3.2,Diesel,yes,Pajero Wagon,18,8.89,9.798127036878302,0,0.0,False,False,False,False,False,18000.000000000007
Volkswagen,220,2.5,Diesel,yes,T4 (Transporter),22,10.0,9.047821442478408,0,0.0,False,False,False,False,True,8500.000000000005
Renault,232,1.8,Petrol,yes,Laguna,28,8.29,8.229511118964457,0,0.0,True,False,False,False,False,3750.0
Volkswagen,212,2.0,Gas,yes,Caddy,18,11.78,9.104979856318357,0,0.0,False,True,False,False,False,9000.000000000004
Mitsubishi,235,3.2,Diesel,no,Pajero,24,9.79,8.748304912379623,0,0.0,False,False,False,False,False,6299.999999999996
BMW,297,2.2,Petrol,yes,320,25,11.88,9.035986984831403,1,2.2,False,False,True,False,False,8399.999999999987
Volkswagen,157,2.0,Diesel,yes,T5 (Transporter),15,10.47,9.740968623038354,0,0.0,False,False,False,False,True,17000.00000000001
Volkswagen,240,1.8,Petrol,yes,Jetta,34,7.06,8.006367567650246,0,0.0,False,False,True,False,False,2999.9999999999977
Mercedes-Benz,114,4.7,Petrol,yes,GL 450,18,6.33,9.966462351697515,1,4.7,False,False,False,False,False,21299.999999999978
BMW,230,3.0,Gas,yes,X5,21,10.95,9.711115659888671,1,3.0,False,False,False,False,False,16499.999999999985
Mercedes-Benz,250,2.2,Diesel,yes,Sprinter 311,20,12.5,8.895629627136483,1,2.2,False,True,False,False,False,7300.000000000002
Mercedes-Benz,300,3.0,Diesel,yes,E-Class,26,11.54,7.7406644019172415,1,3.0,False,False,True,False,False,2300.000000000001
BMW,250,4.4,Petrol,yes,540,28,8.93,9.011889433252344,1,4.4,False,False,True,False,False,8199.999999999998
Audi,61,2.8,Petrol,yes,A6,13,4.69,10.46310334047155,1,2.8,False,False,True,False,False,34999.99999999997
Volkswagen,193,1.9,Diesel,yes,Passat B5,23,8.39,8.961879012677683,0,0.0,False,False,False,True,False,7799.999999999996
Volkswagen,157,1.6,Petrol,yes,Golf Plus,17,9.24,9.011889433252344,0,0.0,True,False,False,False,False,8199.999999999998
Audi,45,2.0,Diesel,yes,Q5,11,4.09,10.596609732783568,1,2.0,False,False,False,False,False,39998.99999999999
Renault,173,2.0,Diesel,yes,Trafic,13,13.31,9.38429367909962,0,0.0,False,True,False,False,False,11899.999999999998
Mercedes-Benz,276,2.7,Diesel,no,E-Class,24,11.5,8.1886891244442,1,2.7,False,False,True,False,False,3599.999999999998
Volkswagen,201,1.8,Petrol,yes,Passat B3,34,5.91,8.131236549696116,0,0.0,False,False,True,False,False,3398.9999999999986
BMW,335,2.0,Petrol,no,320,25,13.4,7.882314918980268,1,2.0,False,False,False,True,False,2650.0
Mercedes-Benz,103,1.5,Petrol,yes,A 150,18,5.72,9.367344120785848,1,1.5,True,False,False,False,False,11700.000000000007
BMW,312,2.5,Diesel,no,525,26,12.0,7.843848638152472,1,2.5,False,False,False,True,False,2549.9999999999995
Mercedes-Benz,367,3.2,Diesel,no,E-Class,25,14.68,7.843848638152472,1,3.2,False,False,False,True,False,2549.9999999999995
Audi,32,1.8,Petrol,yes,A4,11,2.91,10.364071959865372,1,1.8,False,False,True,False,False,31700.000000000004
BMW,285,4.8,Petrol,yes,X5,19,15.0,9.9281801651265,1,4.8,False,False,False,False,False,20500.000000000015
Mitsubishi,200,2.4,Petrol,no,Lancer,23,8.7,7.863266724009573,0,0.0,False,True,False,False,False,2599.9999999999977
BMW,250,2.5,Diesel,no,525,25,10.0,7.824046010856292,1,2.5,False,False,False,True,False,2499.9999999999995
Mercedes-Benz,182,2.2,Diesel,yes,Vito,14,13.0,9.487972108574462,1,2.2,False,False,False,False,True,13200.000000000002
Mercedes-Benz,220,3.2,Diesel,yes,GL 320,17,12.94,10.341742483467284,1,3.2,False,False,False,False,False,31000.000000000022
Audi,118,2.0,Petrol,yes,A4 Allroad,12,9.83,10.338511462885837,1,2.0,False,False,False,True,False,30900.0
Mitsubishi,167,1.6,Petrol,yes,Carisma,22,7.59,8.465899897028686,0,0.0,False,False,True,False,False,4749.999999999997
Toyota,118,1.6,Petrol,yes,Auris,17,6.94,9.0994088112689,0,0.0,True,False,False,False,False,8949.999999999987
Renault,177,1.5,Diesel,yes,Grand Scenic,18,9.83,9.02401079378469,0,0.0,False,False,False,False,True,8300.000000000007
Audi,360,2.5,Diesel,yes,A6,28,12.86,8.83927669058535,1,2.5,False,False,True,False,False,6899.999999999999
BMW,71,4.4,Petrol,yes,X5 M,14,5.07,11.156236235215168,1,4.4,False,False,False,False,False,69998.99999999997
Volkswagen,255,1.9,Diesel,no,Passat B5,22,11.59,8.086410275323782,0,0.0,False,False,True,False,False,3249.9999999999973
Volkswagen,91,1.4,Petrol,yes,Golf VI,15,6.07,9.38429367909962,0,0.0,True,False,False,False,False,11899.999999999998
Mitsubishi,114,2.0,Petrol,yes,Eclipse,26,4.38,9.169518377455928,0,0.0,False,True,False,False,False,9600.000000000004
Mercedes-Benz,206,2.1,Diesel,yes,C-Class,14,14.71,9.961756460660103,1,2.1,False,False,False,True,False,21199.99999999999
Toyota,0,4.5,Diesel,yes,Land Cruiser 200,9,0.0,11.54247455842678,0,0.0,False,False,False,False,False,102999.00000000022
Mercedes-Benz,277,2.2,Diesel,yes,Vito,18,15.39,9.38429367909962,1,2.2,False,False,False,False,True,11899.999999999998
Renault,185,1.5,Diesel,yes,Kangoo,17,10.88,9.21024036697585,0,0.0,False,False,False,False,True,9999.0
Renault,57,1.2,Gas,yes,Logan,12,4.75,9.047821442478408,0,0.0,False,False,True,False,False,8500.000000000005
Volkswagen,385,2.4,Diesel,yes,T4 (Transporter),28,13.75,8.779557455883728,0,0.0,False,True,False,False,False,6499.999999999995
Mitsubishi,80,1.5,Petrol,yes,Lancer X,17,4.71,9.071078304642676,0,0.0,False,False,True,False,False,8700.000000000004
Volkswagen,169,1.6,Diesel,yes,Caddy,14,12.07,9.059401196410896,0,0.0,False,False,False,False,True,8598.999999999995
Volkswagen,156,1.6,Diesel,yes,Golf VI,14,11.14,9.449357272446685,0,0.0,True,False,False,False,False,12700.000000000027
Mitsubishi,135,2.0,Gas,yes,Lancer,18,7.5,8.948975607841776,0,0.0,False,False,True,False,False,7700.0000000000055
Mitsubishi,150,2.4,Gas,yes,Galant,18,8.33,9.071078304642676,0,0.0,False,False,True,False,False,8700.000000000004
Mitsubishi,95,2.0,Petrol,yes,Lancer X,18,5.28,9.137769679141348,0,0.0,False,False,True,False,False,9300.000000000007
Mercedes-Benz,238,2.2,Diesel,no,E-Class,24,9.92,8.174702882469461,1,2.2,False,False,True,False,False,3549.999999999998
Audi,151,3.0,Diesel,yes,Q7,18,8.39,10.302263672493496,1,3.0,False,False,False,False,False,29799.99999999999
Renault,202,1.9,Diesel,yes,Kangoo,24,8.42,8.268731832117737,0,0.0,False,False,False,False,True,3899.9999999999977
Volkswagen,345,1.9,Diesel,yes,T5 (Transporter) ,19,18.16,8.85366542803745,0,0.0,False,False,False,False,True,6999.999999999999
Audi,70,2.0,Petrol,yes,TT,16,4.38,9.78131991856192,1,2.0,False,True,False,False,False,17699.999999999985
Toyota,225,3.0,Gas,yes,Camry,21,10.71,9.21024036697585,0,0.0,False,False,True,False,False,9999.0
Audi,180,2.0,Diesel,yes,A5,14,12.86,10.138559674715612,1,2.0,True,False,False,False,False,25300.000000000015
Audi,175,2.0,Gas,yes,A4 Allroad,15,11.67,10.021270588192513,1,2.0,False,False,False,True,False,22500.00000000003
Volkswagen,2,1.6,Petrol,yes,Jetta,10,0.2,9.830916859701292,0,0.0,False,False,True,False,False,18599.99999999998
Mitsubishi,160,2.0,Petrol,yes,Lancer,18,8.89,8.85352256068954,0,0.0,False,False,True,False,False,6998.999999999996
Toyota,281,4.2,Diesel,yes,Land Cruiser 100,26,10.81,9.692766521220475,0,0.0,False,False,False,False,False,16200.0
Toyota,320,4.2,Diesel,yes,Land Cruiser 100,26,12.31,9.798127036878302,0,0.0,False,False,False,False,False,18000.000000000007
Mercedes-Benz,144,2.14,Diesel,yes,E-Class,14,10.29,10.21464198117305,1,2.14,False,False,True,False,False,27299.99999999999
BMW,218,3.0,Diesel,no,X5,19,11.47,9.392661928770137,1,3.0,False,False,False,False,False,11999.999999999993
Volkswagen,280,1.9,Diesel,no,Passat B5,28,10.0,7.495541943884256,0,0.0,False,True,False,False,False,1800.0000000000005
Audi,106,1.8,Petrol,yes,A4,14,7.57,9.9281801651265,1,1.8,False,False,True,False,False,20500.000000000015
Volkswagen,1,1.4,Petrol,yes,Polo,11,0.09,9.25846364715791,0,0.0,False,True,False,False,False,10492.999999999993
BMW,154,3.0,Petrol,yes,330,19,8.11,9.72913416539135,1,3.0,False,False,True,False,False,16800.000000000004
BMW,238,3.0,Diesel,no,730,21,11.33,9.011889433252344,1,3.0,False,False,True,False,False,8199.999999999998
Mercedes-Benz,171,2.2,Diesel,yes,Vito,14,12.21,9.581903928408666,1,2.2,False,False,False,False,True,14500.000000000004
Volkswagen,62,2.0,Diesel,yes,Passat CC,13,4.77,10.106428396532818,0,0.0,False,False,False,False,False,24500.0
Toyota,96,2.4,Gas,yes,Rav 4,17,5.65,9.491752831414368,0,0.0,False,False,True,False,False,13250.000000000002
Toyota,250,3.0,Gas,yes,Camry,27,9.26,8.764053269347762,0,0.0,False,False,True,False,False,6399.9999999999945
Mercedes-Benz,135,5.5,Petrol,yes,S 550,17,7.94,10.292145542327912,1,5.5,False,False,True,False,False,29500.000000000025
Volkswagen,1,5.0,Diesel,yes,Multivan,10,0.1,11.156107653683586,0,0.0,False,False,False,False,True,69990.00000000004
Audi,110,2.5,Diesel,no,A6,23,4.78,7.863266724009573,1,2.5,False,False,False,True,False,2599.9999999999977
Renault,185,1.5,Diesel,yes,Megane,14,13.21,9.259130536145614,0,0.0,False,False,False,True,False,10499.999999999993
Volkswagen,1,2.0,Diesel,yes,Tiguan,10,0.1,10.210972252284089,0,0.0,False,False,False,False,False,27200.0
Mercedes-Benz,360,2.5,Diesel,no,E-Class,36,10.0,7.2078598714324755,1,2.5,False,False,True,False,False,1350.0000000000005
Toyota,139,2.4,Other,yes,Camry,17,8.18,9.539644119118783,0,0.0,False,False,True,False,False,13900.000000000002
BMW,194,4.4,Gas,yes,745,23,8.43,9.457200449907708,1,4.4,False,False,True,False,False,12799.99999999999
Toyota,135,4.0,Gas,yes,Land Cruiser Prado,18,7.5,9.961756460660103,0,0.0,False,False,False,False,False,21199.99999999999
Mercedes-Benz,196,2.0,Gas,yes,E-Class,25,7.84,9.071078304642676,1,2.0,False,False,True,False,False,8700.000000000004
Toyota,165,1.8,Petrol,yes,Avensis,18,9.17,9.0825070004663,0,0.0,False,False,True,False,False,8800.000000000024
Toyota,129,1.8,Petrol,yes,Avensis,16,8.06,9.464982590349765,0,0.0,False,False,True,False,False,12900.000000000015
BMW,339,3.0,Diesel,yes,530,24,14.12,9.159047077588632,1,3.0,False,False,True,False,False,9499.999999999995
BMW,243,3.0,Diesel,yes,530,23,10.57,9.277999020449997,1,3.0,False,False,True,False,False,10699.99999999999
Volkswagen,156,1.6,Diesel,yes,Caddy,13,12.0,9.287301413112312,0,0.0,False,False,False,False,True,10800.000000000007
Mitsubishi,350,2.0,Gas,yes,Galant,36,9.72,7.783224016336037,0,0.0,True,False,False,False,False,2400.0000000000005
Renault,132,1.5,Diesel,yes,Megane,13,10.15,9.495519314209846,0,0.0,False,True,False,False,False,13300.000000000005
BMW,85,3.0,Petrol,yes,X5,15,5.67,10.448714603019452,1,3.0,False,False,False,False,False,34500.00000000003
BMW,20,3.5,Petrol,yes,X6,12,1.67,10.950806546816688,1,3.5,False,True,False,False,False,57000.000000000044
Renault,146,1.5,Diesel,yes,Kangoo,13,11.23,8.881836305004146,0,0.0,False,False,False,False,True,7199.999999999996
Toyota,69,2.5,Gas,yes,Camry,11,6.27,10.060491301345794,0,0.0,False,False,True,False,False,23400.00000000002
Toyota,59,3.0,Diesel,yes,Land Cruiser Prado,11,5.36,10.778956289890028,0,0.0,False,False,False,False,False,47999.99999999998
Volkswagen,1,1.4,Petrol,yes,Golf VI,13,0.08,8.34283980427146,0,0.0,False,False,True,False,False,4200.0
Mercedes-Benz,340,2.4,Gas,yes,E-Class,27,12.59,8.732304571033183,1,2.4,False,True,False,False,False,6199.999999999998
BMW,225,2.5,Petrol,no,523,28,8.04,7.972466015974565,1,2.5,False,False,True,False,False,2899.9999999999977
Mercedes-Benz,199,2.2,Diesel,yes,Vito,14,14.21,9.449357272446685,1,2.2,False,True,False,False,False,12700.000000000027
Audi,140,4.2,Petrol,yes,A6 Allroad,18,7.78,9.74090979777877,1,4.2,False,False,False,True,False,16998.999999999996
Volkswagen,0,1.6,Petrol,yes,Polo,9,0.0,9.544815615934212,0,0.0,False,False,True,False,False,13972.06999999999
Mercedes-Benz,95,6.2,Petrol,yes,S 500,14,6.79,10.643041105910228,1,6.2,False,False,True,False,False,41899.99999999997
Renault,227,1.5,Diesel,yes,Megane,20,11.35,8.8023721336499,0,0.0,False,False,False,True,False,6650.000000000002
Mercedes-Benz,280,2.4,Petrol,yes,E-Class,22,12.73,9.126958763037132,1,2.4,False,True,False,False,False,9200.000000000005
BMW,250,2.5,Petrol,yes,525,19,13.16,9.635608107380529,1,2.5,False,False,True,False,False,15300.000000000031
Volkswagen,100,1.6,Diesel,yes,T3 (Transporter),37,2.7,7.27931883541462,0,0.0,False,False,False,False,True,1450.0
Volkswagen,278,1.9,Diesel,yes,Caddy,20,13.9,8.68270762989381,0,0.0,False,False,False,False,True,5899.999999999999
Mercedes-Benz,282,3.2,Gas,yes,E-Class,32,8.81,8.496990484098719,1,3.2,False,False,True,False,False,4900.000000000004
BMW,260,3.0,Diesel,yes,330,21,12.38,9.464982590349765,1,3.0,False,False,False,True,False,12900.000000000015
Toyota,73,4.0,Gas,yes,FJ Cruiser,16,4.56,10.41430317625212,0,0.0,False,False,False,True,False,33333.00000000008
Volkswagen,127,1.39,Petrol,yes,Polo,18,7.06,8.881836305004146,0,0.0,True,False,False,False,False,7199.999999999996
BMW,1,3.0,Diesel,yes,X6,11,0.09,11.261601036639322,1,3.0,False,False,False,False,False,77776.99999999997
Mercedes-Benz,175,1.4,Petrol,no,A 140,25,7.0,7.7406644019172415,1,1.4,True,False,False,False,False,2300.000000000001
Volkswagen,235,3.2,Gas,yes,Touareg,20,11.75,9.472704636443671,0,0.0,False,False,False,False,False,12999.999999999967
Volkswagen,318,1.9,Diesel,yes,T4 (Transporter) ,32,9.94,8.006367567650246,0,0.0,False,False,False,False,True,2999.9999999999977
Renault,92,1.5,Diesel,yes,Kangoo,12,7.67,8.987071812848821,0,0.0,False,False,False,False,True,7998.999999999996
Mercedes-Benz,250,2.2,Diesel,yes,Vito,20,12.5,9.305650551780507,1,2.2,False,False,False,False,True,10999.999999999998
BMW,23,4.4,Petrol,yes,M5,11,2.09,11.302204433654577,1,4.4,False,False,True,False,False,81000.00000000009
BMW,304,1.9,Gas,no,318,25,12.16,8.242756345714477,1,1.9,False,False,True,False,False,3800.0000000000014
Audi,340,2.8,Gas,yes,100,33,10.3,8.389359819906353,1,2.8,False,False,True,False,False,4400.000000000004
Audi,320,2.5,Diesel,no,A6,23,13.91,8.055157731819678,1,2.5,False,False,False,True,False,3149.9999999999977
Volkswagen,287,2.5,Other,yes,T5 (Transporter),21,13.67,9.296518068217235,0,0.0,False,True,False,False,False,10900.000000000002
Audi,250,2.5,Other,no,A6,24,10.42,8.022896869601457,1,2.5,False,False,False,True,False,3049.9999999999986
Volkswagen,0,2.0,Diesel,yes,Touran,11,0.0,10.321704344569456,0,0.0,False,False,False,True,False,30385.000000000015
BMW,170,4.8,Petrol,yes,X5,17,10.0,9.95223009652412,1,4.8,False,False,False,False,False,20999.000000000047
Volkswagen,255,1.9,Diesel,no,Polo,27,9.44,7.313220387090301,0,0.0,False,False,True,False,False,1500.0
Toyota,200,2.0,Petrol,yes,Vista,26,7.69,9.047821442478408,0,0.0,False,False,False,True,False,8500.000000000005
Toyota,115,1.6,Gas,yes,Corolla,17,6.76,9.126958763037132,0,0.0,False,False,True,False,False,9200.000000000005
Toyota,49,3.5,Petrol,yes,Camry,14,3.5,9.94270826568941,0,0.0,False,False,True,False,False,20800.000000000007
Renault,206,1.9,Diesel,yes,Trafic,20,10.3,8.99961934066053,0,0.0,False,False,False,False,True,8099.999999999999
Volkswagen,104,1.8,Petrol,yes,Passat B6,15,6.93,9.51044496442652,0,0.0,False,False,True,False,False,13499.999999999996
Renault,218,1.5,Diesel,yes,Kangoo,19,11.47,8.496990484098719,0,0.0,False,False,False,False,True,4900.000000000004
Volkswagen,136,1.4,Gas,yes,Golf IV,24,5.67,8.794824928014517,0,0.0,True,False,False,False,False,6600.000000000001
Mitsubishi,245,2.8,Diesel,no,Pajero,29,8.45,7.27931883541462,0,0.0,False,False,False,False,False,1450.0
Volkswagen,320,1.8,Gas,yes,Passat B3,36,8.89,8.1886891244442,0,0.0,False,False,True,False,False,3599.999999999998
Toyota,51,2.5,Gas,yes,Camry,11,4.64,10.085809109330082,0,0.0,False,False,True,False,False,23999.999999999985
Toyota,130,2.4,Petrol,yes,Camry,17,7.65,9.449357272446685,0,0.0,False,False,True,False,False,12700.000000000027
Mercedes-Benz,315,5.0,Gas,yes,CL 500,21,15.0,9.581903928408666,1,5.0,False,True,False,False,False,14500.000000000004
BMW,200,1.8,Petrol,no,318,26,7.69,7.740229524763182,1,1.8,False,False,True,False,False,2299.0
BMW,234,3.5,Gas,yes,735,26,9.0,9.093806555720231,1,3.5,False,False,True,False,False,8900.000000000002
Audi,152,3.0,Diesel,yes,A6,13,11.69,10.325481962595504,1,3.0,False,False,False,True,False,30500.000000000022
Mercedes-Benz,370,3.2,Diesel,no,E-Class,23,16.09,8.294049640102028,1,3.2,False,False,True,False,False,3999.9999999999995
Toyota,137,2.4,Petrol,yes,Camry,17,8.06,9.464982590349765,0,0.0,False,False,True,False,False,12900.000000000015
Volkswagen,200,1.8,Petrol,yes,Passat B3,36,5.56,8.101677747454572,0,0.0,False,False,True,False,False,3300.0
Toyota,178,1.8,Petrol,yes,Avensis,18,9.89,9.190137664658664,0,0.0,False,False,True,False,False,9800.000000000007
Renault,173,2.3,Diesel,yes,Master,12,14.42,9.629050706834368,0,0.0,False,True,False,False,False,15200.000000000007
Volkswagen,290,1.8,Petrol,yes,Passat B4,29,10.0,8.507142855562735,0,0.0,False,False,False,True,False,4949.999999999996
Volkswagen,36,3.0,Diesel,yes,Touareg,10,3.6,10.924138299734526,0,0.0,False,False,False,False,False,55500.00000000002
Volkswagen,188,2.5,Diesel,yes,Multivan,17,11.06,9.792555991828849,0,0.0,False,False,False,False,True,17900.00000000004
Mercedes-Benz,271,2.7,Diesel,no,ML 270,22,12.32,8.68270762989381,1,2.7,False,False,False,False,False,5899.999999999999
Toyota,225,4.7,Gas,yes,Land Cruiser 100,22,10.23,9.9281801651265,0,0.0,False,False,False,False,False,20500.000000000015
BMW,300,1.8,Petrol,yes,318,31,9.68,8.517193191416238,1,1.8,False,True,False,False,False,5000.000000000004
Volkswagen,100,2.0,Diesel,yes,T5 (Transporter) ,15,6.67,9.35010231435134,0,0.0,False,False,False,False,True,11499.999999999976
Volkswagen,230,1.6,Petrol,yes,Golf IV,25,9.2,7.972466015974565,0,0.0,True,False,False,False,False,2899.9999999999977
Mitsubishi,247,2.0,Gas,yes,Galant,27,9.15,8.476371196895983,0,0.0,False,False,True,False,False,4800.000000000001
Renault,235,2.0,Petrol,no,Laguna,27,8.7,7.346010209913293,0,0.0,False,False,False,True,False,1550.0000000000007
Mitsubishi,147,2.5,Diesel,yes,Pajero Sport,17,8.65,9.680344001221918,0,0.0,False,False,False,False,False,16000.000000000002
Volkswagen,312,2.5,Diesel,yes,T4 (Transporter) ,25,12.48,8.764053269347762,0,0.0,False,False,False,False,True,6399.9999999999945
BMW,400,2.0,Petrol,yes,520,27,14.81,8.66561319653451,1,2.0,False,True,False,False,False,5799.999999999996
Mercedes-Benz,263,3.2,Diesel,yes,E-Class,24,10.96,9.305650551780507,1,3.2,False,False,True,False,False,10999.999999999998
Renault,305,1.5,Diesel,yes,Megane,21,14.52,8.411832675758411,0,0.0,False,False,True,False,False,4500.000000000001
Renault,83,2.0,Diesel,yes,Koleos,13,6.38,9.560997243589352,0,0.0,False,False,False,False,False,14199.999999999995
BMW,19,2.5,Diesel,yes,X5,10,1.9,11.177452728682098,1,2.5,False,False,False,False,False,71499.99999999996
Audi,200,1.8,Petrol,yes,A4,22,9.09,8.732304571033183,1,1.8,False,False,True,False,False,6199.999999999998
Volkswagen,130,1.9,Diesel,yes,Caddy,15,8.67,9.259130536145614,0,0.0,False,False,False,False,True,10499.999999999993
Toyota,136,3.5,Petrol,yes,Camry,18,7.56,9.449357272446685,0,0.0,False,False,True,False,False,12700.000000000027
Audi,126,2.6,Petrol,yes,80,27,4.67,8.85366542803745,1,2.6,False,True,False,False,False,6999.999999999999
BMW,230,4.0,Gas,yes,540,31,7.42,8.411832675758411,1,4.0,False,False,True,False,False,4500.000000000001
BMW,400,2.5,Diesel,yes,525,31,12.9,8.476371196895983,1,2.5,False,False,False,True,False,4800.000000000001
Renault,170,1.5,Diesel,yes,Grand Scenic,13,13.08,9.35010231435134,0,0.0,False,False,False,False,True,11499.999999999976
BMW,33,2.0,Petrol,yes,X3,11,3.0,10.645424897265505,1,2.0,False,False,False,False,False,41999.99999999998
Mercedes-Benz,165,3.0,Diesel,yes,ML 320,18,9.17,10.025705185260378,1,3.0,False,False,False,False,False,22600.00000000002
Volkswagen,80,1.6,Petrol,yes,Polo,14,5.71,9.20029003612268,0,0.0,False,False,True,False,False,9899.999999999995
Mercedes-Benz,259,3.0,Diesel,yes,Vito,18,14.39,9.51044496442652,1,3.0,False,False,False,False,True,13499.999999999996
Volkswagen,140,2.0,Other,yes,Passat B6,18,7.78,9.268609280100158,0,0.0,False,True,False,False,False,10599.999999999993
Mercedes-Benz,242,2.2,Diesel,yes,Vito,17,14.24,9.433483923290392,1,2.2,False,False,False,False,True,12500.0
Renault,123,1.5,Diesel,yes,Kangoo,16,7.69,8.92252495730139,0,0.0,False,False,False,False,True,7499.0
Volkswagen,118,1.2,Diesel,yes,Polo,14,8.43,9.21024036697585,0,0.0,True,False,False,False,False,9999.0
Toyota,73,1.6,Petrol,yes,Auris,12,6.08,9.830916859701292,0,0.0,True,False,False,False,False,18599.99999999998
Volkswagen,225,1.4,Petrol,yes,Golf V,21,10.71,8.935903526274423,0,0.0,True,False,False,False,False,7600.000000000003
Volkswagen,127,1.6,Petrol,yes,Golf V,18,7.06,9.126958763037132,0,0.0,True,False,False,False,False,9200.000000000005
Audi,290,1.9,Diesel,no,A4,23,12.61,8.216088098632316,1,1.9,False,False,False,True,False,3699.9999999999995
BMW,270,4.8,Petrol,yes,X5,17,15.88,10.16585181700362,1,4.8,False,False,False,False,False,26000.00000000003
BMW,268,4.0,Diesel,yes,740,21,12.76,9.468851067127684,1,4.0,False,False,True,False,False,12950.0
Mitsubishi,193,3.0,Gas,yes,Pajero Wagon,17,11.35,9.629050706834368,0,0.0,False,False,False,False,False,15200.000000000007
Audi,24,3.0,Diesel,yes,A6 Allroad,10,2.4,11.03488966402723,1,3.0,False,False,False,True,False,62000.000000000044
Toyota,1,3.5,Petrol,yes,Sienna,9,0.11,11.134589024250316,0,0.0,False,False,False,False,True,68499.99999999993
Volkswagen,111,1.6,Gas,yes,Golf IV,26,4.27,7.824046010856292,0,0.0,True,False,False,False,False,2499.9999999999995
Volkswagen,296,1.9,Diesel,no,Golf IV,25,11.84,7.863266724009573,0,0.0,False,True,False,False,False,2599.9999999999977
Mercedes-Benz,300,2.2,Diesel,yes,Vito,18,16.67,9.413281215972871,1,2.2,False,False,False,False,True,12249.999999999976
Toyota,94,4.0,Gas,yes,Land Cruiser Prado,15,6.27,10.594131602877956,0,0.0,False,False,False,False,False,39900.000000000065
Volkswagen,160,1.4,Petrol,no,Golf IV,26,6.15,7.313220387090301,0,0.0,False,True,False,False,False,1500.0
Mercedes-Benz,270,3.5,Petrol,no,S 350,21,12.86,8.216088098632316,1,3.5,False,False,True,False,False,3699.9999999999995
BMW,160,1.8,Petrol,yes,318,28,5.71,9.104868739033948,1,1.8,False,True,False,False,False,8999.0
Mitsubishi,200,2.5,Diesel,yes,L 200,18,11.11,9.20029003612268,0,0.0,False,True,False,False,False,9899.999999999995
Volkswagen,249,5.0,Diesel,yes,Touareg,20,12.45,9.72913416539135,0,0.0,False,False,False,False,False,16800.000000000004
Volkswagen,0,1.6,Diesel,yes,Jetta,9,0.0,10.085767441795335,0,0.0,False,False,True,False,False,23998.99999999997
Mercedes-Benz,162,3.0,Diesel,yes,GL 320,16,10.12,10.491274217438248,1,3.0,False,False,False,False,False,36000.00000000002
Mitsubishi,146,2.5,Diesel,yes,L 200,12,12.17,9.667765219015058,0,0.0,False,True,False,False,False,15799.999999999995
Volkswagen,136,2.0,Diesel,yes,Passat B7,14,9.71,9.867860374892976,0,0.0,False,False,True,False,False,19299.999999999975
Renault,148,1.5,Diesel,yes,Kangoo,13,11.38,8.771835409789817,0,0.0,False,False,False,False,True,6449.999999999995
Renault,220,1.5,Diesel,yes,Kangoo,21,10.48,8.34283980427146,0,0.0,False,False,False,False,True,4200.0
BMW,52,3.0,Petrol,yes,X5,13,4.0,10.373491181781864,1,3.0,False,False,False,False,False,32000.000000000007
Toyota,110,2.4,Gas,yes,Camry,18,6.11,9.433483923290392,0,0.0,False,False,True,False,False,12500.0
BMW,178,4.0,Diesel,yes,X5,13,13.69,10.776870783399009,1,4.0,False,False,False,False,False,47900.000000000095
Mercedes-Benz,200,3.0,Diesel,yes,E-Class,17,11.76,9.998752276761907,1,3.0,False,False,True,False,False,21998.999999999956
Toyota,74,1.3,Petrol,yes,Yaris,17,4.35,8.922658299524402,0,0.0,True,False,False,False,False,7500.000000000001
BMW,110,4.4,Petrol,yes,X6,17,6.47,10.325481962595504,1,4.4,True,False,False,False,False,30500.000000000022
Volkswagen,0,1.6,Petrol,yes,Jetta,9,0.0,9.752152903968351,0,0.0,False,False,True,False,False,17191.200000000004
Mercedes-Benz,42,3.0,Diesel,yes,S 350,14,3.0,10.726675666147958,1,3.0,False,False,True,False,False,45554.99999999998
BMW,227,2.5,Petrol,yes,525,17,13.35,9.629050706834368,1,2.5,False,False,True,False,False,15200.000000000007
Volkswagen,226,1.9,Diesel,yes,T5 (Transporter) ,20,11.3,8.961879012677683,0,0.0,False,False,False,False,True,7799.999999999996
Volkswagen,40,1.4,Petrol,yes,Golf VII,12,3.33,9.998797732340453,0,0.0,True,False,False,False,False,22000.0
Mitsubishi,156,2.4,Gas,yes,Outlander,19,8.21,9.137769679141348,0,0.0,False,False,False,False,False,9300.000000000007
Mercedes-Benz,97,2.2,Diesel,yes,E-Class,14,6.93,10.370361288772935,1,2.2,False,False,True,False,False,31899.999999999978
Mercedes-Benz,160,2.2,Diesel,yes,Vito,17,9.41,9.143131622282732,1,2.2,False,False,False,False,True,9349.999999999996
BMW,134,2.0,Diesel,yes,520,15,8.93,10.388995368317827,1,2.0,False,False,True,False,False,32499.99999999995
Renault,151,1.5,Diesel,yes,Megane,14,10.79,9.230142999272362,0,0.0,False,False,False,True,False,10199.99999999999
Toyota,200,2.0,Gas,yes,Rav 4,23,8.7,9.011889433252344,0,0.0,False,False,False,False,False,8199.999999999998
Mercedes-Benz,190,2.0,Petrol,yes,C-Class,23,8.26,8.909235279192261,1,2.0,False,False,True,False,False,7400.0
Mitsubishi,155,3.0,Gas,yes,Outlander XL,18,8.61,9.560997243589352,0,0.0,False,False,False,False,False,14199.999999999995
Mercedes-Benz,150,3.5,Gas,yes,S 350,17,8.82,10.09823162932864,1,3.5,False,False,True,False,False,24299.999999999985
Volkswagen,176,1.9,Diesel,yes,T5 (Transporter),20,8.8,9.137769679141348,0,0.0,False,False,False,False,True,9300.000000000007
Volkswagen,130,2.5,Diesel,yes,Touareg,17,7.65,9.95227771670556,0,0.0,False,False,False,False,False,20999.999999999985
Audi,145,3.0,Petrol,yes,Q7,15,9.67,10.491274217438248,1,3.0,False,False,False,False,False,36000.00000000002
Mitsubishi,69,2.4,Petrol,yes,Outlander,11,6.27,10.03889218954233,0,0.0,False,False,False,False,False,22899.999999999996
Mercedes-Benz,275,2.2,Other,yes,E-Class,20,13.75,9.20029003612268,1,2.2,False,False,True,False,False,9899.999999999995
Volkswagen,288,1.8,Gas,yes,Golf III,29,9.93,8.281470857895167,0,0.0,True,False,False,False,False,3949.9999999999977
Toyota,100,3.5,Petrol,yes,Highlander,13,7.69,10.264652401747712,0,0.0,False,False,False,False,False,28699.999999999996
Volkswagen,121,2.0,Diesel,yes,T5 (Transporter) ,11,11.0,9.735068900911164,0,0.0,False,False,False,False,True,16899.999999999993
Mercedes-Benz,245,2.8,Gas,yes,E-Class,27,9.07,8.895629627136483,1,2.8,False,False,True,False,False,7300.000000000002
Mercedes-Benz,400,2.0,Petrol,yes,190,37,10.81,7.696212639346407,1,2.0,False,False,True,False,False,2199.9999999999995
Toyota,103,3.5,Petrol,yes,Venza,15,6.87,10.146433731146518,0,0.0,False,True,False,False,False,25500.0
Volkswagen,260,2.0,Diesel,yes,Caddy,20,13.0,8.942460926820582,0,0.0,False,True,False,False,False,7650.000000000001
Toyota,55,2.5,Petrol,yes,Camry,12,4.58,10.034515814942532,0,0.0,False,True,False,False,False,22799.999999999996
Renault,170,1.9,Diesel,yes,Trafic,20,8.5,9.093806555720231,0,0.0,False,False,False,False,True,8900.000000000002
Renault,118,2.0,Petrol,yes,Fluence,13,9.08,9.304741047397666,0,0.0,False,False,True,False,False,10989.99999999999
Mercedes-Benz,0,3.0,Diesel,yes,GLS 350,9,0.0,11.587819556622462,1,3.0,False,False,False,False,False,107776.99999999997
Toyota,95,2.0,Gas,yes,Avensis,14,6.79,9.740968623038354,0,0.0,False,False,True,False,False,17000.00000000001
Renault,430,2.0,Gas,yes,25,37,11.62,6.906754778648554,0,0.0,False,False,True,False,False,999.0000000000003
BMW,0,2.0,Other,yes,X5,9,0.0,11.104957226643943,1,2.0,False,False,False,False,False,66499.99999999985
Volkswagen,289,2.0,Petrol,yes,Passat B4,31,9.32,8.366370301681654,0,0.0,False,False,False,True,False,4300.0
BMW,295,2.0,Diesel,no,320,23,12.83,8.116715624819111,1,2.0,False,False,False,True,False,3349.9999999999973
Toyota,87,1.6,Petrol,yes,Corolla,17,5.12,9.249561085129464,0,0.0,False,False,True,False,False,10400.000000000002
BMW,216,4.8,Petrol,yes,X5,18,12.0,10.030120203469494,1,4.8,False,False,False,False,False,22699.999999999996
Renault,102,1.5,Diesel,yes,Kangoo,13,7.85,8.809862805379057,0,0.0,False,False,False,False,True,6699.9999999999945
Audi,257,2.0,Petrol,yes,80,32,8.03,8.242756345714477,1,2.0,False,False,True,False,False,3800.0000000000014
Volkswagen,185,1.4,Petrol,yes,Golf VII,14,13.21,9.296518068217235,0,0.0,False,False,False,True,False,10900.000000000002
Mercedes-Benz,300,2.2,Diesel,yes,Vito,18,16.67,9.305650551780507,1,2.2,False,False,False,False,True,10999.999999999998
Volkswagen,30,3.0,Diesel,yes,Touareg,10,3.0,10.85707406915398,0,0.0,False,False,False,False,False,51899.99999999996
Mercedes-Benz,232,3.0,Diesel,yes,E-Class,18,12.89,9.846917201047734,1,3.0,False,False,True,False,False,18900.00000000001
BMW,148,3.0,Diesel,yes,535,18,8.22,10.146433731146518,1,3.0,False,False,True,False,False,25500.0
Renault,98,1.5,Diesel,yes,Fluence,11,8.91,9.581903928408666,0,0.0,False,False,True,False,False,14500.000000000004
BMW,260,3.5,Petrol,yes,535,28,9.29,8.974618038455112,1,3.5,False,False,True,False,False,7899.999999999996
Audi,95,3.0,Diesel,yes,Q7,11,8.64,10.709963418403076,1,3.0,False,False,False,False,False,44799.99999999997
Toyota,73,2.5,Diesel,yes,Hilux,13,5.62,10.173514689749188,0,0.0,False,True,False,False,False,26200.000000000004
BMW,164,3.0,Diesel,no,X5,19,8.63,9.546812608597396,1,3.0,False,False,False,False,False,14000.0
Renault,300,1.9,Diesel,yes,Trafic,19,15.79,8.974618038455112,0,0.0,False,False,False,False,True,7899.999999999996
Volkswagen,157,1.6,Diesel,yes,Caddy,13,12.08,9.285169512596832,0,0.0,False,False,False,False,True,10777.000000000007
Renault,217,1.9,Diesel,yes,Trafic,21,10.33,9.02401079378469,0,0.0,False,False,False,False,True,8300.000000000007
Volkswagen,1,1.4,Petrol,yes,Passat B8,10,0.1,10.596634733096073,0,0.0,False,False,True,False,False,39999.99999999997
Mercedes-Benz,266,3.0,Diesel,yes,E-Class,18,14.78,9.72913416539135,1,3.0,False,True,False,False,False,16800.000000000004
Audi,1,2.0,Petrol,yes,Q3,9,0.11,10.6689553946757,1,2.0,False,False,False,False,False,43000.000000000044
Toyota,60,2.5,Petrol,yes,Camry,13,4.62,10.03889218954233,0,0.0,False,False,True,False,False,22899.999999999996
Audi,225,2.4,Petrol,yes,A6,20,11.25,9.296518068217235,1,2.4,False,False,True,False,False,10900.000000000002
BMW,280,1.6,Petrol,no,316,25,11.2,7.843848638152472,1,1.6,False,False,True,False,False,2549.9999999999995
Mercedes-Benz,142,2.2,Diesel,yes,Viano,18,7.89,9.836278802842678,1,2.2,False,True,False,False,False,18699.999999999996
Toyota,220,1.6,Petrol,yes,Carina,31,7.1,8.242756345714477,0,0.0,False,False,True,False,False,3800.0000000000014
Mercedes-Benz,290,2.2,Diesel,yes,Vito,21,13.81,8.948975607841776,1,2.2,False,False,False,False,True,7700.0000000000055
BMW,16,3.0,Diesel,yes,730,10,1.6,11.626254150277232,1,3.0,False,False,True,False,False,112000.00000000003
Mercedes-Benz,280,2.9,Diesel,no,Sprinter 312,28,10.0,7.863266724009573,1,2.9,False,False,False,False,True,2599.9999999999977
Volkswagen,165,1.4,Petrol,yes,Passat B7,12,13.75,9.60911649193355,0,0.0,False,False,False,True,False,14899.999999999995
Mitsubishi,140,2.5,Diesel,yes,L 200,18,7.78,9.389323027504624,0,0.0,False,True,False,False,False,11960.00000000001
Mitsubishi,130,2.5,Diesel,yes,Pajero Sport,14,9.29,9.893437216682626,0,0.0,False,False,False,False,False,19799.99999999999
Mercedes-Benz,116,2.2,Diesel,yes,Vito,13,8.92,9.457200449907708,1,2.2,False,False,False,False,True,12799.99999999999
Mercedes-Benz,69,2.0,Petrol,yes,E-Class,12,5.75,10.4341158035983,1,2.0,False,False,True,False,False,34000.00000000003
Audi,97,3.0,Petrol,yes,S5,14,6.93,10.308919326755392,1,3.0,False,False,True,False,False,29999.000000000025
Mitsubishi,250,2.5,Petrol,yes,Galant,24,10.42,8.496990484098719,0,0.0,False,False,False,True,False,4900.000000000004
BMW,200,2.5,Petrol,yes,523,19,10.53,9.464982590349765,1,2.5,False,False,True,False,False,12900.000000000015
Mercedes-Benz,300,2.7,Diesel,yes,E-Class,22,13.64,9.441452092939569,1,2.7,False,False,True,False,False,12599.999999999995
Volkswagen,117,1.6,Diesel,yes,Caddy,11,10.64,9.190137664658664,0,0.0,False,True,False,False,False,9800.000000000007
Audi,270,1.9,Diesel,yes,A6,23,11.74,8.202482446576537,1,1.9,False,False,True,False,False,3650.0000000000005
Volkswagen,73,3.0,Diesel,yes,Touareg,13,5.62,10.542706391070515,0,0.0,False,False,False,False,False,37899.99999999991
Volkswagen,145,3.0,Diesel,yes,Touareg,18,8.06,9.792555991828849,0,0.0,False,False,False,False,False,17900.00000000004
BMW,110,4.4,Petrol,yes,X6,14,7.86,10.532096211958502,1,4.4,False,False,False,False,False,37499.99999999998
BMW,170,3.0,Petrol,yes,530,14,12.14,10.236381967809455,1,3.0,False,False,True,False,False,27899.999999999956
Volkswagen,153,1.6,Diesel,yes,Caddy,13,11.77,9.268609280100158,0,0.0,False,False,False,False,True,10599.999999999993
Mercedes-Benz,127,5.5,Petrol,yes,GL 550,15,8.47,10.594131602877956,1,5.5,False,False,False,False,False,39900.000000000065
Volkswagen,260,1.9,Diesel,no,Touran,20,13.0,8.556413904569519,0,0.0,False,False,False,False,True,5200.000000000001
Volkswagen,105,1.8,Petrol,yes,Passat B7,14,7.5,9.74090979777877,0,0.0,False,False,True,False,False,16998.999999999996
Renault,260,1.9,Diesel,yes,Trafic,20,13.0,9.035986984831403,0,0.0,False,False,False,False,True,8399.999999999987
Audi,27,2.0,Petrol,yes,Q5,14,1.93,10.338511462885837,1,2.0,False,False,False,False,False,30900.0
Mercedes-Benz,248,2.2,Diesel,yes,Vito,20,12.4,9.159047077588632,1,2.2,False,False,False,False,True,9499.999999999995
Mitsubishi,153,1.6,Gas,yes,ASX,14,10.93,9.457200449907708,0,0.0,False,False,False,False,False,12799.99999999999
BMW,60,3.0,Diesel,yes,X3,14,4.29,10.797532675462964,1,3.0,False,False,False,False,False,48900.00000000004
Renault,165,1.5,Diesel,yes,Megane,13,12.69,9.358760377094455,0,0.0,False,False,False,True,False,11599.999999999993
Volkswagen,22,1.2,Petrol,yes,Golf VII,11,2.0,9.913437883389296,0,0.0,True,False,False,False,False,20199.999999999996
Mercedes-Benz,140,1.7,Gas,yes,B 170,18,7.78,9.449357272446685,1,1.7,True,False,False,False,False,12700.000000000027
Toyota,240,2.7,Gas,yes,Land Cruiser Prado,18,13.33,9.788918097792992,0,0.0,False,False,False,False,False,17835.000000000004
Mercedes-Benz,71,2.2,Diesel,yes,E-Class,13,5.46,10.338511462885837,1,2.2,False,False,True,False,False,30900.0
Renault,88,1.6,Gas,yes,Fluence,13,6.77,9.159047077588632,0,0.0,False,False,True,False,False,9499.999999999995
Volkswagen,192,1.9,Diesel,yes,Caddy,17,11.29,9.35010231435134,0,0.0,False,False,False,False,True,11499.999999999976
Renault,0,1.5,Diesel,yes,Megane,9,0.0,9.8486379419458,0,0.0,True,False,False,False,False,18932.54999999999
Renault,155,1.5,Diesel,yes,Megane,13,11.92,9.367344120785848,0,0.0,False,False,False,True,False,11700.000000000007
Renault,201,1.9,Diesel,yes,Kangoo,19,10.58,9.20029003612268,0,0.0,False,False,False,False,False,9899.999999999995
Mercedes-Benz,180,3.0,Diesel,yes,E-Class,17,10.59,9.87816974455184,1,3.0,False,False,True,False,False,19500.000000000044
Audi,261,2.5,Diesel,no,A6,21,12.43,8.131530710604252,1,2.5,False,False,False,True,False,3399.999999999999
Volkswagen,102,1.6,Diesel,yes,Caddy,13,7.85,9.011889433252344,0,0.0,False,True,False,False,False,8199.999999999998
Toyota,165,3.5,Gas,yes,Camry,17,9.71,9.655026193237628,0,0.0,False,False,True,False,False,15599.999999999995
Toyota,45,3.0,Diesel,yes,Land Cruiser Prado,11,4.09,10.768484990022731,0,0.0,False,False,False,False,False,47499.99999999994
Audi,58,2.0,Petrol,yes,A5,11,5.27,10.431170293368542,1,2.0,False,False,True,False,False,33900.0
Toyota,2,4.6,Petrol,yes,Land Cruiser 200,9,0.22,11.487607656985938,0,0.0,False,False,False,False,False,97499.99999999997
Renault,21,1.5,Diesel,yes,Fluence,11,1.91,9.615805480084347,0,0.0,False,False,True,False,False,15000.000000000004
Toyota,86,3.5,Petrol,yes,Camry,12,7.17,10.275016625615446,0,0.0,False,False,True,False,False,28999.000000000004
Audi,66,1.2,Petrol,yes,A1,14,4.71,9.615805480084347,1,1.2,True,False,False,False,False,15000.000000000004
Toyota,66,3.0,Diesel,yes,Land Cruiser Prado,15,4.4,10.491274217438248,0,0.0,False,False,False,False,False,36000.00000000002
Toyota,150,4.0,Petrol,yes,Land Cruiser Prado,20,7.5,9.87816974455184,0,0.0,False,False,False,False,False,19500.000000000044
Mercedes-Benz,350,1.8,Other,yes,C-Class,30,11.67,8.517193191416238,1,1.8,False,False,True,False,False,5000.000000000004
Mercedes-Benz,73,3.0,Petrol,yes,C-Class,17,4.29,9.786953736280177,1,3.0,False,False,True,False,False,17800.000000000007
Mercedes-Benz,215,2.6,Gas,yes,E-Class,33,6.52,8.517193191416238,1,2.6,False,False,True,False,False,5000.000000000004
Renault,275,1.2,Petrol,yes,Clio,34,8.09,8.039157390473237,0,0.0,True,False,False,False,False,3099.9999999999986
Renault,240,1.7,Gas,yes,9,37,6.49,7.090076835776092,0,0.0,False,False,True,False,False,1200.0
BMW,100,1.8,Petrol,yes,318,33,3.03,8.242756345714477,1,1.8,False,False,True,False,False,3800.0000000000014
Renault,260,1.9,Diesel,no,Laguna,24,10.83,7.6004023345004,0,0.0,False,False,False,True,False,1998.9999999999993
Mercedes-Benz,330,5.0,Petrol,yes,S 500,25,13.2,9.0825070004663,1,5.0,False,False,True,False,False,8800.000000000024
Renault,250,1.9,Diesel,yes,Trafic,19,13.16,9.0825070004663,0,0.0,False,False,False,False,True,8800.000000000024
Mercedes-Benz,168,3.2,Petrol,yes,CLK 320,22,7.64,9.635608107380529,1,3.2,False,True,False,False,False,15300.000000000031
BMW,5,2.0,Petrol,yes,520,9,0.56,10.594131602877956,1,2.0,False,False,True,False,False,39900.000000000065
Renault,181,2.0,Diesel,yes,Trafic,18,10.06,8.909235279192261,0,0.0,False,False,False,False,True,7400.0
Volkswagen,163,2.0,Diesel,yes,Multivan,15,10.87,10.23995978915734,0,0.0,False,False,False,False,True,27999.999999999953
Volkswagen,182,2.0,Diesel,yes,T6 (Transporter) ,14,13.0,9.417354541360508,0,0.0,False,False,False,False,True,12299.999999999989
Renault,101,2.0,Petrol,yes,Megane,28,3.61,8.1886891244442,0,0.0,False,False,True,False,False,3599.999999999998
Toyota,193,1.6,Gas,yes,Corolla,18,10.72,9.04192172035122,0,0.0,False,False,True,False,False,8450.000000000011
Volkswagen,297,1.6,Petrol,yes,Golf III,30,9.9,7.824046010856292,0,0.0,True,False,False,False,False,2499.9999999999995
Toyota,106,1.6,Gas,yes,Corolla,17,6.24,9.20532783015264,0,0.0,False,False,True,False,False,9950.00000000002
Mercedes-Benz,58,1.8,Petrol,yes,C-Class,15,3.87,10.0519075576544,1,1.8,False,False,True,False,False,23199.99999999999
Toyota,124,1.8,Petrol,yes,Avensis,17,7.29,9.259130536145614,0,0.0,False,False,True,False,False,10499.999999999993
Mercedes-Benz,280,2.2,Diesel,yes,E-Class,20,14.0,9.323669057283183,1,2.2,False,False,True,False,False,11199.99999999997
Volkswagen,1,1.9,Diesel,yes,T5 (Transporter),21,0.05,9.185022563991891,0,0.0,False,False,False,False,True,9749.999999999985
Toyota,70,2.7,Petrol,yes,Land Cruiser Prado,17,4.12,9.94270826568941,0,0.0,False,False,False,False,False,20800.000000000007
Audi,35,1.8,Petrol,yes,A5,11,3.18,10.419300717813158,1,1.8,True,False,False,False,False,33500.00000000001
Volkswagen,66,1.6,Petrol,yes,Polo,14,4.71,9.210340371976184,0,0.0,False,False,True,False,False,10000.00000000001
Mitsubishi,400,1.8,Other,yes,Galant,34,11.76,7.695757990554761,0,0.0,True,False,False,False,False,2199.0
Audi,47,1.2,Petrol,yes,A3,12,3.92,9.72913416539135,1,1.2,True,False,False,False,False,16800.000000000004
Mercedes-Benz,200,4.0,Diesel,yes,GL 420,18,11.11,10.146433731146518,1,4.0,False,False,False,False,False,25500.0
Audi,314,1.9,Diesel,no,A4,29,10.83,7.649216319820633,1,1.9,False,False,True,False,False,2099.0000000000005
Toyota,250,4.2,Diesel,yes,Land Cruiser 100,25,10.0,9.903487552536127,0,0.0,False,False,False,False,False,19999.99999999998
Volkswagen,380,2.5,Diesel,yes,T4 (Transporter),25,15.2,8.909235279192261,0,0.0,False,False,False,False,True,7400.0
BMW,150,2.5,Petrol,yes,325,20,7.5,9.711115659888671,1,2.5,False,False,True,False,False,16499.999999999985
Mercedes-Benz,51,3.0,Diesel,yes,E-Class,11,4.64,10.680516217076775,1,3.0,False,True,False,False,False,43499.999999999985
Volkswagen,118,1.8,Gas,yes,Golf III,32,3.69,8.039157390473237,0,0.0,True,False,False,False,False,3099.9999999999986
Mercedes-Benz,310,2.2,Diesel,yes,E-Class,20,15.5,9.400960731584831,1,2.2,False,False,True,False,False,12099.999999999987
Mercedes-Benz,230,2.2,Diesel,yes,Vito,17,13.53,9.392661928770137,1,2.2,False,False,False,False,True,11999.999999999993
Mitsubishi,0,2.4,Diesel,yes,L 200,9,0.0,10.404262840448617,0,0.0,False,True,False,False,False,32999.99999999998
Renault,0,1.5,Diesel,yes,Dokker,9,0.0,9.659640530788376,0,0.0,False,False,False,False,True,15672.15000000004
Renault,134,1.5,Diesel,yes,Kangoo,14,9.57,8.794824928014517,0,0.0,False,False,False,False,True,6600.000000000001
Renault,127,1.5,Diesel,yes,Megane,14,9.07,9.457200449907708,0,0.0,False,False,False,True,False,12799.99999999999
Renault,73,1.5,Diesel,yes,Kangoo,13,5.62,8.881836305004146,0,0.0,False,False,False,False,True,7199.999999999996
BMW,79,1.6,Petrol,yes,118,12,6.58,9.95227771670556,1,1.6,True,False,False,False,False,20999.999999999985
Mitsubishi,92,1.6,Petrol,yes,Carisma,22,4.18,8.68270762989381,0,0.0,True,False,False,False,False,5899.999999999999
Volkswagen,205,2.0,Petrol,yes,Passat B6,19,10.79,9.159047077588632,0,0.0,False,False,False,False,True,9499.999999999995
Renault,270,1.9,Diesel,no,Scenic,23,11.74,7.649692623711514,0,0.0,False,False,False,False,True,2100.0
Toyota,91,1.6,Petrol,yes,Auris,18,5.06,8.99961934066053,0,0.0,True,False,False,False,False,8099.999999999999
Mercedes-Benz,140,5.5,Gas,yes,G 55 AMG,17,8.24,11.002099841204238,1,5.5,False,False,False,False,False,60000.00000000002
BMW,260,2.0,Diesel,no,320,25,10.4,7.972121128921655,1,2.0,False,False,True,False,False,2898.999999999999
BMW,57,4.4,Petrol,yes,M5,12,4.75,11.210468106936291,1,4.4,False,False,True,False,False,73899.99999999988
BMW,191,2.0,Diesel,no,320,23,8.3,8.131530710604252,1,2.0,False,False,False,True,False,3399.999999999999
BMW,70,3.0,Petrol,yes,330,17,4.12,10.184900011974314,1,3.0,False,False,True,False,False,26500.000000000007
Mitsubishi,186,1.6,Petrol,yes,Lancer,19,9.79,8.66561319653451,0,0.0,False,False,True,False,False,5799.999999999996
BMW,200,1.8,Petrol,yes,318,21,9.52,9.21024036697585,1,1.8,False,False,True,False,False,9999.0
Volkswagen,95,1.6,Diesel,yes,Passat B6,15,6.33,9.47262771040802,0,0.0,False,False,False,True,False,12999.000000000007
Mercedes-Benz,14,2.2,Diesel,yes,V 250,10,1.4,11.231887935237117,1,2.2,False,False,False,False,True,75500.00000000004
BMW,210,1.8,Petrol,no,318,25,8.4,7.823645930834952,1,1.8,False,False,True,False,False,2498.9999999999995
Volkswagen,201,1.9,Diesel,no,Golf IV,23,8.74,8.160518247477505,0,0.0,True,False,False,False,False,3499.9999999999995
Volkswagen,283,2.5,Diesel,yes,T5 (Transporter),20,14.15,9.210340371976184,0,0.0,False,False,False,False,True,10000.00000000001
Mitsubishi,133,1.6,Petrol,yes,Lancer,17,7.82,8.85366542803745,0,0.0,False,False,True,False,False,6999.999999999999
Volkswagen,84,3.0,Diesel,yes,Touareg,14,6.0,10.49124643927466,0,0.0,False,False,False,False,False,35999.0
Mitsubishi,350,1.6,Petrol,yes,Lancer,31,11.29,7.972466015974565,0,0.0,False,False,True,False,False,2899.9999999999977
Volkswagen,50,2.0,Diesel,yes,Tiguan,11,4.55,10.38591370178042,0,0.0,False,False,False,False,False,32400.000000000004
Mitsubishi,95,2.5,Diesel,yes,Pajero Sport,17,5.59,9.615805480084347,0,0.0,False,False,False,False,False,15000.000000000004
Mitsubishi,145,1.6,Petrol,yes,Lancer,17,8.53,8.895629627136483,0,0.0,False,False,True,False,False,7300.000000000002
Toyota,7,2.5,Gas,yes,Camry,10,0.7,10.325481962595504,0,0.0,False,False,True,False,False,30500.000000000022
BMW,270,3.5,Petrol,yes,735,27,10.0,8.748304912379623,1,3.5,False,False,True,False,False,6299.999999999996
BMW,180,4.8,Petrol,yes,X5,17,10.59,10.06475570013225,1,4.8,False,False,False,False,False,23500.00000000001
Volkswagen,87,1.6,Petrol,yes,Polo,14,6.21,9.249561085129464,0,0.0,False,False,True,False,False,10400.000000000002
Volkswagen,187,3.0,Diesel,yes,Touareg,17,11.0,10.025705185260378,0,0.0,False,False,False,False,False,22600.00000000002
Volkswagen,128,1.4,Petrol,yes,Polo,15,8.53,9.093806555720231,0,0.0,True,False,False,False,False,8900.000000000002
Audi,260,1.8,Gas,yes,A4,22,11.82,9.035986984831403,1,1.8,False,False,True,False,False,8399.999999999987
Toyota,158,2.0,Gas,yes,Avensis,16,9.88,9.495519314209846,0,0.0,False,False,True,False,False,13300.000000000005
Mercedes-Benz,152,2.2,Diesel,yes,Vito,13,11.69,9.711115659888671,1,2.2,False,False,False,False,True,16499.999999999985
Renault,180,1.4,Petrol,yes,Kangoo,25,7.2,8.34283980427146,0,0.0,False,False,False,True,False,4200.0
Volkswagen,122,1.8,Petrol,yes,Passat CC,13,9.38,9.85214162518454,0,0.0,False,False,True,False,False,18999.000000000004
Mitsubishi,52,1.6,Petrol,yes,Lancer X,12,4.33,9.425451751593128,0,0.0,False,False,True,False,False,12399.999999999996
Mitsubishi,280,2.5,Diesel,no,Pajero,31,9.03,8.281470857895167,0,0.0,False,True,False,False,False,3949.9999999999977
Toyota,24,1.6,Other,yes,Auris,15,1.6,9.536040511615484,0,0.0,True,False,False,False,False,13849.999999999993
Mitsubishi,108,1.3,Petrol,yes,Colt,19,5.68,8.699348067653093,0,0.0,True,False,False,False,False,5998.999999999996
BMW,404,2.5,Petrol,yes,525,33,12.24,8.594154232552366,1,2.5,False,False,True,False,False,5400.000000000003
Mercedes-Benz,15,1.8,Diesel,yes,A 180,11,1.36,10.257659366256744,1,1.8,True,False,False,False,False,28500.00000000007
Mercedes-Benz,10,2.2,Diesel,yes,E-Class,13,0.77,10.75577295443437,1,2.2,False,True,False,False,False,46899.99999999997
Renault,81,2.0,Petrol,yes,Fluence,13,6.23,9.392661928770137,0,0.0,False,False,True,False,False,11999.999999999993
Volkswagen,0,1.4,Petrol,yes,Jetta,10,0.0,10.276429468938732,0,0.0,False,False,True,False,False,29039.999999999978
Audi,165,1.6,Gas,yes,A3,19,8.68,9.190137664658664,1,1.6,True,False,False,False,False,9800.000000000007
BMW,400,2.8,Petrol,yes,528,27,14.81,8.85366542803745,1,2.8,False,False,True,False,False,6999.999999999999
Volkswagen,230,2.0,Diesel,yes,T5 (Transporter) ,14,16.43,9.457200449907708,0,0.0,False,False,False,False,True,12799.99999999999
BMW,365,3.0,Diesel,yes,530,24,15.21,9.047821442478408,1,3.0,False,False,True,False,False,8500.000000000005
Toyota,260,1.3,Petrol,yes,Corolla,29,8.97,8.202482446576537,0,0.0,True,False,False,False,False,3650.0000000000005
Volkswagen,51,1.6,Petrol,yes,Polo,12,4.25,9.35010231435134,0,0.0,False,True,False,False,False,11499.999999999976
Volkswagen,130,1.6,Diesel,yes,Caddy,13,10.0,9.190137664658664,0,0.0,False,False,False,False,True,9800.000000000007
Renault,380,1.9,Diesel,no,Espace,22,17.27,7.762170607138205,0,0.0,False,False,False,False,True,2350.0000000000005
Audi,172,2.0,Diesel,yes,A4,14,12.29,9.98966524877718,1,2.0,False,False,False,True,False,21800.000000000007
Volkswagen,139,3.0,Diesel,yes,Touareg,17,8.18,9.918376165029878,0,0.0,False,False,False,False,False,20299.999999999985
Mercedes-Benz,167,3.2,Diesel,yes,E-Class,22,7.59,9.375854810453756,1,3.2,False,False,True,False,False,11799.999999999998
Renault,248,2.5,Diesel,yes,Trafic,20,12.4,9.035986984831403,0,0.0,False,False,False,False,True,8399.999999999987
Mercedes-Benz,1,3.0,Diesel,yes,GLE-Class,9,0.11,11.308358299228956,1,3.0,False,False,True,False,False,81500.00000000019
Toyota,175,3.5,Gas,yes,Camry,17,10.29,9.60911649193355,0,0.0,False,True,False,False,False,14899.999999999995
Mitsubishi,79,1.6,Gas,yes,Lancer,17,4.65,8.922658299524402,0,0.0,False,False,True,False,False,7500.000000000001
Volkswagen,187,1.6,Petrol,yes,Golf V,17,11.0,9.148464968258097,0,0.0,True,False,False,False,False,9400.000000000011
Renault,21,1.6,Petrol,yes,Sandero,14,1.5,9.071078304642676,0,0.0,True,False,False,False,False,8700.000000000004
Volkswagen,134,2.0,Diesel,yes,Passat B6,13,10.31,9.525151111816216,0,0.0,False,False,True,False,False,13699.999999999996
Audi,263,1.9,Diesel,yes,A4,29,9.07,8.294049640102028,1,1.9,False,False,True,False,False,3999.9999999999995
Volkswagen,206,1.6,Diesel,yes,Caddy,13,15.85,9.0994088112689,0,0.0,False,False,False,False,True,8949.999999999987
Audi,307,2.8,Gas,yes,100,34,9.03,8.366137716496281,1,2.8,False,False,True,False,False,4298.999999999998
Toyota,2,3.0,Diesel,yes,Hilux,11,0.18,10.505067539570582,0,0.0,False,False,False,False,False,36499.99999999998
Mercedes-Benz,315,2.9,Diesel,yes,Sprinter 312,29,10.86,8.935903526274423,1,2.9,False,False,False,False,True,7600.000000000003
Mitsubishi,110,2.4,Petrol,yes,Outlander,19,5.79,9.126958763037132,0,0.0,False,False,False,False,False,9200.000000000005
Mercedes-Benz,191,1.8,Petrol,yes,E-Class,20,9.55,9.472704636443671,1,1.8,False,False,True,False,False,12999.999999999967
Toyota,132,4.0,Petrol,yes,Land Cruiser Prado,17,7.76,10.085809109330082,0,0.0,False,False,False,False,False,23999.999999999985
Mercedes-Benz,250,3.2,Diesel,yes,ML 320,18,13.89,9.947504437952905,1,3.2,False,True,False,False,False,20900.000000000044
BMW,79,3.0,Diesel,no,530,13,6.08,9.825526011066415,1,3.0,False,False,True,False,False,18499.999999999985
Mercedes-Benz,270,2.9,Diesel,no,E-Class,29,9.31,7.600902459542082,1,2.9,False,False,True,False,False,1999.9999999999998
Audi,310,2.0,Diesel,yes,100,36,8.61,7.783224016336037,1,2.0,False,False,True,False,False,2400.0000000000005
Renault,177,2.0,Diesel,yes,Trafic,16,11.06,9.425371103179842,0,0.0,False,False,False,False,True,12398.999999999996
Toyota,208,2.0,Petrol,yes,Rav 4,19,10.95,9.629050706834368,0,0.0,False,False,False,False,False,15200.000000000007
Audi,205,4.2,Gas,yes,Q7,18,11.39,10.077440859659566,1,4.2,False,False,False,False,False,23799.999999999996
Volkswagen,275,1.9,Diesel,no,Passat B5,24,11.46,8.006367567650246,0,0.0,False,False,False,True,False,2999.9999999999977
Mercedes-Benz,300,1.8,Petrol,yes,C-Class,29,10.34,8.294049640102028,1,1.8,False,False,True,False,False,3999.9999999999995
Renault,231,1.6,Petrol,yes,Scenic,17,13.59,8.85366542803745,0,0.0,False,False,False,True,False,6999.999999999999
Volkswagen,92,1.4,Petrol,yes,Sharan,13,7.08,9.792555991828849,0,0.0,False,False,False,False,True,17900.00000000004
Audi,223,2.5,Diesel,no,A6,24,9.29,8.131530710604252,1,2.5,False,False,False,True,False,3399.999999999999
BMW,227,3.0,Diesel,no,730,21,10.81,8.85366542803745,1,3.0,False,False,True,False,False,6999.999999999999
Audi,12,5.2,Petrol,yes,R8,13,0.92,11.49272275765271,1,5.2,False,True,False,False,False,98000.00000000001
Volkswagen,167,2.0,Diesel,yes,T5 (Transporter) ,14,11.93,9.445412494155669,0,0.0,False,False,False,False,True,12650.00000000003
Volkswagen,0,2.0,Diesel,yes,Passat CC,11,0.0,10.57234204052703,0,0.0,False,False,True,False,False,39040.00000000004
BMW,187,4.8,Gas,yes,X5,18,10.39,10.146433731146518,1,4.8,False,False,False,False,False,25500.0
Volkswagen,130,1.6,Petrol,yes,Polo,13,10.0,9.104979856318357,0,0.0,False,False,True,False,False,9000.000000000004
BMW,10,2.0,Diesel,yes,X3,9,1.11,10.764265574480024,1,2.0,False,False,False,False,False,47300.0
Renault,177,2.0,Diesel,yes,Trafic,17,10.41,9.35010231435134,0,0.0,False,False,False,False,True,11499.999999999976
Mitsubishi,47,2.0,Petrol,yes,ASX,13,3.62,9.852194258148575,0,0.0,False,False,False,False,False,18999.999999999956
Mercedes-Benz,1,3.5,Gas,yes,ML 350,19,0.05,9.825526011066415,1,3.5,False,False,False,False,False,18499.999999999985
Volkswagen,176,2.0,Diesel,yes,Caddy,20,8.8,8.877660933593667,0,0.0,False,False,False,False,True,7170.000000000006
Mercedes-Benz,250,3.0,Diesel,yes,GL 320,17,14.71,10.23995978915734,1,3.0,False,True,False,False,False,27999.999999999953
Audi,74,1.8,Petrol,yes,A4,13,5.69,10.257659366256744,1,1.8,False,False,True,False,False,28500.00000000007
Volkswagen,52,2.0,Petrol,yes,Scirocco,13,4.0,10.146433731146518,0,0.0,False,True,False,False,False,25500.0
Mitsubishi,281,3.0,Gas,yes,Pajero Wagon,22,12.77,9.305559638557115,0,0.0,False,True,False,False,False,10998.999999999985
Mercedes-Benz,100,5.5,Petrol,yes,S 500,14,7.14,10.657259354912508,1,5.5,False,False,True,False,False,42499.99999999999
Toyota,165,2.7,Petrol,yes,Land Cruiser Prado,20,8.25,9.72913416539135,0,0.0,False,False,False,False,False,16800.000000000004
Volkswagen,115,1.8,Petrol,yes,Passat B7,13,8.85,9.792555991828849,0,0.0,False,False,False,True,False,17900.00000000004
BMW,218,3.0,Petrol,yes,335,18,12.11,9.898475010712584,1,3.0,False,True,False,False,False,19900.000000000007
Volkswagen,200,2.5,Diesel,yes,T5 (Transporter),19,10.53,9.07680897935166,0,0.0,False,False,False,False,True,8750.000000000007
Mercedes-Benz,0,3.0,Diesel,yes,GLS 350,9,0.0,11.626245221665943,1,3.0,False,False,False,False,False,111999.00000000003
BMW,217,2.2,Petrol,yes,320,23,9.43,9.159047077588632,1,2.2,False,False,True,False,False,9499.999999999995
Toyota,98,1.3,Other,yes,Yaris,19,5.16,8.922658299524402,0,0.0,True,False,False,False,False,7500.000000000001
Mercedes-Benz,254,3.2,Diesel,yes,GL 320,17,14.94,10.388995368317827,1,3.2,False,False,False,False,False,32499.99999999995
Audi,273,2.5,Diesel,no,A6,22,12.41,8.216088098632316,1,2.5,False,False,False,True,False,3699.9999999999995
Mitsubishi,135,1.5,Gas,yes,Lancer X,17,7.94,9.047821442478408,0,0.0,False,True,False,False,False,8500.000000000005
Mercedes-Benz,40,3.0,Diesel,yes,S 350,11,3.64,11.607326140391711,1,3.0,False,False,True,False,False,109899.99999999983
Mercedes-Benz,88,6.2,Petrol,yes,CL 63 AMG,17,5.18,10.594131602877956,1,6.2,False,True,False,False,False,39900.000000000065
Mercedes-Benz,260,2.7,Diesel,no,E-Class,23,11.3,8.45531778769815,1,2.7,False,False,True,False,False,4699.999999999997
Audi,182,2.7,Gas,yes,A6 Allroad,22,8.27,9.487972108574462,1,2.7,False,False,False,True,False,13200.000000000002
Renault,216,1.5,Diesel,yes,Kangoo,15,14.4,8.809862805379057,0,0.0,False,False,False,False,True,6699.9999999999945
Volkswagen,80,2.0,Other,yes,Passat CC,14,5.71,10.043249494911286,0,0.0,False,False,True,False,False,22999.999999999993
Volkswagen,181,2.0,Diesel,yes,Caddy,17,10.65,8.764053269347762,0,0.0,False,False,False,False,True,6399.9999999999945
Mercedes-Benz,0,2.5,Diesel,yes,V 250,9,0.0,11.488171600504,1,2.5,False,False,False,False,True,97555.00000000007
Audi,242,2.0,Petrol,yes,A4,23,10.52,8.974618038455112,1,2.0,False,False,True,False,False,7899.999999999996
Mercedes-Benz,380,3.0,Diesel,yes,E-Class,30,12.67,8.575462099540212,1,3.0,False,False,True,False,False,5299.999999999996
Toyota,1,2.5,Petrol,yes,Camry,9,0.11,10.092926222488954,0,0.0,False,False,True,False,False,24171.419999999976
Audi,112,2.0,Diesel,yes,A4,13,8.62,10.060491301345794,1,2.0,False,False,True,False,False,23400.00000000002
Toyota,185,1.6,Petrol,yes,Corolla,17,10.88,9.259130536145614,0,0.0,False,False,True,False,False,10499.999999999993
Mercedes-Benz,262,2.3,Diesel,yes,Vito,27,9.7,8.496990484098719,1,2.3,False,False,False,False,True,4900.000000000004
BMW,258,4.4,Petrol,yes,X5,20,12.9,9.698920386794851,1,4.4,False,False,False,False,False,16299.999999999964
Renault,265,1.9,Diesel,no,Kangoo,26,10.19,7.170119543449628,0,0.0,False,False,False,False,True,1300.0
Mercedes-Benz,1,2.2,Diesel,yes,Vito,21,0.05,8.809862805379057,1,2.2,False,False,False,False,True,6699.9999999999945
Renault,315,2.2,Diesel,no,Laguna,22,14.32,7.955074273262696,0,0.0,True,False,False,False,False,2849.9999999999986
Mercedes-Benz,0,2.98,Diesel,yes,GLS 350,9,0.0,11.60822655382414,1,2.98,False,False,False,False,False,109999.00000000007
Audi,240,2.5,Diesel,no,A6,25,9.6,8.202482446576537,1,2.5,False,False,True,False,False,3650.0000000000005
Volkswagen,350,1.9,Diesel,yes,Passat B5,22,15.91,8.318742252692399,0,0.0,False,False,False,True,False,4099.999999999999
Mercedes-Benz,159,2.2,Diesel,yes,Vito,15,10.6,9.137769679141348,1,2.2,False,False,False,False,True,9300.000000000007
BMW,250,4.4,Gas,yes,X5,20,12.5,9.825526011066415,1,4.4,False,False,False,False,False,18499.999999999985
Mercedes-Benz,384,2.8,Petrol,yes,E-Class,25,15.36,8.935903526274423,1,2.8,False,False,True,False,False,7600.000000000003
Mitsubishi,112,1.6,Petrol,yes,Lancer,17,6.59,8.895629627136483,0,0.0,False,False,True,False,False,7300.000000000002
Renault,220,2.0,Other,yes,Trafic,18,12.22,8.809862805379057,0,0.0,False,False,False,False,True,6699.9999999999945
Toyota,80,2.4,Petrol,yes,Camry,17,4.71,9.574983485564092,0,0.0,False,False,True,False,False,14399.999999999995
Toyota,204,1.8,Other,yes,Avensis,17,12.0,9.268609280100158,0,0.0,False,False,True,False,False,10599.999999999993
Renault,234,2.0,Diesel,yes,Laguna,17,13.76,9.210340371976184,0,0.0,False,False,False,True,False,10000.00000000001
Toyota,160,3.5,Gas,yes,Avalon,18,8.89,9.47262771040802,0,0.0,False,False,True,False,False,12999.000000000007
Renault,168,1.5,Diesel,yes,Kangoo,13,12.92,8.824677891164198,0,0.0,False,False,False,False,True,6799.999999999999
Volkswagen,98,2.0,Diesel,yes,Tiguan,17,5.76,9.670924779305428,0,0.0,False,False,False,False,False,15850.00000000003
Renault,162,1.4,Petrol,yes,Kangoo,18,9.0,8.699514748210191,0,0.0,False,False,False,False,True,5999.999999999995
Volkswagen,120,3.5,Petrol,yes,Sharan,12,10.0,10.70772878060166,0,0.0,False,False,False,False,True,44699.999999999956
Renault,117,1.5,Diesel,yes,Kangoo,17,6.88,8.630521876723241,0,0.0,False,False,False,True,False,5600.000000000005
Mercedes-Benz,159,1.8,Gas,yes,E-Class,13,12.23,9.975808214115752,1,1.8,False,False,True,False,False,21499.999999999945
Renault,183,1.9,Diesel,yes,Trafic,19,9.63,8.935903526274423,0,0.0,False,False,False,False,True,7600.000000000003
Volkswagen,120,1.2,Diesel,yes,Polo,13,9.23,9.104979856318357,0,0.0,True,False,False,False,False,9000.000000000004
BMW,235,3.0,Diesel,yes,730,15,15.67,10.477287975463508,1,3.0,False,False,True,False,False,35500.00000000002
Mitsubishi,165,1.6,Petrol,yes,Lancer,19,8.68,8.612503371220562,0,0.0,False,False,True,False,False,5499.999999999999
Mercedes-Benz,168,3.2,Diesel,yes,GL 320,16,10.5,10.388995368317827,1,3.2,False,False,False,False,False,32499.99999999995
BMW,245,2.5,Petrol,yes,523,18,13.61,9.798127036878302,1,2.5,False,False,True,False,False,18000.000000000007
Mercedes-Benz,147,2.2,Diesel,yes,Vito,12,12.25,9.798127036878302,1,2.2,False,False,False,False,True,18000.000000000007
Renault,216,1.5,Diesel,yes,Megane,13,16.62,9.305559638557115,0,0.0,False,False,False,True,False,10998.999999999985
Mercedes-Benz,140,5.0,Petrol,yes,S 500,18,7.78,10.030120203469494,1,5.0,False,False,True,False,False,22699.999999999996
Toyota,75,2.5,Gas,yes,Camry,14,5.36,10.06475570013225,0,0.0,False,False,True,False,False,23500.00000000001
Mercedes-Benz,275,2.15,Diesel,yes,Sprinter 313,19,14.47,9.210340371976184,1,2.15,False,True,False,False,False,10000.00000000001
Volkswagen,157,1.9,Diesel,yes,Caddy,19,8.26,8.948975607841776,0,0.0,False,False,False,False,True,7700.0000000000055
Volkswagen,185,1.9,Diesel,yes,Caddy,16,11.56,9.296518068217235,0,0.0,False,False,False,False,True,10900.000000000002
Audi,225,2.5,Diesel,yes,A6 Allroad,21,10.71,9.47262771040802,1,2.5,False,False,False,True,False,12999.000000000007
BMW,1,2.0,Diesel,yes,X5,9,0.11,11.119882876860622,1,2.0,False,False,False,False,False,67500.00000000004
Volkswagen,325,2.5,Diesel,yes,T4 (Transporter),24,13.54,8.824677891164198,0,0.0,False,False,False,False,True,6799.999999999999
Mitsubishi,256,2.0,Petrol,yes,Galant,28,9.14,8.507142855562735,0,0.0,False,False,True,False,False,4949.999999999996
Renault,65,1.4,Petrol,yes,Symbol,13,5.0,8.85352256068954,0,0.0,False,False,True,False,False,6998.999999999996
Volkswagen,0,2.0,Diesel,yes,Golf VII,10,0.0,10.302263672493496,0,0.0,True,False,False,False,False,29799.99999999999
Mercedes-Benz,386,2.2,Diesel,yes,Sprinter 313,19,20.32,9.711115659888671,1,2.2,False,False,False,False,True,16499.999999999985
BMW,320,3.0,Gas,yes,530,25,12.8,8.779557455883728,1,3.0,False,False,True,False,False,6499.999999999995
Renault,100,1.5,Diesel,yes,Kangoo,15,6.67,9.21024036697585,0,0.0,False,False,False,True,False,9999.0
Volkswagen,200,1.9,Diesel,yes,Passat B5,22,9.09,9.047821442478408,0,0.0,False,False,False,True,False,8500.000000000005
Toyota,160,1.0,Petrol,yes,Yaris,19,8.42,8.656955133791396,0,0.0,True,False,False,False,False,5749.999999999997
BMW,1,3.0,Petrol,yes,730,29,0.03,8.507142855562735,1,3.0,False,False,True,False,False,4949.999999999996
BMW,129,2.0,Petrol,yes,320,17,7.59,9.898475010712584,1,2.0,False,True,False,False,False,19900.000000000007
Mitsubishi,180,3.0,Gas,yes,Pajero Wagon,17,10.59,9.674074388208323,0,0.0,False,False,False,False,False,15900.000000000007
Toyota,131,2.4,Gas,yes,Rav 4,19,6.89,9.51044496442652,0,0.0,False,False,False,False,False,13499.999999999996
Volkswagen,149,3.0,Diesel,yes,Touareg,17,8.76,9.849559210510572,0,0.0,False,False,False,False,False,18949.99999999999
Volkswagen,197,2.0,Petrol,yes,Passat B4,29,6.79,8.202482446576537,0,0.0,False,False,True,False,False,3650.0000000000005
Volkswagen,90,2.0,Petrol,yes,Tiguan,14,6.43,9.680344001221918,0,0.0,False,False,False,False,False,16000.000000000002
Toyota,66,2.5,Petrol,yes,Camry,14,4.71,9.980448593672255,0,0.0,False,False,True,False,False,21599.999999999978
Toyota,103,1.6,Petrol,yes,Auris,17,6.06,9.159047077588632,0,0.0,True,False,False,False,False,9499.999999999995
Audi,28,3.0,Diesel,yes,Q7,11,2.55,10.849337086651827,1,3.0,False,False,False,False,False,51499.999999999985
Volkswagen,400,2.4,Diesel,yes,T4 (Transporter),32,12.5,8.517193191416238,0,0.0,False,False,False,False,True,5000.000000000004
Volkswagen,90,2.0,Diesel,yes,Tiguan,11,8.18,10.203592144986466,0,0.0,False,True,False,False,False,26999.999999999996
Renault,189,2.0,Diesel,yes,Trafic,13,14.54,9.296518068217235,0,0.0,False,True,False,False,False,10900.000000000002
BMW,108,3.0,Petrol,yes,X3,14,7.71,10.537415373436104,1,3.0,False,False,False,False,False,37700.00000000009
Renault,66,1.5,Diesel,yes,Kangoo,13,5.08,8.74814616962193,0,0.0,False,False,False,False,True,6299.000000000001
Mercedes-Benz,29,6.3,Petrol,yes,S 63 AMG,18,1.61,10.594131602877956,1,6.3,False,False,True,False,False,39900.000000000065
BMW,140,4.8,Petrol,yes,X5,16,8.75,10.19988156558993,1,4.8,False,False,False,False,False,26899.999999999985
Audi,190,2.7,Gas,yes,A6 Allroad,21,9.05,9.104868739033948,1,2.7,False,False,False,True,False,8999.0
Volkswagen,116,2.0,Diesel,yes,Passat B7,14,8.29,9.692766521220475,0,0.0,False,False,True,False,False,16200.0
Mitsubishi,230,2.0,Petrol,yes,Galant,22,10.45,8.648221453822641,0,0.0,False,True,False,False,False,5699.999999999998
BMW,315,2.5,Diesel,yes,525,24,13.12,9.159047077588632,1,2.5,False,False,True,False,False,9499.999999999995
BMW,80,2.0,Petrol,yes,320,13,6.15,10.165813354725492,1,2.0,False,False,True,False,False,25998.99999999995
Audi,60,2.0,Petrol,yes,Q5,13,4.62,10.27332548300114,1,2.0,False,False,False,False,False,28949.99999999994
Audi,270,4.2,Petrol,yes,S8,25,10.8,8.77940359789435,1,4.2,False,False,True,False,False,6499.000000000004
Audi,35,1.8,Gas,yes,80,35,1.0,8.160518247477505,1,1.8,False,False,True,False,False,3499.9999999999995
Renault,68,1.2,Petrol,yes,Modus,16,4.25,8.915969311373605,0,0.0,True,False,False,False,False,7449.999999999996
Mercedes-Benz,266,5.0,Gas,yes,S 500,21,12.67,9.259130536145614,1,5.0,False,False,True,False,False,10499.999999999993
BMW,117,4.4,Petrol,yes,750,15,7.8,10.345316733380216,1,4.4,False,False,True,False,False,31110.999999999916
Toyota,192,3.0,Diesel,yes,Hilux,18,10.67,10.203592144986466,0,0.0,False,True,False,False,False,26999.999999999996
Toyota,17,2.5,Petrol,yes,Camry,10,1.7,10.17542126801977,0,0.0,False,False,True,False,False,26250.000000000004
Mercedes-Benz,245,2.2,Diesel,yes,Vito,23,10.65,8.895629627136483,1,2.2,False,False,False,False,True,7300.000000000002
Renault,122,2.0,Diesel,yes,Trafic,12,10.17,9.341368634382588,0,0.0,False,False,False,False,True,11400.000000000018
Volkswagen,279,1.9,Diesel,no,Passat B5,25,11.16,7.696212639346407,0,0.0,False,False,True,False,False,2199.9999999999995
Toyota,200,2.7,Gas,yes,Tacoma,20,10.0,9.259130536145614,0,0.0,False,False,False,False,True,10499.999999999993
Toyota,200,4.5,Gas,yes,Land Cruiser 80,29,6.9,9.259130536145614,0,0.0,False,False,False,False,False,10499.999999999993
Volkswagen,1,1.6,Petrol,yes,Polo,10,0.1,9.303303253575796,0,0.0,False,False,True,False,False,10974.210000000023
Volkswagen,119,2.0,Diesel,yes,Passat B6,18,6.61,9.35010231435134,0,0.0,False,False,True,False,False,11499.999999999976
BMW,59,4.4,Petrol,yes,750,16,3.69,10.645424897265505,1,4.4,False,False,True,False,False,41999.99999999998
Mercedes-Benz,230,3.0,Diesel,yes,R 320,18,12.78,9.79757132694458,1,3.0,False,False,False,False,False,17990.00000000001
Audi,300,2.5,Diesel,no,A6,23,13.04,7.824046010856292,1,2.5,False,False,False,True,False,2499.9999999999995
Audi,136,3.2,Petrol,yes,A6,18,7.56,9.711115659888671,1,3.2,False,False,True,False,False,16499.999999999985
Audi,64,3.0,Diesel,yes,Q7,12,5.33,10.757902880692196,1,3.0,False,False,False,False,False,47000.00000000002
Mitsubishi,240,1.8,Petrol,yes,Carisma,25,9.6,8.575462099540212,0,0.0,True,False,False,False,False,5299.999999999996
Toyota,0,2.5,Diesel,yes,Hiace,9,0.0,10.643041105910228,0,0.0,False,False,False,False,True,41899.99999999997
BMW,226,2.5,Petrol,yes,525,26,8.69,8.85366542803745,1,2.5,False,True,False,False,False,6999.999999999999
Mercedes-Benz,122,3.0,Diesel,yes,Vito,13,9.38,10.188666494769793,1,3.0,False,False,False,False,True,26600.00000000006
Mitsubishi,133,1.6,Petrol,yes,Lancer,18,7.39,8.779557455883728,0,0.0,False,False,True,False,False,6499.999999999995
Volkswagen,185,1.6,Gas,yes,Jetta,17,10.88,9.169518377455928,0,0.0,False,False,True,False,False,9600.000000000004
Mitsubishi,106,2.0,Gas,yes,Galant,28,3.79,8.070906088787819,0,0.0,False,False,True,False,False,3200.0000000000027
Mercedes-Benz,198,6.0,Petrol,yes,S 600,21,9.43,9.323669057283183,1,6.0,False,True,False,False,False,11199.99999999997
Mitsubishi,143,2.0,Gas,yes,Outlander,18,7.94,8.974618038455112,0,0.0,False,False,False,False,False,7899.999999999996
Audi,1,1.4,Petrol,yes,A4,9,0.11,10.29562929750837,1,1.4,False,False,True,False,False,29602.94999999998
Mercedes-Benz,154,3.5,Gas,no,CLS 350,20,7.7,9.0994088112689,1,3.5,False,False,True,False,False,8949.999999999987
Renault,123,1.5,Diesel,yes,Megane,16,7.69,9.071078304642676,0,0.0,False,False,False,True,False,8700.000000000004
Toyota,177,2.4,Gas,yes,Camry,16,11.06,9.464982590349765,0,0.0,False,False,True,False,False,12900.000000000015
Renault,113,1.5,Diesel,yes,Megane,14,8.07,9.268609280100158,0,0.0,False,False,False,True,False,10599.999999999993
Toyota,93,1.6,Petrol,yes,Auris,18,5.17,9.047821442478408,0,0.0,True,False,False,False,False,8500.000000000005
Toyota,100,1.8,Other,yes,Prius,15,6.67,9.60911649193355,0,0.0,True,False,False,False,False,14899.999999999995
Mitsubishi,350,1.8,Petrol,yes,Galant,35,10.0,7.824046010856292,0,0.0,False,True,False,False,False,2499.9999999999995
Audi,118,2.0,Diesel,yes,Q5,12,9.83,10.4341158035983,1,2.0,False,False,False,False,False,34000.00000000003
Mercedes-Benz,195,5.0,Gas,yes,G 500,23,8.48,10.571316925111784,1,5.0,False,False,False,False,False,39000.00000000002
Mercedes-Benz,285,1.8,Gas,yes,E-Class,22,12.95,9.259130536145614,1,1.8,False,False,True,False,False,10499.999999999993
Mitsubishi,93,2.5,Petrol,no,Galant,28,3.32,7.863266724009573,0,0.0,False,False,False,True,False,2599.9999999999977
BMW,111,2.5,Gas,yes,525,34,3.26,8.476371196895983,1,2.5,False,False,True,False,False,4800.000000000001
Volkswagen,352,2.5,Diesel,yes,T4 (Transporter),24,14.67,8.961879012677683,0,0.0,False,False,False,False,True,7799.999999999996
Mercedes-Benz,0,3.0,Petrol,yes,GLE-Class,9,0.0,11.512915464920228,1,3.0,False,False,False,False,False,99999.0
Toyota,130,2.0,Petrol,yes,Rav 4,17,7.65,9.635608107380529,0,0.0,False,False,False,False,False,15300.000000000031
Toyota,55,1.0,Petrol,yes,Aygo,14,3.93,9.047821442478408,0,0.0,True,False,False,False,False,8500.000000000005
Renault,217,1.4,Petrol,yes,Kangoo,21,10.33,8.006367567650246,0,0.0,False,False,False,False,True,2999.9999999999977
BMW,400,2.0,Petrol,yes,520,34,11.76,8.517193191416238,1,2.0,False,False,True,False,False,5000.000000000004
Renault,0,1.2,Petrol,yes,Logan,9,0.0,9.341718573146874,0,0.0,False,False,True,False,False,11403.989999999993
BMW,30,2.0,Diesel,yes,X5,9,3.33,11.00043178410354,1,2.0,False,False,False,False,False,59899.99999999996
Volkswagen,320,1.4,Petrol,yes,Golf IV,23,13.91,8.594154232552366,0,0.0,True,False,False,False,False,5400.000000000003
Volkswagen,160,1.4,Petrol,yes,Passat B7,14,11.43,9.769956159911606,0,0.0,False,False,False,True,False,17500.000000000015
Renault,167,1.6,Petrol,yes,Megane,20,8.35,8.748304912379623,0,0.0,False,False,True,False,False,6299.999999999996
Volkswagen,300,1.9,Diesel,no,Golf IV,26,11.54,7.549609165154532,0,0.0,True,False,False,False,False,1900.0000000000005
Toyota,135,3.5,Gas,yes,Camry,18,7.5,9.425451751593128,0,0.0,False,False,True,False,False,12399.999999999996
Volkswagen,141,2.0,Petrol,yes,Beetle,25,5.64,9.047821442478408,0,0.0,True,False,False,False,False,8500.000000000005
Mercedes-Benz,126,5.5,Petrol,yes,GL 500,15,8.4,10.594131602877956,1,5.5,False,False,False,False,False,39900.000000000065
Volkswagen,122,1.4,Petrol,yes,Golf III,32,3.81,8.116715624819111,0,0.0,True,False,False,False,False,3349.9999999999973
Renault,180,1.6,Gas,yes,Kangoo,15,12.0,9.011889433252344,0,0.0,False,False,False,True,False,8199.999999999998
Volkswagen,51,2.0,Petrol,yes,New Beetle,12,4.25,10.00784756786037,0,0.0,True,False,False,False,False,22199.999999999985
Renault,141,1.5,Diesel,yes,Scenic,19,7.42,8.987071812848821,0,0.0,False,False,False,False,True,7998.999999999996
Volkswagen,220,1.9,Diesel,no,Passat B5,21,10.48,7.823645930834952,0,0.0,False,False,True,False,False,2498.9999999999995
BMW,70,3.0,Diesel,yes,X5,11,6.36,11.1004357419251,1,3.0,False,False,False,False,False,66200.00000000003
Audi,34,1.4,Petrol,yes,A3,12,2.83,9.95227771670556,1,1.4,True,False,False,False,False,20999.999999999985
Volkswagen,270,1.9,Diesel,yes,T5 (Transporter) ,17,15.88,8.881836305004146,0,0.0,False,False,False,False,True,7199.999999999996
BMW,65,2.0,Petrol,yes,X3,12,5.42,10.46024210819052,1,2.0,False,False,False,False,False,34900.00000000007
Audi,94,1.8,Petrol,yes,A4,17,5.53,9.769956159911606,1,1.8,False,False,True,False,False,17500.000000000015
Volkswagen,148,1.6,Diesel,yes,Caddy,14,10.57,9.169518377455928,0,0.0,False,False,False,False,True,9600.000000000004
Toyota,300,2.0,Petrol,yes,Camry,36,8.33,7.696212639346407,0,0.0,False,False,False,True,False,2199.9999999999995
BMW,108,3.0,Petrol,yes,X6,17,6.35,10.373491181781864,1,3.0,False,False,False,False,False,32000.000000000007
Volkswagen,342,1.9,Diesel,yes,T4 (Transporter) ,29,11.79,8.45531778769815,0,0.0,False,False,False,False,True,4699.999999999997
Volkswagen,282,2.5,Diesel,yes,T5 (Transporter),19,14.84,9.305650551780507,0,0.0,False,False,False,False,True,10999.999999999998
Volkswagen,105,2.0,Diesel,yes,Passat CC,13,8.08,10.085809109330082,0,0.0,False,False,True,False,False,23999.999999999985
Renault,270,1.2,Gas,yes,Kangoo,26,10.38,8.318742252692399,0,0.0,False,True,False,False,False,4099.999999999999
BMW,270,4.4,Petrol,yes,540,29,9.31,8.66561319653451,1,4.4,False,False,True,False,False,5799.999999999996
Audi,260,2.5,Diesel,yes,A6,23,11.3,9.0595174822416,1,2.5,False,False,True,False,False,8600.0
Audi,360,2.2,Gas,yes,100,35,10.29,8.160518247477505,1,2.2,False,True,False,False,False,3499.9999999999995
Mercedes-Benz,270,2.8,Gas,yes,S 140,29,9.31,8.958925938694943,1,2.8,False,False,True,False,False,7776.999999999997
Volkswagen,112,2.5,Diesel,yes,Touareg,17,6.59,9.87816974455184,0,0.0,False,False,False,False,False,19500.000000000044
BMW,157,2.0,Diesel,yes,520,18,8.72,9.495519314209846,1,2.0,False,False,False,True,False,13300.000000000005
Mercedes-Benz,90,5.5,Petrol,yes,S 500,18,5.0,10.257659366256744,1,5.5,False,False,True,False,False,28500.00000000007
BMW,155,2.0,Diesel,yes,520,13,11.92,10.21464198117305,1,2.0,False,False,True,False,False,27299.99999999999
Renault,100,1.4,Petrol,yes,Clio,19,5.26,8.476371196895983,0,0.0,False,False,True,False,False,4800.000000000001
Mercedes-Benz,157,2.2,Diesel,yes,Vito,13,12.08,9.350015354048663,1,2.2,False,True,False,False,False,11498.999999999982
BMW,284,1.9,Gas,yes,316,25,11.36,9.047821442478408,1,1.9,False,False,True,False,False,8500.000000000005
Toyota,133,2.7,Gas,yes,Land Cruiser Prado,18,7.39,9.792555991828849,0,0.0,False,False,False,False,False,17900.00000000004
Audi,278,2.5,Diesel,yes,A6,20,13.9,9.375854810453756,1,2.5,False,False,False,True,False,11799.999999999998
Audi,150,1.6,Petrol,yes,A3,17,8.82,9.316050826398296,1,1.6,True,False,False,False,False,11114.99999999999
Volkswagen,160,2.0,Diesel,yes,T6 (Transporter),14,11.43,9.47262771040802,0,0.0,False,False,False,False,True,12999.000000000007
Toyota,0,1.8,Petrol,yes,Avensis,9,0.0,10.120292255735643,0,0.0,False,False,True,False,False,24842.029999999944
Mitsubishi,250,2.0,Petrol,yes,Lancer X,18,13.89,9.035986984831403,0,0.0,False,False,True,False,False,8399.999999999987
Toyota,129,3.5,Other,yes,Camry,17,7.59,9.64859530290734,0,0.0,False,False,True,False,False,15500.000000000036
BMW,265,3.0,Diesel,yes,730,20,13.25,9.546741177474823,1,3.0,False,False,True,False,False,13998.999999999973
Toyota,51,3.0,Diesel,yes,Land Cruiser Prado,12,4.25,10.666627104916108,0,0.0,False,False,False,False,False,42899.99999999998
Volkswagen,91,3.0,Diesel,yes,Phaeton,13,7.0,10.774299631131251,0,0.0,False,False,True,False,False,47776.99999999993
Renault,155,2.0,Petrol,yes,Laguna,18,8.61,8.92930284224307,0,0.0,True,False,False,False,False,7549.999999999995
BMW,43,4.4,Petrol,yes,750,12,3.58,11.134589024250316,1,4.4,False,False,True,False,False,68499.99999999993
Volkswagen,300,2.5,Diesel,yes,T5 (Transporter),21,14.29,9.035986984831403,0,0.0,False,False,False,False,True,8399.999999999987
Renault,1,1.6,Diesel,yes,Trafic,10,0.1,10.093845481018526,0,0.0,False,False,False,False,True,24193.649999999983
Renault,61,1.5,Diesel,yes,Duster,12,5.08,9.595602772766828,0,0.0,False,False,False,False,False,14700.000000000002
Renault,127,1.5,Diesel,yes,Kangoo,14,9.07,9.02401079378469,0,0.0,False,False,False,False,True,8300.000000000007
Volkswagen,185,2.0,Diesel,yes,Passat B7,14,13.21,9.852194258148575,0,0.0,False,False,False,True,False,18999.999999999956
BMW,305,1.9,Petrol,no,318,25,12.2,8.216088098632316,1,1.9,False,False,True,False,False,3699.9999999999995
BMW,307,2.5,Petrol,yes,525,31,9.9,8.411832675758411,1,2.5,False,False,True,False,False,4500.000000000001
Toyota,140,1.6,Petrol,yes,Corolla,17,8.24,9.148464968258097,0,0.0,False,False,True,False,False,9400.000000000011
Toyota,115,5.7,Petrol,yes,Tundra,18,6.39,10.126631103850338,0,0.0,False,False,False,False,False,25000.0
Volkswagen,110,2.0,Diesel,yes,Passat B7,12,9.17,9.798127036878302,0,0.0,False,False,True,False,False,18000.000000000007
Toyota,135,2.4,Petrol,yes,Camry,19,7.11,9.417354541360508,0,0.0,False,False,True,False,False,12299.999999999989
Mercedes-Benz,235,2.2,Diesel,yes,E-Class,18,13.06,9.9281801651265,1,2.2,False,False,True,False,False,20500.000000000015
Renault,162,2.3,Other,yes,Master,14,11.57,9.38429367909962,0,0.0,False,True,False,False,False,11899.999999999998
BMW,350,2.5,Petrol,yes,525,30,11.67,8.29154650988391,1,2.5,False,False,True,False,False,3990.000000000002
Mercedes-Benz,190,2.2,Diesel,yes,Vito,16,11.88,9.517825071724143,1,2.2,False,False,False,False,True,13599.999999999998
BMW,180,3.0,Diesel,yes,730,18,10.0,9.75846178048587,1,3.0,False,False,True,False,False,17299.999999999996
Mercedes-Benz,386,2.2,Diesel,yes,Sprinter 313,17,22.71,9.433483923290392,1,2.2,False,False,False,False,True,12500.0
BMW,184,3.0,Gas,yes,X5,21,8.76,9.539644119118783,1,3.0,False,False,False,False,False,13900.000000000002
BMW,98,3.0,Petrol,yes,X6,14,7.0,10.586584397242571,1,3.0,False,False,False,False,False,39599.999999999985
Volkswagen,185,1.4,Petrol,yes,Cross Touran,17,10.88,9.367344120785848,0,0.0,False,False,False,False,True,11700.000000000007
Audi,250,2.4,Gas,yes,A6,27,9.26,8.881836305004146,1,2.4,False,False,True,False,False,7199.999999999996
Audi,200,1.8,Petrol,yes,A4,19,10.53,9.305559638557115,1,1.8,False,False,True,False,False,10998.999999999985
Renault,105,1.5,Diesel,yes,Kangoo,15,7.0,8.974618038455112,0,0.0,False,False,False,True,False,7899.999999999996
Mercedes-Benz,168,5.0,Petrol,yes,CL 500,23,7.3,9.539644119118783,1,5.0,False,True,False,False,False,13900.000000000002
Volkswagen,390,1.9,Diesel,yes,Passat B4,29,13.45,8.411832675758411,0,0.0,False,False,False,True,False,4500.000000000001
Toyota,180,1.8,Gas,yes,Matrix,22,8.18,9.104979856318357,0,0.0,False,False,False,False,False,9000.000000000004
Renault,233,1.5,Diesel,yes,Laguna,16,14.56,9.259130536145614,0,0.0,False,False,False,True,False,10499.999999999993
Mercedes-Benz,220,5.0,Petrol,yes,S 500,22,10.0,9.472704636443671,1,5.0,False,False,True,False,False,12999.999999999967
Renault,186,1.5,Diesel,yes,Kangoo,15,12.4,8.895629627136483,0,0.0,False,False,False,False,True,7300.000000000002
Toyota,80,2.5,Other,yes,Camry,13,6.15,9.998752276761907,0,0.0,False,False,True,False,False,21998.999999999956
Mitsubishi,57,1.5,Gas,yes,Lancer X,14,4.07,9.259130536145614,0,0.0,False,False,True,False,False,10499.999999999993
Renault,137,1.5,Diesel,yes,Kangoo,11,12.45,9.02401079378469,0,0.0,False,False,False,False,True,8300.000000000007
Mitsubishi,175,2.5,Diesel,yes,L 200,17,10.29,9.417354541360508,0,0.0,False,True,False,False,False,12299.999999999989
Mercedes-Benz,282,2.2,Diesel,no,210,25,11.28,7.972466015974565,1,2.2,False,False,True,False,False,2899.9999999999977
Mercedes-Benz,313,3.2,Diesel,yes,S 320,22,14.23,9.468851067127684,1,3.2,False,False,True,False,False,12950.0
BMW,140,4.8,Petrol,yes,X5,17,8.24,10.06475570013225,1,4.8,False,False,False,False,False,23500.00000000001
Audi,71,2.0,Petrol,yes,Q5,14,5.07,10.413312675968536,1,2.0,False,False,False,False,False,33300.000000000015
Mitsubishi,210,2.4,Gas,yes,Outlander,18,11.67,9.011889433252344,0,0.0,False,False,False,False,False,8199.999999999998
Volkswagen,220,1.8,Gas,yes,Passat B5,23,9.57,8.961879012677683,0,0.0,False,False,True,False,False,7799.999999999996
Toyota,170,4.0,Gas,yes,Land Cruiser Prado,19,8.95,9.98966524877718,0,0.0,False,False,False,False,False,21800.000000000007
Mercedes-Benz,74,2.2,Diesel,yes,C-Class,14,5.29,10.03889218954233,1,2.2,False,False,True,False,False,22899.999999999996
Volkswagen,200,1.6,Diesel,yes,Caddy,14,14.29,9.047821442478408,0,0.0,False,True,False,False,False,8500.000000000005
Audi,131,2.0,Diesel,yes,A4,16,8.19,9.723163998404846,1,2.0,False,False,False,True,False,16699.999999999996
Toyota,142,2.4,Petrol,yes,Camry,18,7.89,9.22029070282935,0,0.0,False,False,True,False,False,10099.999999999998
Renault,125,1.5,Diesel,yes,Kangoo,13,9.62,8.948975607841776,0,0.0,False,False,False,False,True,7700.0000000000055
Mitsubishi,190,3.0,Gas,yes,Pajero Sport,19,10.0,9.287301413112312,0,0.0,False,False,False,False,False,10800.000000000007
Mercedes-Benz,1,1.8,Petrol,yes,C-Class,29,0.03,8.45531778769815,1,1.8,False,False,True,False,False,4699.999999999997
Audi,248,2.5,Diesel,yes,A6,25,9.92,8.699348067653093,1,2.5,False,False,False,True,False,5998.999999999996
Renault,143,1.5,Diesel,yes,Kangoo,18,7.94,8.66561319653451,0,0.0,False,False,False,False,True,5799.999999999996
Mitsubishi,200,1.6,Gas,yes,Lancer,20,10.0,8.594154232552366,0,0.0,False,False,True,False,False,5400.000000000003
Audi,270,2.5,Diesel,yes,A4,27,10.0,8.006367567650246,1,2.5,False,False,False,True,False,2999.9999999999977
Mitsubishi,330,1.3,Gas,yes,Lancer,29,11.38,8.070906088787819,0,0.0,False,False,True,False,False,3200.0000000000027
Mercedes-Benz,132,3.0,Diesel,yes,S 350,15,8.8,10.691922185369403,1,3.0,False,False,True,False,False,43999.00000000003
Audi,250,2.5,Other,yes,A6,26,9.62,8.1886891244442,1,2.5,False,False,False,True,False,3599.999999999998
Mercedes-Benz,400,2.3,Diesel,yes,Vito,29,13.79,8.612503371220562,1,2.3,False,False,False,False,True,5499.999999999999
Volkswagen,129,2.0,Petrol,yes,Passat B6,19,6.79,9.230142999272362,0,0.0,False,False,True,False,False,10199.99999999999
Mercedes-Benz,123,2.2,Diesel,yes,E-Class,14,8.79,10.357742824813725,1,2.2,False,False,True,False,False,31500.000000000015
Toyota,110,1.6,Petrol,yes,Corolla,14,7.86,9.35010231435134,0,0.0,False,False,True,False,False,11499.999999999976
Mitsubishi,63,2.0,Petrol,yes,Lancer X,13,4.85,9.2954165443313,0,0.0,False,False,True,False,False,10887.999999999973
Toyota,20,5.7,Gas,yes,Tundra,11,1.82,10.558413520275876,0,0.0,False,False,False,False,False,38500.0
Audi,206,2.5,Diesel,no,A6,22,9.36,8.411832675758411,1,2.5,False,False,False,True,False,4500.000000000001
Volkswagen,63,2.0,Diesel,yes,Multivan,12,5.25,10.92512880001811,0,0.0,False,False,False,False,True,55555.00000000002
Volkswagen,150,2.5,Diesel,yes,Touareg,20,7.5,9.546741177474823,0,0.0,False,False,False,False,False,13998.999999999973
Volkswagen,300,2.5,Diesel,yes,T4 (Transporter),28,10.71,8.809862805379057,0,0.0,False,False,False,False,True,6699.9999999999945
Renault,135,1.5,Diesel,yes,Kangoo,12,11.25,8.867850063029406,0,0.0,False,False,False,False,True,7099.999999999997
Audi,0,3.0,Petrol,yes,A7,9,0.0,11.308358299228956,1,3.0,False,False,True,False,False,81500.00000000019
Renault,122,1.5,Diesel,yes,Kangoo,18,6.78,8.732304571033183,0,0.0,False,False,False,False,True,6199.999999999998
Mercedes-Benz,110,3.0,Diesel,yes,S 350,14,7.86,10.657259354912508,1,3.0,False,False,True,False,False,42499.99999999999
BMW,16,3.0,Diesel,yes,X6,10,1.6,11.225243392518449,1,3.0,False,False,False,False,False,75000.00000000009
BMW,147,4.0,Diesel,yes,X5,13,11.31,10.790349473719472,1,4.0,False,True,False,False,False,48550.00000000003
Mercedes-Benz,148,3.2,Petrol,yes,ML 320,24,6.17,9.305650551780507,1,3.2,False,False,False,False,False,10999.999999999998
BMW,275,2.0,Gas,yes,520,27,10.19,8.922658299524402,1,2.0,False,False,True,False,False,7500.000000000001
Toyota,5,1.3,Petrol,yes,Corolla,36,0.14,8.00603417874901,0,0.0,False,False,False,True,False,2999.0000000000023
BMW,100,3.0,Petrol,yes,630,18,5.56,10.021270588192513,1,3.0,False,True,False,False,False,22500.00000000003
Volkswagen,273,2.5,Diesel,yes,T4 (Transporter),22,12.41,9.38429367909962,0,0.0,False,False,False,False,True,11899.999999999998
Volkswagen,167,3.0,Diesel,yes,Touareg,18,9.28,9.792555991828849,0,0.0,False,False,False,False,False,17900.00000000004
Renault,118,1.5,Diesel,yes,Kangoo,13,9.08,8.809862805379057,0,0.0,False,False,False,False,True,6699.9999999999945
BMW,25,3.0,Petrol,yes,325,17,1.47,10.03889218954233,1,3.0,False,True,False,False,False,22899.999999999996
Toyota,170,1.8,Gas,yes,Avensis,19,8.95,9.137769679141348,0,0.0,False,False,True,False,False,9300.000000000007
Volkswagen,111,2.0,Diesel,yes,Passat B7,13,8.54,9.92083619087074,0,0.0,False,False,False,True,False,20349.999999999964
Volkswagen,0,3.0,Diesel,yes,Touareg,9,0.0,11.184421397998191,0,0.0,False,False,False,False,False,71999.99999999991
BMW,250,3.0,Diesel,yes,X5,21,11.9,9.72913416539135,1,3.0,False,False,False,False,False,16800.000000000004
Toyota,115,1.6,Petrol,yes,Corolla,17,6.76,9.093806555720231,0,0.0,False,False,True,False,False,8900.000000000002
Mitsubishi,43,2.4,Petrol,yes,Outlander,12,3.58,10.034515814942532,0,0.0,False,False,False,False,False,22799.999999999996
Volkswagen,86,1.6,Petrol,yes,Polo,13,6.62,9.0825070004663,0,0.0,False,False,True,False,False,8800.000000000024
Volkswagen,115,2.0,Diesel,yes,Caddy,14,8.21,9.55393007636626,0,0.0,False,False,False,True,False,14100.00000000001
Mitsubishi,84,2.0,Petrol,yes,Lancer X,16,5.25,9.126958763037132,0,0.0,False,False,True,False,False,9200.000000000005
Toyota,50,4.6,Petrol,yes,Land Cruiser 200,10,5.0,11.231887935237117,0,0.0,False,False,False,False,False,75500.00000000004
Volkswagen,2,1.8,Petrol,yes,Passat B3,36,0.06,7.972466015974565,0,0.0,False,False,True,False,False,2899.9999999999977
Audi,305,1.6,Other,yes,A4,29,10.52,8.716044050161402,1,1.6,False,False,True,False,False,6099.999999999998
Renault,87,1.4,Petrol,yes,Megane,17,5.12,8.888066854754783,0,0.0,False,False,True,False,False,7245.0
Renault,170,1.9,Diesel,no,Scenic,22,7.73,7.824046010856292,0,0.0,False,False,True,False,False,2499.9999999999995
Renault,165,1.5,Diesel,yes,Megane,13,12.69,9.323669057283183,0,0.0,False,False,False,True,False,11199.99999999997
Renault,198,1.5,Diesel,yes,Grand Scenic,13,15.23,9.51044496442652,0,0.0,False,False,False,False,True,13499.999999999996
Audi,300,2.0,Diesel,yes,A6,20,15.0,9.525151111816216,1,2.0,False,False,True,False,False,13699.999999999996
Audi,340,2.4,Gas,yes,A6,27,12.59,8.366370301681654,1,2.4,False,False,True,False,False,4300.0
Volkswagen,310,2.5,Diesel,yes,T5 (Transporter),18,17.22,9.21024036697585,0,0.0,False,False,False,False,True,9999.0
Mercedes-Benz,435,3.2,Petrol,yes,S 140,31,14.03,8.779557455883728,1,3.2,False,False,True,False,False,6499.999999999995
Mercedes-Benz,174,2.2,Diesel,yes,Vito,13,13.38,9.341368634382588,1,2.2,False,False,False,False,True,11400.000000000018
Toyota,180,3.5,Petrol,yes,Camry,18,10.0,9.259130536145614,0,0.0,False,False,True,False,False,10499.999999999993
Renault,245,1.5,Diesel,yes,Kangoo,22,11.14,8.00603417874901,0,0.0,False,False,False,False,True,2999.0000000000023
Mercedes-Benz,180,3.2,Diesel,yes,GL 320,17,10.59,10.292145542327912,1,3.2,False,False,False,False,False,29500.000000000025
Mercedes-Benz,300,2.0,Petrol,yes,E-Class,25,12.0,8.987196820661973,1,2.0,False,False,True,False,False,8000.0
Mitsubishi,130,2.0,Petrol,yes,Lancer X,17,7.65,9.259130536145614,0,0.0,False,False,True,False,False,10499.999999999993
Mercedes-Benz,220,5.0,Petrol,yes,S 500,21,10.48,9.341368634382588,1,5.0,False,False,True,False,False,11400.000000000018
Volkswagen,147,1.6,Gas,yes,Golf Plus,19,7.74,9.02401079378469,0,0.0,True,False,False,False,False,8300.000000000007
Audi,250,2.4,Gas,yes,A6,26,9.62,8.83927669058535,1,2.4,False,False,True,False,False,6899.999999999999
Mercedes-Benz,210,4.3,Gas,yes,ML 430,25,8.4,9.047821442478408,1,4.3,False,True,False,False,False,8500.000000000005
Volkswagen,148,3.0,Diesel,yes,Touareg,18,8.22,9.75846178048587,0,0.0,False,False,False,False,False,17299.999999999996
Volkswagen,215,2.0,Petrol,yes,Passat B3,32,6.72,8.160518247477505,0,0.0,False,False,False,True,False,3499.9999999999995
Volkswagen,220,1.4,Petrol,yes,Polo,22,10.0,8.517193191416238,0,0.0,True,False,False,False,False,5000.000000000004
Mitsubishi,118,1.6,Petrol,yes,Lancer,18,6.56,8.83927669058535,0,0.0,False,False,True,False,False,6899.999999999999
Toyota,188,2.0,Petrol,yes,Rav 4,26,7.23,8.612503371220562,0,0.0,False,False,False,False,False,5499.999999999999
BMW,98,3.0,Petrol,yes,Z4,18,5.44,9.792555991828849,1,3.0,False,True,False,False,False,17900.00000000004
Volkswagen,210,2.0,Diesel,yes,Caddy,13,16.15,9.35010231435134,0,0.0,False,False,False,False,True,11499.999999999976
Volkswagen,167,1.6,Diesel,yes,Golf Variant,14,11.93,9.457200449907708,0,0.0,False,False,False,True,False,12799.99999999999
Volkswagen,350,1.0,Other,yes,T5 (Transporter) ,21,16.67,8.85366542803745,0,0.0,False,False,False,False,True,6999.999999999999
BMW,220,2.2,Gas,yes,5 Series,24,9.17,9.035986984831403,1,2.2,False,False,True,False,False,8399.999999999987
Audi,11,1.9,Diesel,no,A6,26,0.42,8.006367567650246,1,1.9,False,False,False,False,True,2999.9999999999977
Renault,160,1.4,Gas,yes,Symbol,17,9.41,8.556413904569519,0,0.0,False,False,True,False,False,5200.000000000001
Mitsubishi,120,1.3,Petrol,yes,Colt,20,6.0,8.648221453822641,0,0.0,False,False,False,True,False,5699.999999999998
Mitsubishi,285,2.5,Diesel,yes,Pajero,34,8.38,8.779557455883728,0,0.0,False,False,False,False,False,6499.999999999995
Volkswagen,200,1.9,Diesel,no,Passat B5,26,7.69,7.7406644019172415,0,0.0,False,False,False,True,False,2300.000000000001
Volkswagen,228,1.9,Diesel,yes,Caddy,19,12.0,8.948975607841776,0,0.0,False,False,False,False,True,7700.0000000000055
Volkswagen,110,1.6,Diesel,yes,Caddy,13,8.46,9.305559638557115,0,0.0,False,False,False,False,True,10998.999999999985
BMW,212,3.0,Diesel,no,730,21,10.1,9.071078304642676,1,3.0,False,True,False,False,False,8700.000000000004
Mercedes-Benz,312,3.2,Petrol,yes,E-Class,25,12.48,8.881836305004146,1,3.2,False,False,True,False,False,7199.999999999996
BMW,38,3.0,Petrol,yes,X6,16,2.38,10.571316925111784,1,3.0,False,False,False,False,False,39000.00000000002
Mitsubishi,235,3.0,Gas,yes,Pajero Wagon,18,13.06,9.392578591964387,0,0.0,False,False,False,False,False,11998.99999999998
Volkswagen,195,2.0,Diesel,yes,T5 (Transporter),14,13.93,9.803667217253915,0,0.0,False,True,False,False,False,18099.999999999967
Mitsubishi,185,1.3,Petrol,no,Space Star,25,7.4,7.377758908227872,0,0.0,False,False,False,True,False,1599.9999999999984
Renault,1,1.0,Diesel,no,Laguna,19,0.05,7.882314918980268,0,0.0,False,False,False,True,False,2650.0
Volkswagen,115,1.8,Petrol,yes,Passat CC,13,8.85,10.056208639553793,0,0.0,False,False,True,False,False,23300.000000000022
BMW,210,3.0,Gas,yes,X5,17,12.35,10.146433731146518,1,3.0,False,False,False,False,False,25500.0
Volkswagen,122,2.0,Petrol,yes,Passat B7,13,9.38,9.947504437952905,0,0.0,False,False,True,False,False,20900.000000000044
Renault,310,2.0,Petrol,yes,Laguna,29,10.69,8.216088098632316,0,0.0,True,False,False,False,False,3699.9999999999995
Toyota,125,1.6,Petrol,yes,Corolla,16,7.81,9.159047077588632,0,0.0,False,False,True,False,False,9499.999999999995
Mercedes-Benz,121,3.0,Diesel,yes,GL 350,12,10.08,11.02679245379461,1,3.0,False,False,False,False,False,61500.00000000001
Volkswagen,217,1.9,Diesel,yes,Passat B5,20,10.85,9.0825070004663,0,0.0,False,True,False,False,False,8800.000000000024
BMW,136,2.0,Diesel,yes,520,13,10.46,10.46024210819052,1,2.0,False,False,False,True,False,34900.00000000007
Audi,200,2.5,Diesel,yes,A6,26,7.69,8.1886891244442,1,2.5,False,False,False,True,False,3599.999999999998
Mercedes-Benz,12,1.8,Petrol,yes,C-Class,12,1.0,10.23995978915734,1,1.8,False,True,False,False,False,27999.999999999953
BMW,203,2.0,Diesel,yes,520,15,13.53,10.158129770909708,1,2.0,False,False,True,False,False,25799.999999999985
Mitsubishi,86,3.2,Diesel,yes,Pajero Wagon,14,6.14,10.165813354725492,0,0.0,False,False,False,False,False,25998.99999999995
Volkswagen,11,1.4,Petrol,yes,Passat B8,9,1.22,10.295529640312152,0,0.0,False,False,True,False,False,29600.000000000004
BMW,178,1.9,Petrol,no,318,24,7.42,8.070906088787819,1,1.9,False,False,True,False,False,3200.0000000000027
Mercedes-Benz,200,2.3,Diesel,yes,Vito,26,7.69,8.83927669058535,1,2.3,False,False,False,False,True,6899.999999999999
Mercedes-Benz,274,3.2,Diesel,no,E-Class,23,11.91,8.174702882469461,1,3.2,False,False,True,False,False,3549.999999999998
BMW,230,2.0,Diesel,no,320,24,9.58,7.972466015974565,1,2.0,False,False,False,True,False,2899.9999999999977
Mercedes-Benz,307,2.2,Diesel,yes,Vito,18,17.06,9.35010231435134,1,2.2,False,False,False,False,True,11499.999999999976
Volkswagen,218,1.9,Diesel,yes,T5 (Transporter),17,12.82,9.375854810453756,0,0.0,False,False,False,False,True,11799.999999999998
Mercedes-Benz,76,6.0,Petrol,yes,S 65 AMG,15,5.07,11.154820928221902,1,6.0,False,False,True,False,False,69900.00000000003
Audi,115,1.8,Petrol,yes,S4,17,6.76,10.043249494911286,1,1.8,False,True,False,False,False,22999.999999999993
Renault,186,1.5,Diesel,yes,Kangoo,13,14.31,8.779557455883728,0,0.0,False,False,False,False,True,6499.999999999995
Volkswagen,284,1.9,Other,yes,Golf IV,24,11.83,8.699514748210191,0,0.0,False,False,False,True,False,5999.999999999995
Toyota,50,1.6,Petrol,yes,Corolla,12,4.17,9.752664662801545,0,0.0,False,False,True,False,False,17200.000000000004
Toyota,29,4.5,Diesel,yes,Land Cruiser 200,11,2.64,11.245046019814628,0,0.0,False,False,False,False,False,76500.0000000001
Volkswagen,160,2.8,Petrol,yes,Sharan,24,6.67,8.824677891164198,0,0.0,False,False,False,True,False,6799.999999999999
Volkswagen,262,1.8,Petrol,yes,Vento,31,8.45,8.229511118964457,0,0.0,False,False,True,False,False,3750.0
Volkswagen,300,2.5,Diesel,yes,T5 (Transporter),18,16.67,8.987196820661973,0,0.0,False,True,False,False,False,8000.0
Mercedes-Benz,128,3.0,Diesel,yes,ML 350,12,10.67,10.976782033219948,1,3.0,False,False,False,False,False,58499.99999999999
Renault,114,1.4,Other,yes,Clio,19,6.0,8.51699317141357,0,0.0,False,False,True,False,False,4999.000000000002
Volkswagen,56,1.4,Other,yes,Jetta,12,4.67,9.667765219015058,0,0.0,False,False,True,False,False,15799.999999999995
Volkswagen,200,2.0,Diesel,yes,Passat B6,18,11.11,9.132378830506472,0,0.0,False,False,True,False,False,9250.000000000007
Mitsubishi,128,2.4,Gas,yes,Outlander,17,7.53,9.332558004700433,0,0.0,False,False,False,False,False,11300.000000000007
Audi,250,1.8,Petrol,no,80,32,7.81,7.24422751560335,1,1.8,False,False,True,False,False,1399.9999999999998
Toyota,23,4.5,Diesel,yes,Land Cruiser 200,11,2.09,11.289781913656018,0,0.0,False,False,False,False,False,79999.99999999994
BMW,1,2.8,Petrol,yes,528,23,0.04,9.38429367909962,1,2.8,False,False,True,False,False,11899.999999999998
Volkswagen,29,1.4,Petrol,yes,Polo,11,2.64,9.159047077588632,0,0.0,True,False,False,False,False,9499.999999999995
BMW,162,2.2,Petrol,yes,320,23,7.04,9.305559638557115,1,2.2,False,True,False,False,False,10998.999999999985
Audi,119,4.2,Gas,yes,Q7,18,6.61,10.06475570013225,1,4.2,False,False,False,False,False,23500.00000000001
BMW,170,4.8,Gas,yes,X5,18,9.44,10.106428396532818,1,4.8,False,False,False,False,False,24500.0
Mitsubishi,150,1.8,Gas,yes,Virage,21,7.14,8.699514748210191,0,0.0,False,False,True,False,False,5999.999999999995
Mitsubishi,194,3.2,Diesel,yes,Pajero Wagon,17,11.41,9.769956159911606,0,0.0,False,False,False,False,False,17500.000000000015
Toyota,107,1.8,Gas,yes,Avensis,18,5.94,9.137769679141348,0,0.0,False,False,True,False,False,9300.000000000007
BMW,280,3.0,Diesel,no,330,24,11.67,8.160518247477505,1,3.0,False,False,False,True,False,3499.9999999999995
BMW,42,2.0,Petrol,yes,X3,13,3.23,10.63344870621879,1,2.0,False,False,False,True,False,41500.0
Volkswagen,215,1.9,Other,yes,T5 (Transporter),18,11.94,9.239899174217728,0,0.0,False,True,False,False,False,10300.000000000005
Audi,280,2.5,Diesel,no,A6 Allroad,23,12.17,7.696212639346407,1,2.5,False,False,False,True,False,2199.9999999999995
Renault,0,1.5,Diesel,yes,Duster,9,0.0,9.887971803433317,0,0.0,False,False,False,False,False,19692.08
Renault,187,1.5,Diesel,yes,Kangoo,15,12.47,8.968268810776454,0,0.0,False,False,False,False,True,7850.0
Toyota,94,4.5,Petrol,yes,Land Cruiser 105,20,4.7,9.903487552536127,0,0.0,False,False,False,False,False,19999.99999999998
Audi,253,2.5,Diesel,no,A6,27,9.37,8.242756345714477,1,2.5,False,False,True,False,False,3800.0000000000014
BMW,254,3.0,Diesel,yes,530,22,11.55,9.525151111816216,1,3.0,False,False,True,False,False,13699.999999999996
Toyota,86,2.2,Diesel,yes,Rav 4,11,7.82,10.341742483467284,0,0.0,False,False,False,False,False,31000.000000000022
Volkswagen,237,2.0,Diesel,yes,T5 (Transporter),15,15.8,9.574983485564092,0,0.0,False,False,False,False,True,14399.999999999995
Toyota,45,1.6,Petrol,yes,Auris,11,4.09,9.769956159911606,0,0.0,True,False,False,False,False,17500.000000000015
Renault,1,1.2,Petrol,yes,Logan,10,0.1,9.249198519410456,0,0.0,False,False,False,True,False,10396.229999999992
BMW,140,3.0,Diesel,yes,X5,16,8.75,10.232791299678729,1,3.0,False,False,False,False,False,27800.000000000007
Volkswagen,200,1.4,Petrol,yes,Golf IV,25,8.0,8.66561319653451,0,0.0,False,False,True,False,False,5799.999999999996
Renault,200,1.46,Diesel,yes,Grand Scenic,17,11.76,8.66561319653451,0,0.0,False,False,False,True,False,5799.999999999996
Audi,165,2.0,Diesel,yes,A6,15,11.0,9.975808214115752,1,2.0,False,False,False,True,False,21499.999999999945
Volkswagen,330,2.8,Gas,yes,Passat B4,31,10.65,8.1886891244442,0,0.0,False,False,True,False,False,3599.999999999998
BMW,388,3.5,Petrol,yes,735,27,14.37,8.779557455883728,1,3.5,False,False,True,False,False,6499.999999999995
Volkswagen,171,1.9,Diesel,yes,Caddy,15,11.4,9.277999020449997,0,0.0,False,False,False,True,False,10699.99999999999
BMW,280,2.0,Diesel,no,320,26,10.77,8.039157390473237,1,2.0,False,False,True,False,False,3099.9999999999986
Mercedes-Benz,240,2.5,Diesel,no,E-Class,33,7.27,7.2078598714324755,1,2.5,False,False,False,True,False,1350.0000000000005
Mercedes-Benz,0,3.0,Petrol,yes,CLS 400,9,0.0,11.502875129116727,1,3.0,False,False,True,False,False,99000.00000000004
Mercedes-Benz,355,2.5,Diesel,yes,250,29,12.24,8.630521876723241,1,2.5,False,False,False,True,False,5600.000000000005
Mercedes-Benz,388,4.3,Gas,yes,S 430,25,15.52,9.047821442478408,1,4.3,False,False,True,False,False,8500.000000000005
BMW,108,2.0,Diesel,yes,X1,13,8.31,10.085809109330082,1,2.0,False,False,False,False,False,23999.999999999985
Mitsubishi,95,2.0,Petrol,yes,Lancer X,17,5.59,9.137769679141348,0,0.0,False,False,True,False,False,9300.000000000007
Toyota,125,3.5,Petrol,yes,Camry,17,7.35,9.6614159913364,0,0.0,False,False,True,False,False,15700.000000000002
Volkswagen,106,1.6,Petrol,yes,Polo,14,7.57,9.169518377455928,0,0.0,False,False,True,False,False,9600.000000000004
Volkswagen,93,2.0,Diesel,yes,Passat B7,13,7.15,9.95227771670556,0,0.0,False,True,False,False,False,20999.999999999985
Mercedes-Benz,303,2.2,Diesel,no,C-Class,25,12.12,8.160518247477505,1,2.2,False,False,True,False,False,3499.9999999999995
Toyota,65,4.0,Gas,yes,FJ Cruiser,15,4.33,10.72546760493904,0,0.0,False,False,False,False,False,45499.99999999989
Audi,185,4.2,Petrol,yes,Q7,19,9.74,9.947504437952905,1,4.2,False,False,False,False,False,20900.000000000044
Mercedes-Benz,168,2.3,Petrol,yes,CLK 230,24,7.0,8.85352256068954,1,2.3,False,True,False,False,False,6998.999999999996
Mitsubishi,112,2.0,Petrol,yes,Lancer X,17,6.59,8.987071812848821,0,0.0,False,False,True,False,False,7998.999999999996
BMW,1,3.0,Petrol,yes,730,30,0.03,8.779557455883728,1,3.0,False,False,True,False,False,6499.999999999995
BMW,230,3.0,Diesel,yes,530,14,16.43,10.292145542327912,1,3.0,False,False,True,False,False,29500.000000000025
Renault,138,2.0,Diesel,yes,Trafic,14,9.86,9.239899174217728,0,0.0,False,False,False,False,True,10300.000000000005
Volkswagen,1,2.5,Diesel,yes,LT,26,0.04,8.699514748210191,0,0.0,False,True,False,False,False,5999.999999999995
Volkswagen,193,1.9,Diesel,no,Passat B5,22,8.77,8.101677747454572,0,0.0,False,False,False,True,False,3300.0
Volkswagen,320,1.9,Diesel,no,Passat B5,25,12.8,7.783224016336037,0,0.0,False,False,False,True,False,2400.0000000000005
Audi,180,3.0,Diesel,yes,A6,16,11.25,10.081633737919605,1,3.0,False,False,True,False,False,23900.000000000062
Volkswagen,148,2.0,Petrol,yes,Passat B6,19,7.79,9.137769679141348,0,0.0,False,False,True,False,False,9300.000000000007
Mitsubishi,294,1.6,Gas,yes,Lancer,33,8.91,7.4377951216719325,0,0.0,True,False,False,False,False,1699.0000000000007
Volkswagen,92,3.0,Diesel,yes,Touareg,13,7.08,10.4341158035983,0,0.0,False,False,False,False,False,34000.00000000003
Toyota,82,2.0,Gas,yes,Rav 4,18,4.56,9.581903928408666,0,0.0,False,True,False,False,False,14500.000000000004
Volkswagen,78,1.6,Petrol,yes,Polo,13,6.0,9.249561085129464,0,0.0,False,False,True,False,False,10400.000000000002
BMW,266,3.5,Petrol,no,535,28,9.5,8.716044050161402,1,3.5,False,False,True,False,False,6099.999999999998
Volkswagen,177,1.9,Diesel,yes,Caddy,15,11.8,8.881836305004146,0,0.0,False,True,False,False,False,7199.999999999996
Mercedes-Benz,144,2.2,Diesel,yes,Vito,16,9.0,9.546812608597396,1,2.2,False,True,False,False,False,14000.0
Mercedes-Benz,213,5.0,Other,yes,CL 500,26,8.19,9.093806555720231,1,5.0,False,True,False,False,False,8900.000000000002
BMW,42,1.6,Petrol,yes,116,12,3.5,10.003332887505843,1,1.6,True,False,False,False,False,22099.99999999998
Toyota,65,5.7,Petrol,yes,Tundra,12,5.42,10.432644132986844,0,0.0,False,True,False,False,False,33950.00000000008
BMW,101,2.5,Petrol,yes,525,35,2.89,8.160232492367689,1,2.5,False,False,True,False,False,3499.000000000002
Audi,74,2.0,Petrol,yes,Q5,15,4.93,10.257659366256744,1,2.0,False,False,False,False,False,28500.00000000007
BMW,284,3.0,Diesel,no,X5,21,13.52,9.0825070004663,1,3.0,False,False,False,False,False,8800.000000000024
Volkswagen,15,1.2,Petrol,yes,Golf VII,11,1.36,9.752664662801545,0,0.0,False,True,False,False,False,17200.000000000004
Audi,278,2.5,Diesel,no,A6,26,10.69,8.006367567650246,1,2.5,False,False,True,False,False,2999.9999999999977
Toyota,58,2.5,Petrol,yes,Camry,10,5.8,10.158129770909708,0,0.0,False,False,True,False,False,25799.999999999985
Mercedes-Benz,143,5.5,Petrol,yes,S 550,18,7.94,9.825526011066415,1,5.5,False,False,True,False,False,18499.999999999985
Volkswagen,0,1.6,Diesel,yes,Caddy,9,0.0,10.267888970251276,0,0.0,False,False,False,False,True,28793.03999999999
BMW,2,2.0,Petrol,yes,520,9,0.22,10.666627104916108,1,2.0,False,False,True,False,False,42899.99999999998
Toyota,90,1.8,Petrol,yes,Avensis,17,5.29,9.375854810453756,0,0.0,False,False,True,False,False,11799.999999999998
Renault,171,1.5,Diesel,yes,Kangoo,12,14.25,8.867850063029406,0,0.0,False,False,False,False,True,7099.999999999997
Volkswagen,26,1.8,Petrol,yes,Passat CC,14,1.86,9.998797732340453,0,0.0,False,False,True,False,False,22000.0
Volkswagen,400,1.8,Gas,yes,Golf II,36,11.11,7.90100705199242,0,0.0,True,False,False,False,False,2699.999999999999
Toyota,220,1.8,Petrol,yes,Celica,24,9.17,8.85366542803745,0,0.0,False,True,False,False,False,6999.999999999999
BMW,230,3.0,Diesel,no,X5,23,10.0,8.77940359789435,1,3.0,False,True,False,False,False,6499.000000000004
Volkswagen,110,1.8,Petrol,yes,Passat B7,14,7.86,9.6614159913364,0,0.0,False,False,True,False,False,15700.000000000002
Mitsubishi,113,2.0,Petrol,yes,Lancer X,18,6.28,8.99961934066053,0,0.0,False,False,True,False,False,8099.999999999999
Mercedes-Benz,287,3.2,Petrol,yes,ML 320,25,11.48,9.409191230721348,1,3.2,False,True,False,False,False,12199.999999999996
Renault,96,1.4,Petrol,yes,Symbol,18,5.33,8.594154232552366,0,0.0,False,False,True,False,False,5400.000000000003
Mercedes-Benz,285,2.2,Diesel,no,220,23,12.39,8.594154232552366,1,2.2,False,False,True,False,False,5400.000000000003
Volkswagen,287,1.9,Diesel,yes,Sharan,23,12.48,8.948975607841776,0,0.0,False,False,False,True,False,7700.0000000000055
BMW,115,5.0,Petrol,yes,750,17,6.76,10.4341158035983,1,5.0,False,False,True,False,False,34000.00000000003
Audi,302,1.9,Diesel,no,A6,23,13.13,8.268731832117737,1,1.9,False,False,True,False,False,3899.9999999999977
Mercedes-Benz,240,5.0,Petrol,yes,S 500,21,11.43,9.615805480084347,1,5.0,False,False,True,False,False,15000.000000000004
Volkswagen,120,2.0,Petrol,yes,Passat B6,17,7.06,9.104868739033948,0,0.0,False,False,True,False,False,8999.0
Mitsubishi,116,1.5,Petrol,yes,Lancer X,17,6.82,8.748304912379623,0,0.0,False,False,True,False,False,6299.999999999996
Volkswagen,210,1.6,Gas,yes,Touran,21,10.0,8.987071812848821,0,0.0,False,False,False,False,True,7998.999999999996
Toyota,128,4.0,Gas,yes,Land Cruiser Prado,18,7.11,10.134599273499514,0,0.0,False,False,False,False,False,25199.99999999999
BMW,131,2.0,Diesel,yes,520,14,9.36,10.203555107263542,1,2.0,False,False,True,False,False,26999.00000000002
Audi,180,3.0,Diesel,yes,A6,19,9.47,9.680344001221918,1,3.0,False,False,True,False,False,16000.000000000002
Mitsubishi,115,2.0,Petrol,yes,Lancer X,17,6.76,9.126958763037132,0,0.0,False,False,True,False,False,9200.000000000005
Volkswagen,250,2.0,Diesel,yes,Caddy,21,11.9,8.85366542803745,0,0.0,False,False,False,False,True,6999.999999999999
Toyota,1,4.5,Diesel,yes,Land Cruiser 200,9,0.11,11.350406535472452,0,0.0,False,False,False,False,False,84999.99999999984
Volkswagen,320,1.8,Gas,yes,Passat B3,35,9.14,8.070906088787819,0,0.0,False,False,True,False,False,3200.0000000000027
Renault,127,1.5,Diesel,yes,Megane,13,9.77,9.305650551780507,0,0.0,True,False,False,False,False,10999.999999999998
Mitsubishi,187,2.4,Gas,yes,Outlander,17,11.0,9.259130536145614,0,0.0,False,False,False,False,False,10499.999999999993
BMW,102,2.0,Petrol,yes,320,14,7.29,9.769956159911606,1,2.0,False,False,True,False,False,17500.000000000015
Renault,224,1.5,Diesel,yes,Megane,21,10.67,8.881836305004146,0,0.0,False,False,False,True,False,7199.999999999996
Toyota,195,2.4,Gas,yes,Camry,21,9.29,9.035986984831403,0,0.0,False,False,True,False,False,8399.999999999987
Volkswagen,1,1.6,Diesel,yes,Caddy,14,0.07,9.0300168178449,0,0.0,False,False,False,False,True,8349.999999999984
Audi,244,2.0,Other,no,A4,19,12.84,8.070906088787819,1,2.0,False,False,False,True,False,3200.0000000000027
Toyota,147,2.4,Petrol,yes,Camry,15,9.8,9.392578591964387,0,0.0,False,False,True,False,False,11998.99999999998
Toyota,144,4.0,Gas,yes,Land Cruiser 200,17,8.47,10.305613759378778,0,0.0,False,False,False,False,False,29900.0
BMW,290,3.0,Diesel,yes,730,24,12.08,9.35010231435134,1,3.0,False,False,True,False,False,11499.999999999976
Mitsubishi,93,3.0,Gas,yes,Outlander XL,18,5.17,9.539644119118783,0,0.0,False,False,False,True,False,13900.000000000002
Renault,245,1.5,Diesel,yes,Kangoo,22,11.14,8.517193191416238,0,0.0,False,False,False,False,True,5000.000000000004
Volkswagen,127,1.6,Diesel,yes,Caddy,14,9.07,9.464982590349765,0,0.0,False,False,False,False,True,12900.000000000015
Mercedes-Benz,344,2.2,Diesel,yes,Vito,19,18.11,9.065314599925925,1,2.2,False,False,False,False,True,8649.999999999998
Toyota,132,2.7,Gas,yes,Venza,13,10.15,10.03889218954233,0,0.0,False,False,False,False,False,22899.999999999996
Mercedes-Benz,290,2.2,Diesel,yes,Vito,18,16.11,9.51044496442652,1,2.2,False,False,False,False,True,13499.999999999996
Volkswagen,250,1.9,Diesel,no,Passat B5,25,10.0,8.101677747454572,0,0.0,False,False,True,False,False,3300.0
Audi,108,2.0,Diesel,yes,Q5,13,8.31,10.388995368317827,1,2.0,False,False,False,False,False,32499.99999999995
Mitsubishi,135,3.0,Petrol,yes,Outlander XL,16,8.44,9.495519314209846,0,0.0,False,False,False,False,False,13300.000000000005
Volkswagen,257,1.9,Diesel,no,Passat B5,22,11.68,7.972466015974565,0,0.0,False,False,False,True,False,2899.9999999999977
Volkswagen,315,1.6,Gas,yes,Passat B3,35,9.0,7.972466015974565,0,0.0,False,False,True,False,False,2899.9999999999977
Mercedes-Benz,208,3.5,Petrol,yes,ML 350,18,11.56,9.95227771670556,1,3.5,False,False,False,False,False,20999.999999999985
Toyota,61,4.5,Diesel,yes,Land Cruiser 200,14,4.36,11.396391648714276,0,0.0,False,False,False,False,False,88999.99999999996
Volkswagen,48,2.0,Diesel,yes,Tiguan,13,3.69,10.06475570013225,0,0.0,False,False,False,False,False,23500.00000000001
Mitsubishi,350,1.8,Gas,yes,Space Wagon,33,10.61,8.34283980427146,0,0.0,False,False,False,False,True,4200.0
Mercedes-Benz,99,5.5,Petrol,yes,G 55 AMG,16,6.19,11.16336798880036,1,5.5,False,False,False,False,False,70499.99999999999
Mercedes-Benz,0,4.0,Petrol,yes,GLS 400,9,0.0,11.728036844587177,1,4.0,False,False,False,False,False,124000.00000000032
Audi,45,2.0,Diesel,yes,Q3,11,4.09,10.596609732783568,1,2.0,False,False,False,False,False,39998.99999999999
Mercedes-Benz,400,2.2,Diesel,no,200,25,16.0,7.6004023345004,1,2.2,False,False,True,False,False,1998.9999999999993
Mercedes-Benz,175,2.2,Diesel,yes,Sprinter 313,12,14.58,9.568014816248,1,2.2,False,True,False,False,False,14300.000000000027
Toyota,139,2.4,Gas,yes,Camry,17,8.18,9.51044496442652,0,0.0,False,False,True,False,False,13499.999999999996
Toyota,104,2.4,Petrol,yes,Camry,18,5.78,9.495519314209846,0,0.0,False,False,True,False,False,13300.000000000005
Toyota,82,1.3,Petrol,yes,Yaris,19,4.32,9.011889433252344,0,0.0,True,False,False,False,False,8199.999999999998
Renault,137,1.5,Diesel,yes,Grand Scenic,13,10.54,9.392661928770137,0,0.0,False,False,False,False,True,11999.999999999993
Renault,199,1.9,Diesel,no,Laguna,22,9.05,7.673223121121708,0,0.0,False,False,False,True,False,2149.9999999999995
Toyota,60,2.2,Diesel,yes,Rav 4,12,5.0,10.275051108968611,0,0.0,False,False,False,True,False,29000.00000000001
Mercedes-Benz,280,2.2,Diesel,yes,Vito,20,14.0,9.159047077588632,1,2.2,False,False,False,False,True,9499.999999999995
Volkswagen,120,2.0,Diesel,yes,Touran,18,6.67,9.268609280100158,0,0.0,False,False,False,False,True,10599.999999999993
Mercedes-Benz,238,2.2,Diesel,yes,Vito,17,14.0,9.433483923290392,1,2.2,False,False,False,False,True,12500.0
Mitsubishi,269,3.2,Diesel,yes,Pajero Wagon,23,11.7,9.230142999272362,0,0.0,False,False,False,False,False,10199.99999999999
Mercedes-Benz,0,2.2,Diesel,yes,E-Class,10,0.0,10.824765825921322,1,2.2,False,False,True,False,False,50249.99999999998
Volkswagen,100,1.4,Gas,yes,Caddy,16,6.25,9.093806555720231,0,0.0,False,False,False,False,True,8900.000000000002
Mercedes-Benz,220,2.2,Diesel,yes,Vito,23,9.57,8.612503371220562,1,2.2,False,True,False,False,False,5499.999999999999
BMW,42,2.0,Diesel,yes,520,11,3.82,10.72546760493904,1,2.0,False,False,True,False,False,45499.99999999989
Renault,146,2.0,Diesel,yes,Trafic,13,11.23,9.25903529351494,0,0.0,False,True,False,False,False,10498.99999999998
Mercedes-Benz,0,2.99,Diesel,yes,GLE-Class,9,0.0,11.512915464920228,1,2.99,False,False,False,False,False,99999.0
Renault,166,2.0,Diesel,yes,Trafic,13,12.77,9.116029692504942,0,0.0,False,False,False,False,True,9100.000000000002
Mercedes-Benz,180,3.2,Diesel,yes,S 320,17,10.59,10.106428396532818,1,3.2,False,False,True,False,False,24500.0
BMW,1,2.0,Diesel,yes,X5,9,0.11,11.058795184880784,1,2.0,False,False,False,False,False,63500.00000000009
BMW,221,3.0,Diesel,no,530,23,9.61,8.1886891244442,1,3.0,False,False,True,False,False,3599.999999999998
Renault,89,2.5,Petrol,yes,Koleos,15,5.93,9.464982590349765,0,0.0,False,False,False,False,False,12900.000000000015
Renault,51,1.6,Petrol,yes,Logan,14,3.64,8.764053269347762,0,0.0,False,False,True,False,False,6399.9999999999945
BMW,287,3.0,Petrol,yes,530,24,11.96,9.0825070004663,1,3.0,False,False,True,False,False,8800.000000000024
Renault,104,1.5,Diesel,yes,Symbol,15,6.93,8.881697406469304,0,0.0,False,False,True,False,False,7199.000000000005
Renault,250,1.5,Diesel,yes,Kangoo,20,12.5,8.101677747454572,0,0.0,False,False,False,False,True,3300.0
Audi,305,2.3,Gas,yes,100,36,8.47,7.783224016336037,1,2.3,False,False,True,False,False,2400.0000000000005
Volkswagen,60,1.39,Petrol,yes,Polo,18,3.33,9.035986984831403,0,0.0,True,False,False,False,False,8399.999999999987
Mitsubishi,180,2.0,Gas,yes,Lancer X,17,10.59,8.935903526274423,0,0.0,False,False,True,False,False,7600.000000000003
Renault,196,1.9,Diesel,yes,Kangoo,27,7.26,8.242756345714477,0,0.0,False,False,False,False,True,3800.0000000000014
Mercedes-Benz,160,3.7,Petrol,yes,S 350,22,7.27,9.480367509189245,1,3.7,False,False,True,False,False,13100.000000000024
Toyota,141,2.7,Gas,yes,Venza,15,9.4,9.996522418503318,0,0.0,False,False,False,False,False,21950.00000000001
Renault,205,1.9,Diesel,yes,Trafic,19,10.79,9.0825070004663,0,0.0,False,False,False,False,True,8800.000000000024
Toyota,17,1.0,Petrol,yes,Yaris,9,1.89,9.259130536145614,0,0.0,True,False,False,False,False,10499.999999999993
Mitsubishi,20,2.5,Diesel,yes,Pajero Sport,12,1.67,10.085809109330082,0,0.0,False,False,False,False,False,23999.999999999985
Toyota,189,2.4,Gas,yes,Camry,18,10.5,9.375854810453756,0,0.0,False,False,True,False,False,11799.999999999998
Mercedes-Benz,198,1.8,Gas,yes,E-Class,14,14.14,9.918376165029878,1,1.8,False,False,True,False,False,20299.999999999985
Toyota,24,1.6,Petrol,yes,Auris,16,1.5,9.358760377094455,0,0.0,True,False,False,False,False,11599.999999999993
Mercedes-Benz,225,3.5,Gas,yes,ML 350,18,12.5,9.998797732340453,1,3.5,False,False,False,False,False,22000.0
Mercedes-Benz,231,3.5,Gas,yes,E-Class,20,11.55,9.667765219015058,1,3.5,False,False,True,False,False,15799.999999999995
Mercedes-Benz,97,2.2,Diesel,yes,Vito,12,8.08,9.51044496442652,1,2.2,False,False,False,False,True,13499.999999999996
Mitsubishi,150,3.5,Gas,yes,Outlander XL,17,8.82,9.711115659888671,0,0.0,False,False,False,False,False,16499.999999999985
Volkswagen,170,2.0,Diesel,yes,Multivan,14,12.14,10.596634733096073,0,0.0,False,True,False,False,False,39999.99999999997
Mitsubishi,150,2.0,Gas,yes,Outlander,18,8.33,9.159047077588632,0,0.0,False,False,False,False,False,9499.999999999995
Renault,149,1.5,Other,yes,Kangoo,14,10.64,8.748304912379623,0,0.0,False,False,False,False,True,6299.999999999996
BMW,256,2.5,Diesel,no,525,24,10.67,8.51699317141357,1,2.5,False,False,True,False,False,4999.000000000002
Toyota,280,4.2,Diesel,yes,Land Cruiser 100,25,11.2,9.615138591096644,0,0.0,False,False,False,False,False,14990.000000000004
Audi,152,2.0,Diesel,yes,A4,14,10.86,9.70503661381229,1,2.0,False,False,False,True,False,16399.999999999996
Mercedes-Benz,190,6.3,Petrol,yes,ML 63 AMG,18,10.56,9.966462351697515,1,6.3,False,False,False,False,False,21299.999999999978
Audi,98,3.2,Petrol,yes,A5,16,6.12,10.126471091048971,1,3.2,False,False,True,False,False,24995.999999999978
Volkswagen,45,2.0,Petrol,yes,Jetta,12,3.75,10.03889218954233,0,0.0,False,False,True,False,False,22899.999999999996
Toyota,136,1.6,Petrol,yes,Corolla,18,7.56,9.02401079378469,0,0.0,True,False,False,False,False,8300.000000000007
Audi,255,2.5,Diesel,yes,A6 Allroad,20,12.75,9.464982590349765,1,2.5,False,False,False,True,False,12900.000000000015
Volkswagen,149,2.0,Diesel,yes,Passat B6,17,8.76,9.409109260148735,0,0.0,False,False,False,True,False,12198.999999999973
Audi,198,2.7,Petrol,yes,A6 Allroad,22,9.0,9.21024036697585,1,2.7,False,False,False,True,False,9999.0
Mercedes-Benz,99,5.0,Gas,yes,G 63 AMG,20,4.95,10.477287975463508,1,5.0,False,False,False,False,False,35500.00000000002
Mitsubishi,170,3.0,Gas,yes,Pajero Sport,20,8.5,9.35010231435134,0,0.0,False,False,False,False,False,11499.999999999976
Mercedes-Benz,134,3.0,Diesel,yes,S 350,15,8.93,10.558413520275876,1,3.0,False,False,True,False,False,38500.0
Mercedes-Benz,250,2.2,Diesel,yes,Vito,23,10.87,8.612503371220562,1,2.2,False,True,False,False,False,5499.999999999999
Volkswagen,124,2.0,Gas,yes,Caddy,17,7.29,9.148464968258097,0,0.0,False,False,False,False,True,9400.000000000011
Volkswagen,143,1.6,Diesel,yes,Caddy,14,10.21,9.035986984831403,0,0.0,False,False,False,False,True,8399.999999999987
Audi,268,2.5,Diesel,no,A6,25,10.72,7.882314918980268,1,2.5,False,False,False,True,False,2650.0
Toyota,133,2.4,Gas,yes,Camry,17,7.82,9.392661928770137,0,0.0,False,False,True,False,False,11999.999999999993
Mercedes-Benz,187,2.0,Gas,yes,C-Class,24,7.79,8.922658299524402,1,2.0,False,False,True,False,False,7500.000000000001
Volkswagen,35,2.0,Diesel,yes,Golf VII,10,3.5,10.16199824768763,0,0.0,True,False,False,False,False,25900.0
Volkswagen,280,1.8,Other,yes,Passat B5,20,14.0,8.922658299524402,0,0.0,False,False,True,False,False,7500.000000000001
Mercedes-Benz,147,6.0,Petrol,yes,S 600,24,6.12,10.46310334047155,1,6.0,False,True,False,False,False,34999.99999999997
Audi,316,2.6,Gas,yes,A6,28,11.29,8.732304571033183,1,2.6,False,False,False,True,False,6199.999999999998
Volkswagen,161,1.8,Petrol,no,Vento,31,5.19,7.346010209913293,0,0.0,False,False,True,False,False,1550.0000000000007
Volkswagen,161,2.0,Diesel,yes,Passat B6,17,9.47,9.104868739033948,0,0.0,False,False,False,True,False,8999.0
Mitsubishi,29,2.0,Gas,yes,ASX,11,2.64,9.95227771670556,0,0.0,False,False,False,False,False,20999.999999999985
Volkswagen,48,1.4,Petrol,yes,Polo,13,3.69,9.51044496442652,0,0.0,True,False,False,False,False,13499.999999999996
Toyota,345,2.4,Diesel,yes,Hiace,33,10.45,8.101677747454572,0,0.0,False,False,False,False,True,3300.0
Mercedes-Benz,400,2.0,Gas,yes,E-Class,27,14.81,8.697846691109495,1,2.0,False,False,True,False,False,5990.000000000001
Mercedes-Benz,242,2.7,Diesel,yes,ML 270,20,12.1,9.602382459752208,1,2.7,False,False,False,False,False,14800.000000000027
Mercedes-Benz,0,1.6,Petrol,yes,C-Class,9,0.0,10.757902880692196,1,1.6,False,False,True,False,False,47000.00000000002
Volkswagen,180,1.8,Gas,yes,Passat B5,20,9.0,8.98594603876032,0,0.0,False,False,True,False,False,7989.999999999994
Volkswagen,120,1.9,Diesel,yes,Passat B6,18,6.67,9.104868739033948,0,0.0,False,False,True,False,False,8999.0
Audi,421,2.5,Diesel,yes,A6,29,14.52,8.779557455883728,1,2.5,False,False,False,True,False,6499.999999999995
Toyota,1,1.8,Petrol,yes,Avensis,17,0.06,9.546812608597396,0,0.0,False,False,True,False,False,14000.0
Audi,116,4.2,Petrol,yes,Q7,17,6.82,10.06475570013225,1,4.2,False,False,False,False,False,23500.00000000001
Renault,89,1.6,Petrol,yes,Fluence,13,6.85,9.159047077588632,0,0.0,False,False,True,False,False,9499.999999999995
Volkswagen,181,1.6,Diesel,yes,Caddy,14,12.93,9.104979856318357,0,0.0,False,False,False,False,True,9000.000000000004
Volkswagen,65,1.6,Petrol,yes,Polo,12,5.42,9.273315171137572,0,0.0,False,False,True,False,False,10650.000000000007
Audi,230,2.5,Diesel,yes,A6,26,8.85,8.76389700713946,1,2.5,False,False,False,True,False,6399.000000000003
Mitsubishi,140,1.5,Petrol,yes,Lancer X,18,7.78,8.922658299524402,0,0.0,False,False,True,False,False,7500.000000000001
Volkswagen,105,1.6,Diesel,yes,Caddy,11,9.55,9.230142999272362,0,0.0,False,False,False,False,True,10199.99999999999
Mercedes-Benz,200,2.7,Diesel,no,E-Class,25,8.0,8.101677747454572,1,2.7,False,False,True,False,False,3300.0
Mercedes-Benz,175,2.0,Petrol,yes,E-Class,24,7.29,9.02401079378469,1,2.0,False,False,True,False,False,8300.000000000007
Volkswagen,168,1.9,Diesel,yes,Caddy,20,8.4,8.909235279192261,0,0.0,False,False,False,False,True,7400.0
Toyota,66,2.2,Diesel,yes,Rav 4,12,5.5,10.261161996807944,0,0.0,False,False,False,False,False,28600.000000000007
Audi,230,2.8,Petrol,yes,A8,28,8.21,7.937374696163295,1,2.8,False,False,True,False,False,2799.9999999999995
BMW,223,3.0,Diesel,yes,535,14,15.93,10.545341438708522,1,3.0,False,False,False,False,False,37999.999999999985
Toyota,74,1.4,Other,yes,Prius,15,4.93,9.305650551780507,0,0.0,True,False,False,False,False,10999.999999999998
Audi,240,4.2,Gas,yes,S8,24,10.0,9.375854810453756,1,4.2,False,False,True,False,False,11799.999999999998
Renault,275,2.0,Diesel,yes,Trafic,17,16.18,9.159047077588632,0,0.0,False,False,False,False,True,9499.999999999995
BMW,117,2.0,Diesel,yes,X1,15,7.8,10.073230327123223,1,2.0,False,False,False,False,False,23700.00000000002
Mercedes-Benz,135,5.5,Petrol,yes,CL 550,17,7.94,10.46310334047155,1,5.5,False,True,False,False,False,34999.99999999997
Volkswagen,171,1.9,Diesel,yes,Golf Variant,16,10.69,9.305650551780507,0,0.0,False,False,False,True,False,10999.999999999998
BMW,205,3.0,Diesel,yes,X5,17,12.06,10.158129770909708,1,3.0,False,False,False,False,False,25799.999999999985
Renault,230,2.0,Diesel,yes,Trafic,16,14.38,9.487972108574462,0,0.0,False,False,False,False,True,13200.000000000002
Toyota,170,1.0,Petrol,yes,Yaris,23,7.39,8.444622498581403,0,0.0,True,False,False,False,False,4650.000000000004
Mercedes-Benz,337,2.2,Diesel,yes,Vito,23,14.65,9.02401079378469,1,2.2,False,False,False,False,True,8300.000000000007
Mitsubishi,106,3.8,Gas,yes,Pajero Wagon,18,5.89,9.846917201047734,0,0.0,False,False,False,False,False,18900.00000000001
Mitsubishi,59,2.4,Petrol,yes,Galant,16,3.69,9.453286550586572,0,0.0,False,False,True,False,False,12750.0
Mercedes-Benz,107,0.6,Petrol,yes,Smart,25,4.28,8.242756345714477,1,0.6,False,True,False,False,False,3800.0000000000014
Volkswagen,189,2.0,Diesel,yes,Caddy,14,13.5,9.35010231435134,0,0.0,False,True,False,False,False,11499.999999999976
Mercedes-Benz,200,2.2,Diesel,yes,Vito,25,8.0,8.433811582477187,1,2.2,False,False,False,False,True,4600.000000000003
Renault,129,1.5,Other,yes,Kangoo,11,11.73,8.97449144816442,0,0.0,False,False,False,False,True,7899.0000000000055
Mercedes-Benz,0,2.2,Diesel,yes,GLE-Class,9,0.0,11.170421071417223,1,2.2,False,False,False,False,False,70999.00000000006
Toyota,300,2.4,Petrol,yes,Camry,21,14.29,9.0825070004663,0,0.0,False,False,True,False,False,8800.000000000024
Renault,16,1.2,Petrol,yes,Logan,11,1.45,9.017968479328726,0,0.0,False,False,True,False,False,8249.999999999993
Toyota,89,2.0,Petrol,yes,Rav 4,13,6.85,9.975808214115752,0,0.0,False,False,False,False,False,21499.999999999945
Renault,1,2.0,Petrol,no,Laguna,23,0.04,7.783224016336037,0,0.0,True,False,False,False,False,2400.0000000000005
Volkswagen,160,2.5,Other,yes,T5 (Transporter),19,8.42,9.433483923290392,0,0.0,False,True,False,False,False,12500.0
Mercedes-Benz,201,1.7,Diesel,no,A 170,24,8.38,7.823645930834952,1,1.7,True,False,False,False,False,2498.9999999999995
BMW,135,2.5,Petrol,yes,525,20,6.75,9.615138591096644,1,2.5,False,False,True,False,False,14990.000000000004
Mitsubishi,65,1.5,Petrol,yes,Lancer,14,4.64,9.019179866515024,0,0.0,False,False,True,False,False,8260.000000000005
BMW,230,2.0,Petrol,yes,520,27,8.52,8.824677891164198,1,2.0,False,False,True,False,False,6799.999999999999
Mitsubishi,168,1.8,Petrol,no,Space Star,24,7.0,7.6004023345004,0,0.0,False,False,False,False,True,1998.9999999999993
BMW,265,2.8,Gas,yes,328,27,9.81,9.047821442478408,1,2.8,False,True,False,False,False,8500.000000000005
Toyota,90,4.0,Petrol,yes,FJ Cruiser,17,5.29,10.118598932153072,0,0.0,False,False,False,False,False,24799.999999999953
Mitsubishi,120,3.0,Petrol,yes,Outlander XL,17,7.06,9.375854810453756,0,0.0,False,False,False,False,False,11799.999999999998
Mercedes-Benz,250,2.2,Diesel,yes,Vito,20,12.5,9.148464968258097,1,2.2,False,False,False,False,True,9400.000000000011
Mercedes-Benz,209,3.0,Diesel,yes,E-Class,19,11.0,9.60904937558734,1,3.0,False,True,False,False,False,14899.000000000005
Volkswagen,178,2.0,Diesel,no,Passat B7,12,14.83,9.64859530290734,0,0.0,False,False,True,False,False,15500.000000000036
Renault,290,2.2,Diesel,no,Espace,26,11.15,7.696212639346407,0,0.0,False,False,False,False,True,2199.9999999999995
Volkswagen,133,1.6,Petrol,yes,Polo,13,10.23,9.0994088112689,0,0.0,False,False,True,False,False,8949.999999999987
BMW,159,3.0,Diesel,yes,530,17,9.35,9.786953736280177,1,3.0,False,False,False,True,False,17800.000000000007
Audi,40,3.0,Diesel,yes,A8,10,4.0,11.35691472296607,1,3.0,False,False,True,False,False,85555.0
Volkswagen,300,1.3,Petrol,yes,Jetta,37,8.11,7.600902459542082,0,0.0,False,False,True,False,False,1999.9999999999998
Mercedes-Benz,56,5.0,Other,yes,SL 500 (550),22,2.55,9.9281801651265,1,5.0,False,False,True,False,False,20500.000000000015
Toyota,68,2.7,Gas,yes,Land Cruiser Prado,13,5.23,10.341419850781794,0,0.0,False,False,False,False,False,30989.99999999999
Toyota,11,4.0,Petrol,yes,Tacoma,12,0.92,10.594131602877956,0,0.0,False,False,False,False,False,39900.000000000065
BMW,25,2.5,Petrol,yes,325,18,1.39,9.994241915804592,1,2.5,False,True,False,False,False,21899.999999999993
Toyota,52,1.4,Other,yes,Prius,13,4.0,9.425451751593128,0,0.0,True,False,False,False,False,12399.999999999996
Mercedes-Benz,200,2.0,Petrol,yes,CLK 200,27,7.41,8.517193191416238,1,2.0,False,True,False,False,False,5000.000000000004
Volkswagen,367,2.0,Petrol,yes,Passat B3,34,10.79,8.070906088787819,0,0.0,False,False,True,False,False,3200.0000000000027
BMW,300,2.8,Gas,yes,528,28,10.71,8.779557455883728,1,2.8,False,False,True,False,False,6499.999999999995
Mercedes-Benz,147,2.0,Diesel,yes,B 200,17,8.65,9.517825071724143,1,2.0,True,False,False,False,False,13599.999999999998
Audi,245,3.0,Diesel,yes,Q7,18,13.61,10.06475570013225,1,3.0,False,False,False,False,False,23500.00000000001
Audi,177,2.0,Diesel,yes,A6,18,9.83,9.648530784697051,1,2.0,False,False,True,False,False,15499.00000000001
Mercedes-Benz,197,2.7,Diesel,yes,E-Class,23,8.57,9.468851067127684,1,2.7,False,False,True,False,False,12950.0
Toyota,80,2.5,Gas,yes,Camry,11,7.27,10.06475570013225,0,0.0,False,False,True,False,False,23500.00000000001
Renault,200,1.5,Diesel,yes,Megane,20,10.0,8.691146498539675,0,0.0,True,False,False,False,False,5949.999999999998
Mitsubishi,300,1.8,Petrol,yes,Galant,36,8.33,7.972466015974565,0,0.0,True,False,False,False,False,2899.9999999999977
Mercedes-Benz,400,2.2,Diesel,yes,Vito,26,15.38,8.517193191416238,1,2.2,False,False,False,False,True,5000.000000000004
Mercedes-Benz,240,2.4,Petrol,no,E-Class,26,9.23,7.090076835776092,1,2.4,False,False,True,False,False,1200.0
Volkswagen,190,1.9,Diesel,yes,Caddy,19,10.0,8.779557455883728,0,0.0,False,False,True,False,False,6499.999999999995
BMW,2,3.0,Diesel,yes,X5,9,0.22,11.561706105284784,1,3.0,False,False,False,False,False,104998.99999999996
Renault,165,1.5,Diesel,yes,Kangoo,22,7.5,8.444622498581403,0,0.0,False,False,False,False,True,4650.000000000004
Audi,165,2.4,Petrol,yes,A6,19,8.68,9.433483923290392,1,2.4,False,False,True,False,False,12500.0
Volkswagen,144,2.0,Diesel,yes,Passat B6,17,8.47,9.235032984566557,0,0.0,False,False,True,False,False,10250.000000000025
Audi,83,2.0,Petrol,yes,A5,16,5.19,10.06475570013225,1,2.0,False,True,False,False,False,23500.00000000001
Volkswagen,250,2.0,Diesel,yes,T6 (Transporter),15,16.67,9.785660765922684,0,0.0,False,False,False,False,True,17776.999999999967
Mercedes-Benz,233,3.2,Diesel,yes,320,24,9.71,9.02401079378469,1,3.2,False,False,True,False,False,8300.000000000007
Mercedes-Benz,84,5.5,Petrol,yes,S 500,14,6.0,10.594131602877956,1,5.5,False,False,True,False,False,39900.000000000065
Mercedes-Benz,400,2.9,Diesel,yes,Sprinter 210,26,15.38,8.556413904569519,1,2.9,False,False,False,False,True,5200.000000000001
Audi,140,2.0,Diesel,yes,A6,13,10.77,10.357742824813725,1,2.0,False,False,True,False,False,31500.000000000015
BMW,11,2.5,Diesel,yes,325,31,0.35,8.476371196895983,1,2.5,False,False,True,False,False,4800.000000000001
Volkswagen,58,1.4,Petrol,yes,Tiguan,11,5.27,9.978131095531896,0,0.0,False,False,False,False,False,21550.00000000006
Audi,140,3.0,Diesel,yes,Q7,12,11.67,10.666627104916108,1,3.0,False,False,False,False,False,42899.99999999998
Audi,160,2.5,Diesel,no,A6,23,6.96,7.863266724009573,1,2.5,False,False,True,False,False,2599.9999999999977
Volkswagen,0,2.0,Diesel,yes,Touran,11,0.0,10.351692814320453,0,0.0,False,False,False,False,True,31310.000000000044
Volkswagen,230,1.9,Diesel,yes,T5 (Transporter),16,14.38,9.375854810453756,0,0.0,False,False,False,False,True,11799.999999999998
Mercedes-Benz,0,2.2,Diesel,yes,V 250,9,0.0,11.580584113444043,1,2.2,False,False,False,False,True,107000.00000000003
BMW,264,3.0,Diesel,yes,530,24,11.0,9.190137664658664,1,3.0,False,False,True,False,False,9800.000000000007
Volkswagen,144,2.0,Gas,yes,Caddy,13,11.08,8.980927207648378,0,0.0,False,False,False,False,True,7950.000000000003
Mercedes-Benz,220,3.2,Gas,yes,ML 320,26,8.46,9.104979856318357,1,3.2,False,False,False,False,False,9000.000000000004
BMW,279,3.5,Gas,yes,735,27,10.33,8.909235279192261,1,3.5,False,False,True,False,False,7400.0
Toyota,60,2.5,Gas,yes,Camry,11,5.45,10.085809109330082,0,0.0,False,False,True,False,False,23999.999999999985
Mercedes-Benz,199,3.2,Diesel,yes,E-Class,26,7.65,8.476371196895983,1,3.2,False,False,True,False,False,4800.000000000001
Toyota,155,2.7,Gas,yes,Land Cruiser Prado,17,9.12,9.998797732340453,0,0.0,False,False,False,False,False,22000.0
BMW,29,3.0,Petrol,yes,X3,14,2.07,10.657259354912508,1,3.0,False,False,False,False,False,42499.99999999999
Toyota,149,4.7,Petrol,yes,Land Cruiser 200,17,8.76,9.752664662801545,0,0.0,False,False,False,False,False,17200.000000000004
Renault,90,1.9,Diesel,yes,Kangoo,20,4.5,8.99961934066053,0,0.0,False,False,False,False,False,8099.999999999999
Volkswagen,67,2.0,Diesel,yes,Passat B7,12,5.58,10.308952660644293,0,0.0,False,False,True,False,False,30000.000000000007
Volkswagen,247,1.9,Diesel,yes,T4 (Transporter),23,10.74,8.948975607841776,0,0.0,False,False,False,False,True,7700.0000000000055
BMW,148,3.0,Petrol,yes,535,14,10.57,10.388995368317827,1,3.0,False,False,True,False,False,32499.99999999995
BMW,260,3.0,Diesel,yes,X5,19,13.68,9.836278802842678,1,3.0,False,False,False,False,False,18699.999999999996
Renault,219,2.5,Diesel,yes,Master,15,14.6,8.99961934066053,0,0.0,False,False,False,False,True,8099.999999999999
Toyota,138,1.0,Petrol,yes,Yaris,24,5.75,8.527143522269405,0,0.0,True,False,False,False,False,5049.999999999998
Mercedes-Benz,165,2.2,Diesel,yes,Vito,13,12.69,9.375854810453756,1,2.2,False,False,False,False,True,11799.999999999998
Audi,360,1.6,Other,no,A4,29,12.41,7.600902459542082,1,1.6,False,False,True,False,False,1999.9999999999998
Mercedes-Benz,173,5.0,Petrol,yes,S 500,18,9.61,9.862665558015872,1,5.0,False,False,True,False,False,19199.999999999975
BMW,187,4.8,Gas,yes,750,18,10.39,9.70503661381229,1,4.8,False,False,True,False,False,16399.999999999996
BMW,330,2.5,Petrol,yes,525,26,12.69,8.748304912379623,1,2.5,False,False,True,False,False,6299.999999999996
Mitsubishi,295,2.8,Diesel,yes,Pajero Wagon,21,14.05,9.615805480084347,0,0.0,False,False,False,False,False,15000.000000000004
Toyota,211,4.0,Gas,yes,Land Cruiser Prado,18,11.72,10.043249494911286,0,0.0,False,True,False,False,False,22999.999999999993
Mercedes-Benz,86,1.8,Gas,yes,E-Class,12,7.17,10.073230327123223,1,1.8,False,False,True,False,False,23700.00000000002
BMW,160,2.5,Petrol,yes,525,20,8.0,9.38429367909962,1,2.5,False,False,True,False,False,11899.999999999998
Audi,274,1.8,Gas,yes,A6,22,12.45,8.974618038455112,1,1.8,False,False,True,False,False,7899.999999999996
Mercedes-Benz,308,3.2,Gas,no,S 320,25,12.32,8.389359819906353,1,3.2,False,False,True,False,False,4400.000000000004
Volkswagen,181,1.6,Diesel,yes,Caddy,13,13.92,9.20029003612268,0,0.0,False,True,False,False,False,9899.999999999995
Volkswagen,113,1.4,Petrol,yes,Polo,22,5.14,8.83927669058535,0,0.0,True,False,False,False,False,6899.999999999999
Mercedes-Benz,0,2.2,Diesel,yes,GLE-Class,9,0.0,11.184407509012852,1,2.2,False,False,False,False,False,71998.99999999997
BMW,210,3.0,Diesel,no,X5,19,11.05,9.375854810453756,1,3.0,False,False,False,False,False,11799.999999999998
Renault,207,2.0,Diesel,yes,Trafic,13,15.92,9.305559638557115,0,0.0,False,False,False,False,True,10998.999999999985
Mitsubishi,93,3.8,Gas,yes,Pajero Wagon,17,5.47,9.846917201047734,0,0.0,False,False,False,False,False,18900.00000000001
Toyota,120,3.5,Petrol,yes,Highlander,14,8.57,10.271596874100524,0,0.0,False,False,False,False,False,28900.00000000002
Toyota,130,2.0,Petrol,yes,Rav 4,17,7.65,9.64859530290734,0,0.0,False,False,False,False,False,15500.000000000036
BMW,0,2.0,Diesel,yes,X5,10,0.0,11.05089000537367,1,2.0,False,False,False,False,False,63000.00000000004
Toyota,145,2.4,Petrol,yes,Camry,18,8.06,9.367344120785848,0,0.0,False,False,True,False,False,11700.000000000007
BMW,327,3.0,Diesel,no,730,24,13.62,8.51699317141357,1,3.0,False,False,True,False,False,4999.000000000002
Toyota,140,2.4,Petrol,yes,Rav 4,18,7.78,9.495519314209846,0,0.0,False,False,False,False,False,13300.000000000005
Mercedes-Benz,260,3.0,Diesel,yes,S 300,28,9.29,9.011889433252344,1,3.0,False,False,True,False,False,8199.999999999998
Renault,150,2.0,Diesel,yes,Trafic,16,9.38,9.093806555720231,0,0.0,False,False,False,False,True,8900.000000000002
BMW,110,3.0,Diesel,yes,740,14,7.86,11.010398644018933,1,3.0,False,False,True,False,False,60499.99999999999
BMW,294,2.2,Gas,yes,520,25,11.76,9.093806555720231,1,2.2,False,False,True,False,False,8900.000000000002
BMW,62,4.4,Petrol,yes,750,12,5.17,11.149082031552885,1,4.4,False,False,True,False,False,69500.00000000009
Volkswagen,95,1.6,Gas,yes,Golf V,20,4.75,9.104979856318357,0,0.0,True,False,False,False,False,9000.000000000004
BMW,265,3.0,Diesel,yes,X5,20,13.25,9.786953736280177,1,3.0,False,False,False,False,False,17800.000000000007
Mercedes-Benz,350,2.4,Diesel,yes,MB,37,9.46,7.649692623711514,1,2.4,False,True,False,False,False,2100.0
Toyota,57,1.3,Petrol,yes,Corolla,15,3.8,9.277999020449997,0,0.0,False,False,True,False,False,10699.99999999999
Volkswagen,250,2.0,Diesel,yes,Caravelle,15,16.67,9.785660765922684,0,0.0,False,False,False,False,True,17776.999999999967
Audi,53,6.3,Petrol,yes,A8,12,4.42,11.205040685200927,1,6.3,False,False,True,False,False,73499.99999999996
Mitsubishi,92,2.0,Petrol,yes,Outlander,17,5.41,9.190137664658664,0,0.0,False,False,False,False,False,9800.000000000007
Volkswagen,132,2.0,Diesel,yes,Multivan,14,9.43,10.48849257447637,0,0.0,False,False,False,False,True,35899.99999999997
Toyota,135,1.0,Petrol,yes,Yaris,17,7.94,8.922658299524402,0,0.0,True,False,False,False,False,7500.000000000001
Renault,105,1.4,Petrol,yes,19,35,3.0,7.824046010856292,0,0.0,False,False,True,False,False,2499.9999999999995
Audi,100,3.0,Diesel,yes,Q7,14,7.14,10.596609732783568,1,3.0,False,False,False,False,False,39998.99999999999
Volkswagen,123,3.0,Diesel,yes,Touareg,16,7.69,9.998797732340453,0,0.0,False,False,False,False,False,22000.0
Toyota,65,1.6,Petrol,yes,Auris,16,4.06,9.190137664658664,0,0.0,False,False,True,False,False,9800.000000000007
BMW,73,2.0,Petrol,yes,320,13,5.62,10.308919326755392,1,2.0,False,True,False,False,False,29999.000000000025
Mercedes-Benz,350,2.2,Diesel,yes,Sprinter 208,22,15.91,8.922658299524402,1,2.2,False,False,True,False,False,7500.000000000001
Toyota,138,3.5,Petrol,yes,Camry,18,7.67,9.433483923290392,0,0.0,False,False,True,False,False,12500.0
BMW,115,4.4,Petrol,yes,X5,15,7.67,10.584055950889214,1,4.4,False,False,False,False,False,39500.00000000002
Volkswagen,240,2.5,Diesel,yes,T5 (Transporter),16,15.0,9.268609280100158,0,0.0,False,False,False,False,True,10599.999999999993
Mitsubishi,147,3.2,Diesel,yes,Pajero Wagon,17,8.65,9.809176873064889,0,0.0,False,False,False,False,False,18200.000000000036
Audi,207,2.0,Petrol,yes,A4,23,9.0,8.476371196895983,1,2.0,False,True,False,False,False,4800.000000000001
BMW,238,1.8,Petrol,yes,318,29,8.21,8.293799608846818,1,1.8,False,False,True,False,False,3998.9999999999995
Toyota,165,4.0,Gas,yes,Land Cruiser Prado,14,11.79,10.477287975463508,0,0.0,False,False,False,False,False,35500.00000000002
Toyota,158,2.4,Gas,yes,Camry,17,9.29,9.51044496442652,0,0.0,False,False,True,False,False,13499.999999999996
Mercedes-Benz,130,3.0,Petrol,yes,C-Class,18,7.22,9.769956159911606,1,3.0,False,False,True,False,False,17500.000000000015
Mercedes-Benz,11,4.7,Petrol,yes,CLS 500,13,0.85,11.00208317439868,1,4.7,False,False,True,False,False,59998.99999999992
Mercedes-Benz,255,2.2,Diesel,yes,Vito,21,12.14,8.987071812848821,1,2.2,False,False,False,False,True,7998.999999999996
Toyota,89,1.8,Other,yes,Avensis,14,6.36,9.680344001221918,0,0.0,False,False,True,False,False,16000.000000000002
BMW,250,4.5,Gas,yes,745,24,10.42,8.674196940225903,1,4.5,False,False,True,False,False,5850.000000000003
Renault,154,1.5,Diesel,yes,Scenic,17,9.06,8.987071812848821,0,0.0,False,False,False,False,True,7998.999999999996
Renault,181,1.9,Diesel,yes,Trafic,19,9.53,9.093806555720231,0,0.0,False,False,False,False,True,8900.000000000002
BMW,0,2.0,Petrol,yes,X3,9,0.0,10.685538069201806,1,2.0,False,False,False,False,False,43719.0
Volkswagen,193,2.5,Diesel,yes,T5 (Transporter),20,9.65,9.0825070004663,0,0.0,False,False,False,False,True,8800.000000000024
Volkswagen,194,1.6,Diesel,yes,Caddy,14,13.86,9.2093398716426,0,0.0,False,False,False,False,True,9990.000000000005
Volkswagen,80,1.8,Petrol,yes,Passat B7,13,6.15,9.79807147977948,0,0.0,False,False,True,False,False,17999.000000000022
Mercedes-Benz,94,5.5,Petrol,yes,CL 55 AMG,16,5.88,10.532096211958502,1,5.5,False,True,False,False,False,37499.99999999998
Audi,155,3.0,Petrol,yes,A6,15,10.33,9.9281801651265,1,3.0,False,False,True,False,False,20500.000000000015
Audi,242,2.5,Diesel,no,A6 Allroad,22,11.0,8.51699317141357,1,2.5,False,False,False,False,False,4999.000000000002
Mercedes-Benz,1,3.5,Petrol,yes,ML 350,18,0.06,8.318742252692399,1,3.5,False,False,False,False,False,4099.999999999999
Mercedes-Benz,145,1.8,Petrol,yes,C-Class,17,8.53,9.769899015421748,1,1.8,False,False,True,False,False,17499.00000000001
Audi,326,2.5,Diesel,yes,A6,23,14.17,9.011889433252344,1,2.5,False,True,False,False,False,8199.999999999998
Volkswagen,185,2.8,Gas,yes,Passat B5,21,8.81,8.85366542803745,0,0.0,False,False,True,False,False,6999.999999999999
Volkswagen,107,1.6,Petrol,yes,Golf Variant,15,7.13,9.126958763037132,0,0.0,False,False,False,True,False,9200.000000000005
Volkswagen,105,2.0,Other,yes,Golf VII,12,8.75,8.294049640102028,0,0.0,True,False,False,False,False,3999.9999999999995
Renault,20,1.5,Diesel,yes,Duster,9,2.22,9.769956159911606,0,0.0,False,False,False,False,False,17500.000000000015
BMW,162,1.6,Petrol,no,316,30,5.4,7.575584651557793,1,1.6,False,False,True,False,False,1950.0000000000005
Audi,120,1.8,Petrol,yes,TT,25,4.8,9.305650551780507,1,1.8,False,True,False,False,False,10999.999999999998
Audi,259,3.0,Diesel,no,A6,20,12.95,8.955448122347393,1,3.0,False,False,True,False,False,7750.000000000004
Volkswagen,1,1.6,Diesel,yes,Jetta,9,0.11,10.09823162932864,0,0.0,False,False,True,False,False,24299.999999999985
Renault,190,1.9,Diesel,yes,Kangoo,23,8.26,8.318742252692399,0,0.0,False,False,False,False,True,4099.999999999999
Mercedes-Benz,69,3.0,Diesel,yes,GL 350,11,6.27,11.154820928221902,1,3.0,False,False,False,False,False,69900.00000000003
Volkswagen,129,2.0,Diesel,yes,Caravelle,11,11.73,10.308919326755392,0,0.0,False,True,False,False,False,29999.000000000025
Renault,188,1.5,Other,yes,Megane,13,14.46,9.392578591964387,0,0.0,False,False,False,True,False,11998.99999999998
Volkswagen,122,1.4,Gas,yes,Touran,12,10.17,9.539644119118783,0,0.0,False,False,False,True,False,13900.000000000002
BMW,274,2.0,Diesel,no,320,18,15.22,9.093806555720231,1,2.0,False,False,False,True,False,8900.000000000002
Audi,105,2.0,Petrol,yes,A6,13,8.08,10.16585181700362,1,2.0,False,False,True,False,False,26000.00000000003
BMW,287,2.5,Diesel,no,525,27,10.63,7.90100705199242,1,2.5,False,True,False,False,False,2699.999999999999
Toyota,140,3.5,Gas,yes,Camry,18,7.78,9.433483923290392,0,0.0,False,False,True,False,False,12500.0
BMW,28,1.9,Petrol,yes,318,30,0.93,8.411832675758411,1,1.9,False,False,True,False,False,4500.000000000001
Toyota,3,4.5,Diesel,yes,Land Cruiser 200,9,0.33,11.385092093460344,0,0.0,False,False,False,False,False,88000.00000000001
Mitsubishi,143,2.0,Gas,yes,Lancer X,18,7.94,9.071078304642676,0,0.0,False,False,True,False,False,8700.000000000004
Volkswagen,230,3.2,Gas,yes,Multivan,17,13.53,9.752664662801545,0,0.0,False,False,False,False,True,17200.000000000004
Toyota,39,2.2,Diesel,yes,Rav 4,11,3.55,10.328755287940472,0,0.0,False,False,False,False,False,30600.00000000001
Mercedes-Benz,240,2.2,Diesel,yes,E-Class,19,12.63,9.635608107380529,1,2.2,False,False,True,False,False,15300.000000000031
Toyota,1,4.5,Diesel,yes,Land Cruiser 200,9,0.11,11.210468106936291,0,0.0,False,False,False,False,False,73899.99999999988
Volkswagen,84,2.0,Petrol,yes,Passat B6,18,4.67,9.433483923290392,0,0.0,False,False,True,False,False,12500.0
Mercedes-Benz,150,5.5,Petrol,yes,G 500,23,6.52,10.325481962595504,1,5.5,False,False,False,False,False,30500.000000000022
BMW,73,3.0,Diesel,yes,X6 M,12,6.08,11.08060290269218,1,3.0,False,False,False,False,False,64899.999999999876
Toyota,179,2.4,Petrol,yes,Camry,19,9.42,9.323669057283183,0,0.0,False,False,True,False,False,11199.99999999997
BMW,93,2.5,Petrol,yes,Z4,22,4.23,9.20029003612268,1,2.5,False,True,False,False,False,9899.999999999995
Mercedes-Benz,34,2.2,Diesel,yes,S 250,14,2.43,10.915088464214609,1,2.2,False,False,True,False,False,55000.00000000005
Volkswagen,250,1.9,Diesel,yes,Passat B3,33,7.58,8.006367567650246,0,0.0,False,False,False,True,False,2999.9999999999977
BMW,147,3.0,Diesel,yes,730,16,9.19,10.404262840448617,1,3.0,False,False,True,False,False,32999.99999999998
Renault,75,2.0,Petrol,yes,Megane,12,6.25,9.472704636443671,0,0.0,True,False,False,False,False,12999.999999999967
Mercedes-Benz,102,5.0,Petrol,yes,CL 55 AMG,17,6.0,10.431170293368542,1,5.0,False,True,False,False,False,33900.0
BMW,210,3.0,Diesel,yes,X5,20,10.5,9.769956159911606,1,3.0,False,False,False,False,False,17500.000000000015
Audi,60,2.0,Petrol,yes,Q5,14,4.29,10.404262840448617,1,2.0,False,False,False,False,False,32999.99999999998
Volkswagen,240,1.6,Petrol,yes,Jetta,15,16.0,9.392578591964387,0,0.0,False,False,True,False,False,11998.99999999998
Toyota,141,3.5,Petrol,yes,Camry,17,8.29,9.595602772766828,0,0.0,False,False,True,False,False,14700.000000000002
Audi,253,1.8,Gas,no,A4,28,9.04,7.863266724009573,1,1.8,False,False,False,True,False,2599.9999999999977
BMW,375,4.4,Gas,yes,740,24,15.62,9.296518068217235,1,4.4,False,False,True,False,False,10900.000000000002
Toyota,160,1.0,Petrol,yes,Yaris,26,6.15,8.268731832117737,0,0.0,True,False,False,False,False,3899.9999999999977
Renault,275,1.9,Diesel,yes,Trafic,23,11.96,8.648221453822641,0,0.0,False,False,False,False,True,5699.999999999998
Audi,4,3.0,Diesel,yes,A8,10,0.4,11.418603796427618,1,3.0,False,False,True,False,False,90998.99999999997
Mercedes-Benz,137,2.2,Diesel,yes,E-Class,13,10.54,10.146433731146518,1,2.2,False,False,True,False,False,25500.0
BMW,360,2.5,Petrol,yes,525,33,10.91,8.101677747454572,1,2.5,False,False,True,False,False,3300.0
Toyota,80,3.5,Gas,yes,Highlander,13,6.15,10.264652401747712,0,0.0,False,False,False,False,False,28699.999999999996
Volkswagen,200,1.6,Diesel,yes,Caddy,14,14.29,9.137769679141348,0,0.0,False,False,False,False,True,9300.000000000007
Toyota,148,1.8,Gas,yes,Avensis,17,8.71,9.148464968258097,0,0.0,False,False,True,False,False,9400.000000000011
Audi,180,3.6,Gas,yes,Q7,18,10.0,10.043249494911286,1,3.6,False,False,False,False,False,22999.999999999993
BMW,370,4.0,Petrol,yes,540,32,11.56,8.411832675758411,1,4.0,False,False,True,False,False,4500.000000000001
Mitsubishi,1,1.8,Petrol,yes,ASX,10,0.1,10.081633737919605,0,0.0,False,False,False,False,False,23900.000000000062
Mercedes-Benz,0,3.0,Diesel,yes,GLS 350,9,0.0,11.58987724680423,1,3.0,False,False,False,False,False,107998.99999999996
Volkswagen,157,1.8,Gas,yes,Passat B6,17,9.24,9.464982590349765,0,0.0,False,False,True,False,False,12900.000000000015
Mercedes-Benz,211,2.2,Other,yes,Vito,13,16.23,9.60911649193355,1,2.2,False,False,False,False,True,14899.999999999995
Volkswagen,160,1.8,Petrol,yes,Passat B6,15,10.67,9.674074388208323,0,0.0,False,True,False,False,False,15900.000000000007
Volkswagen,154,2.0,Gas,yes,Caddy,15,10.27,9.137769679141348,0,0.0,False,False,False,False,True,9300.000000000007
Mercedes-Benz,260,2.2,Diesel,yes,Vito,25,10.4,8.85366542803745,1,2.2,False,True,False,False,False,6999.999999999999
Mitsubishi,240,3.2,Diesel,yes,Pajero Wagon,19,12.63,9.595602772766828,0,0.0,False,False,False,False,False,14700.000000000002
Toyota,63,2.0,Petrol,yes,Rav 4,12,5.25,9.98966524877718,0,0.0,False,False,False,False,False,21800.000000000007
Audi,20,3.0,Petrol,yes,Q5,11,1.82,11.127262984158245,1,3.0,False,False,False,False,False,68000.00000000006
Mercedes-Benz,370,2.2,Petrol,yes,E-Class,30,12.33,8.85366542803745,1,2.2,False,False,True,False,False,6999.999999999999
Mercedes-Benz,21,6.0,Petrol,yes,S 600,17,1.24,11.156250521031495,1,6.0,False,True,False,False,False,69999.99999999994
Volkswagen,65,2.0,Petrol,yes,Passat B7,13,5.0,9.998797732340453,0,0.0,False,False,True,False,False,22000.0
Mercedes-Benz,50,3.5,Petrol,yes,SLK 350,20,2.5,9.846917201047734,1,3.5,False,True,False,False,False,18900.00000000001
BMW,267,2.0,Diesel,yes,320,23,11.61,9.179881164491476,1,2.0,False,False,True,False,False,9700.000000000022
Volkswagen,300,1.9,Diesel,yes,Golf III,27,11.11,8.48673398393153,0,0.0,False,False,False,True,False,4850.000000000002
Mercedes-Benz,260,2.2,Diesel,yes,Sprinter 213,22,11.82,9.071078304642676,1,2.2,False,True,False,False,False,8700.000000000004
Toyota,139,3.5,Petrol,yes,Camry,17,8.18,9.595602772766828,0,0.0,False,False,True,False,False,14700.000000000002
Volkswagen,1,1.6,Diesel,yes,Jetta,9,0.11,10.085767441795335,0,0.0,False,False,True,False,False,23998.99999999997
Mitsubishi,11,2.5,Diesel,yes,Pajero Sport,13,0.85,10.106428396532818,0,0.0,False,False,False,False,False,24500.0
Mercedes-Benz,161,2.2,Diesel,yes,Vito,14,11.5,10.06475570013225,1,2.2,False,False,False,False,True,23500.00000000001
Volkswagen,160,1.6,Diesel,yes,Caddy,13,12.31,9.210340371976184,0,0.0,False,False,False,False,True,10000.00000000001
Volkswagen,255,2.5,Diesel,yes,T4 (Transporter),23,11.09,9.179881164491476,0,0.0,False,False,False,False,True,9700.000000000022
Renault,280,1.5,Diesel,yes,Megane,20,14.0,8.85366542803745,0,0.0,False,False,False,True,False,6999.999999999999
Renault,245,2.0,Petrol,no,Megane,27,9.07,7.346010209913293,0,0.0,False,True,False,False,False,1550.0000000000007
Toyota,105,2.5,Diesel,yes,Hilux,12,8.75,10.203592144986466,0,0.0,False,True,False,False,False,26999.999999999996
BMW,0,2.5,Diesel,yes,X5,9,0.0,11.082142548877776,1,2.5,False,False,False,False,False,65000.00000000014
Renault,2,1.5,Diesel,yes,Fluence,10,0.2,9.903837491300417,0,0.0,False,False,True,False,False,20007.00000000001
Volkswagen,167,3.2,Petrol,yes,Touareg,19,8.79,9.64859530290734,0,0.0,False,False,False,False,False,15500.000000000036
Volkswagen,152,1.0,Petrol,yes,Lupo,25,6.08,8.293799608846818,0,0.0,True,False,False,False,False,3998.9999999999995
BMW,1,2.0,Diesel,yes,320,17,0.06,9.902987427494446,1,2.0,False,False,True,False,False,19990.000000000015
Mercedes-Benz,42,1.6,Petrol,yes,C-Class,11,3.82,10.545341438708522,1,1.6,False,False,True,False,False,37999.999999999985
Volkswagen,1,1.6,Diesel,yes,Caddy,10,0.1,9.927083954751296,0,0.0,False,False,False,False,True,20477.539999999986
Volkswagen,200,1.4,Gas,yes,Passat B6,16,12.5,9.174713194333032,0,0.0,False,False,False,True,False,9650.000000000004
BMW,115,3.0,Diesel,yes,X5 M,17,6.76,10.532096211958502,1,3.0,False,False,False,False,False,37499.99999999998
Mercedes-Benz,193,2.2,Diesel,yes,Vito,14,13.79,9.449357272446685,1,2.2,False,False,False,False,True,12700.000000000027
Toyota,207,1.3,Petrol,yes,Corolla,30,6.9,8.411832675758411,0,0.0,True,False,False,False,False,4500.000000000001
Mercedes-Benz,3,3.0,Diesel,yes,E-Class,27,0.11,7.783224016336037,1,3.0,False,False,True,False,False,2400.0000000000005
Mercedes-Benz,330,2.0,Petrol,yes,200,28,11.79,8.85352256068954,1,2.0,False,False,True,False,False,6998.999999999996
Volkswagen,169,1.9,Diesel,yes,Caddy,17,9.94,9.093806555720231,0,0.0,False,False,False,False,True,8900.000000000002
Mitsubishi,78,1.5,Gas,yes,Lancer X,14,5.57,8.987071812848821,0,0.0,False,False,True,False,False,7998.999999999996
Volkswagen,124,2.0,Diesel,yes,T6 (Transporter) ,12,10.33,9.51044496442652,0,0.0,False,False,False,False,True,13499.999999999996
Mercedes-Benz,1,3.0,Diesel,yes,GLS 350,9,0.11,11.60822655382414,1,3.0,False,False,False,False,False,109999.00000000007
Mercedes-Benz,138,2.2,Diesel,yes,Vito,16,8.62,9.55393007636626,1,2.2,False,False,False,False,True,14100.00000000001
Volkswagen,290,1.9,Diesel,yes,T4 (Transporter) ,30,9.67,8.433811582477187,0,0.0,False,True,False,False,False,4600.000000000003
Mercedes-Benz,250,4.0,Diesel,no,S 400,23,10.87,8.086410275323782,1,4.0,False,False,True,False,False,3249.9999999999973
Mercedes-Benz,157,3.5,Petrol,yes,S 350,19,8.26,9.87816974455184,1,3.5,False,False,True,False,False,19500.000000000044
Audi,25,2.5,Diesel,no,A6,26,0.96,7.7406644019172415,1,2.5,False,False,False,True,False,2300.000000000001
Toyota,131,2.4,Petrol,yes,Camry,18,7.28,9.367344120785848,0,0.0,False,False,True,False,False,11700.000000000007
Audi,210,3.0,Diesel,no,A6,19,11.05,8.85366542803745,1,3.0,False,False,False,True,False,6999.999999999999
BMW,320,4.4,Gas,yes,740,28,11.43,8.846496938558838,1,4.4,False,False,True,False,False,6950.000000000001
Mitsubishi,300,1.6,Gas,yes,Carisma,25,12.0,8.411832675758411,0,0.0,False,False,True,False,False,4500.000000000001
Renault,150,1.5,Diesel,yes,Kangoo,14,10.71,9.433483923290392,0,0.0,False,False,False,True,False,12500.0
BMW,290,2.5,Gas,yes,525,28,10.36,7.696212639346407,1,2.5,False,False,True,False,False,2199.9999999999995
Renault,136,1.5,Diesel,yes,Megane,14,9.71,9.28266103355581,0,0.0,True,False,False,False,False,10750.00000000001
Mitsubishi,91,1.5,Petrol,yes,Lancer X,16,5.69,9.035986984831403,0,0.0,False,False,True,False,False,8399.999999999987
Volkswagen,50,2.0,Petrol,yes,Passat B7,12,4.17,10.257659366256744,0,0.0,False,False,True,False,False,28500.00000000007
BMW,63,4.4,Petrol,yes,750,13,4.85,10.709963418403076,1,4.4,False,False,True,False,False,44799.99999999997
Toyota,1,1.0,Petrol,yes,Yaris,9,0.11,9.368010565329008,0,0.0,True,False,False,False,False,11707.800000000005
BMW,131,2.0,Diesel,yes,520,15,8.73,10.388995368317827,1,2.0,False,False,True,False,False,32499.99999999995
Renault,165,1.5,Diesel,yes,Megane,13,12.69,9.259130536145614,0,0.0,False,False,False,True,False,10499.999999999993
Mercedes-Benz,215,2.2,Diesel,yes,Vito,18,11.94,9.392578591964387,1,2.2,False,True,False,False,False,11998.99999999998
BMW,205,1.8,Petrol,yes,316,24,8.54,8.716044050161402,1,1.8,False,False,True,False,False,6099.999999999998
Volkswagen,248,1.9,Diesel,yes,T5 (Transporter),15,16.53,9.417354541360508,0,0.0,False,True,False,False,False,12299.999999999989
Toyota,69,1.6,Petrol,yes,Corolla,12,5.75,9.371608519572304,0,0.0,False,False,True,False,False,11749.999999999984
BMW,55,3.0,Diesel,yes,530,12,4.58,10.864751650053014,1,3.0,False,False,True,False,False,52299.99999999999
Audi,70,2.0,Petrol,yes,Q3,13,5.38,10.338511462885837,1,2.0,False,False,False,False,False,30900.0
Volkswagen,235,2.0,Diesel,yes,Caddy,20,11.75,8.556413904569519,0,0.0,False,False,False,False,True,5200.000000000001
BMW,47,2.0,Petrol,yes,320,12,3.92,10.196157166498947,1,2.0,False,False,True,False,False,26799.99999999998
Volkswagen,1,3.0,Diesel,yes,Touareg,10,0.1,11.211820372186306,0,0.0,False,False,False,False,False,73999.99999999994
Renault,150,1.9,Diesel,yes,Trafic,19,7.89,9.277999020449997,0,0.0,False,False,False,False,True,10699.99999999999
Mercedes-Benz,113,2.2,Diesel,yes,C-Class,15,7.53,9.769956159911606,1,2.2,False,False,False,True,False,17500.000000000015
Toyota,56,2.7,Gas,yes,Land Cruiser Prado,14,4.0,10.335269968961668,0,0.0,False,False,False,False,False,30800.000000000084
Volkswagen,140,1.4,Petrol,no,Golf IV,23,6.09,7.937374696163295,0,0.0,True,False,False,False,False,2799.9999999999995
Mercedes-Benz,123,3.2,Petrol,yes,S 320,25,4.92,9.441452092939569,1,3.2,False,False,True,False,False,12599.999999999995
Volkswagen,144,1.4,Petrol,yes,Passat CC,13,11.08,9.769956159911606,0,0.0,False,False,True,False,False,17500.000000000015
Toyota,67,4.5,Diesel,yes,Land Cruiser 200,13,5.15,11.127262984158245,0,0.0,False,False,False,False,False,68000.00000000006
Toyota,44,3.5,Petrol,yes,Highlander,13,3.38,10.4341158035983,0,0.0,False,False,False,False,False,34000.00000000003
Toyota,20,2.5,Petrol,yes,Rav 4,12,1.67,10.271596874100524,0,0.0,False,False,False,False,False,28900.00000000002
Volkswagen,230,1.9,Diesel,yes,T5 (Transporter) ,17,13.53,9.20029003612268,0,0.0,False,False,False,False,True,9899.999999999995
Toyota,4,3.0,Diesel,yes,Hilux,9,0.44,10.747207591575448,0,0.0,False,True,False,False,False,46500.0
BMW,85,4.4,Petrol,yes,645,21,4.05,10.114558522616068,1,4.4,False,True,False,False,False,24699.999999999996
Volkswagen,175,1.4,Petrol,yes,Caddy,22,7.95,8.131530710604252,0,0.0,False,False,False,False,True,3399.999999999999
Mitsubishi,139,1.5,Petrol,yes,Lancer X,17,8.18,8.948975607841776,0,0.0,False,False,True,False,False,7700.0000000000055
Toyota,263,4.2,Diesel,yes,Land Cruiser 100,24,10.96,9.852194258148575,0,0.0,False,False,False,False,False,18999.999999999956
BMW,185,2.0,Diesel,no,320,23,8.04,8.160518247477505,1,2.0,False,False,True,False,False,3499.9999999999995
Volkswagen,177,2.0,Diesel,yes,T5 (Transporter) ,13,13.62,9.602382459752208,0,0.0,False,True,False,False,False,14800.000000000027
Mitsubishi,0,2.4,Petrol,yes,Outlander,9,0.0,10.491274217438248,0,0.0,False,False,False,False,False,36000.00000000002
Volkswagen,147,1.6,Diesel,yes,Touran,12,12.25,9.546455401949554,0,0.0,False,False,False,False,True,13995.000000000007
Toyota,130,2.3,Gas,yes,Camry,19,6.84,9.20029003612268,0,0.0,False,False,True,False,False,9899.999999999995
Mitsubishi,138,1.3,Petrol,yes,Colt,17,8.12,8.922658299524402,0,0.0,True,False,False,False,False,7500.000000000001
Volkswagen,2,1.6,Diesel,yes,Jetta,9,0.22,10.118598932153072,0,0.0,False,False,True,False,False,24799.999999999953
Renault,127,2.0,Gas,yes,Laguna,19,6.68,8.867850063029406,0,0.0,True,False,False,False,False,7099.999999999997
Toyota,80,4.0,Petrol,yes,Land Cruiser Prado,12,6.67,10.714417768752456,0,0.0,False,False,False,False,False,44999.999999999985
Mercedes-Benz,300,3.0,Diesel,no,E-Class,26,11.54,7.823645930834952,1,3.0,False,False,True,False,False,2498.9999999999995
Mitsubishi,136,2.0,Petrol,yes,Lancer X,17,8.0,9.159047077588632,0,0.0,False,False,True,False,False,9499.999999999995
BMW,186,3.0,Petrol,yes,530,18,10.33,9.95227771670556,1,3.0,False,False,True,False,False,20999.999999999985
Volkswagen,140,2.0,Diesel,yes,Caddy,15,9.33,9.345745008982384,0,0.0,False,False,False,False,True,11449.999999999976
Volkswagen,0,3.0,Diesel,yes,Touareg,9,0.0,11.102638751582846,0,0.0,False,False,False,False,False,66345.99999999997
Volkswagen,164,1.4,Petrol,yes,Polo,17,9.65,9.011889433252344,0,0.0,True,False,False,False,False,8199.999999999998
Renault,190,1.5,Diesel,yes,Kangoo,22,8.64,8.433594167539924,0,0.0,False,False,False,False,True,4599.000000000003
Volkswagen,62,1.6,Petrol,yes,Polo,13,4.77,9.093806555720231,0,0.0,False,False,True,False,False,8900.000000000002
Toyota,79,1.6,Gas,yes,Auris,13,6.08,9.539644119118783,0,0.0,True,False,False,False,False,13900.000000000002
BMW,200,3.5,Gas,yes,535,27,7.41,8.612503371220562,1,3.5,False,False,True,False,False,5499.999999999999
Mercedes-Benz,360,2.0,Gas,yes,E-Class,31,11.61,8.612503371220562,1,2.0,False,False,True,False,False,5499.999999999999
Volkswagen,213,1.6,Gas,yes,Caddy,17,12.53,8.691146498539675,0,0.0,False,False,False,False,True,5949.999999999998
Mitsubishi,173,3.8,Gas,yes,Pajero Wagon,17,10.18,9.85214162518454,0,0.0,False,False,False,False,False,18999.000000000004
Mercedes-Benz,0,3.0,Petrol,yes,GLS 400,9,0.0,11.728036844587177,1,3.0,False,False,False,False,False,124000.00000000032
Volkswagen,130,2.0,Diesel,yes,Passat B6,17,7.65,9.35010231435134,0,0.0,False,False,True,False,False,11499.999999999976
Mercedes-Benz,240,3.2,Other,no,C-Class,20,12.0,8.411832675758411,1,3.2,False,False,True,False,False,4500.000000000001
BMW,35,3.0,Petrol,yes,X3,14,2.5,10.46024210819052,1,3.0,False,False,False,False,False,34900.00000000007
Mitsubishi,84,2.4,Petrol,yes,Outlander XL,16,5.25,9.47262771040802,0,0.0,False,False,False,False,False,12999.000000000007
Toyota,180,4.7,Gas,yes,Land Cruiser 100,21,8.57,9.947504437952905,0,0.0,False,False,False,False,False,20900.000000000044
Mercedes-Benz,150,5.5,Petrol,yes,S 550,17,8.82,10.19988156558993,1,5.5,False,False,True,False,False,26899.999999999985
Volkswagen,59,2.0,Diesel,yes,Multivan,11,5.36,10.81975828421028,0,0.0,False,False,False,False,True,49999.0
Mercedes-Benz,287,4.0,Diesel,no,ML 400,22,13.05,8.294049640102028,1,4.0,False,False,False,False,False,3999.9999999999995
Volkswagen,19,3.0,Diesel,yes,Touareg,11,1.73,10.864751650053014,0,0.0,False,False,False,False,False,52299.99999999999
Mercedes-Benz,37,1.8,Petrol,yes,E-Class,13,2.85,10.292145542327912,1,1.8,False,False,True,False,False,29500.000000000025
Volkswagen,120,1.4,Petrol,yes,Scirocco,13,9.23,9.857443614034722,0,0.0,False,True,False,False,False,19100.000000000007
BMW,26,2.0,Diesel,yes,520,10,2.6,10.72546760493904,1,2.0,False,True,False,False,False,45499.99999999989
BMW,255,2.8,Petrol,yes,328,27,9.44,8.881836305004146,1,2.8,False,False,True,False,False,7199.999999999996
BMW,142,2.0,Diesel,yes,520,13,10.92,10.114558522616068,1,2.0,False,False,False,True,False,24699.999999999996
Toyota,74,2.0,Petrol,yes,Rav 4,14,5.29,9.95227771670556,0,0.0,False,False,False,False,False,20999.999999999985
Mitsubishi,90,3.0,Petrol,yes,Pajero Wagon,17,5.29,9.581903928408666,0,0.0,False,False,False,False,False,14500.000000000004
Mercedes-Benz,222,3.0,Gas,yes,E-Class,18,12.33,9.532423871145296,1,3.0,False,False,True,False,False,13799.999999999998
Volkswagen,60,1.8,Petrol,yes,Passat B7,11,5.45,10.165813354725492,0,0.0,False,False,True,False,False,25998.99999999995
Volkswagen,174,2.0,Petrol,yes,Passat B6,18,9.67,9.164819856674374,0,0.0,False,False,True,False,False,9555.000000000004
Renault,152,2.0,Diesel,yes,Trafic,15,10.13,9.179881164491476,0,0.0,False,False,False,False,True,9700.000000000022
Renault,150,2.3,Diesel,yes,Master,13,11.54,9.367344120785848,0,0.0,False,False,False,False,True,11700.000000000007
Volkswagen,259,1.6,Gas,yes,Passat B4,30,8.63,8.575462099540212,0,0.0,False,False,False,True,False,5299.999999999996
Audi,159,5.2,Petrol,yes,S8,17,9.35,10.021270588192513,1,5.2,False,False,True,False,False,22500.00000000003
Renault,221,1.5,Diesel,yes,Kangoo,16,13.81,9.02401079378469,0,0.0,False,False,False,False,True,8300.000000000007
Volkswagen,198,1.6,Petrol,no,Touran,21,9.43,8.496990484098719,0,0.0,False,False,False,False,True,4900.000000000004
BMW,245,2.0,Diesel,no,320,18,13.61,8.99961934066053,1,2.0,False,False,True,False,False,8099.999999999999
Volkswagen,290,1.8,Gas,yes,Vento,28,10.36,8.389359819906353,0,0.0,False,False,True,False,False,4400.000000000004
BMW,110,3.0,Diesel,no,X6,17,6.47,9.159047077588632,1,3.0,False,False,False,False,False,9499.999999999995
Audi,160,2.7,Gas,yes,A6 Allroad,22,7.27,9.159047077588632,1,2.7,False,False,False,True,False,9499.999999999995
Toyota,35,2.2,Gas,yes,Camry,26,1.35,8.37793112408273,0,0.0,False,False,True,False,False,4350.000000000002
Volkswagen,224,2.5,Diesel,yes,T5 (Transporter),19,11.79,9.210340371976184,0,0.0,False,False,False,False,True,10000.00000000001
BMW,58,4.4,Petrol,yes,X5,11,5.27,11.082142548877776,1,4.4,False,False,False,False,False,65000.00000000014
Renault,79,1.6,Petrol,yes,Laguna,17,4.65,9.011889433252344,0,0.0,True,False,False,False,False,8199.999999999998
Volkswagen,98,2.0,Diesel,yes,Tiguan,12,8.17,9.998797732340453,0,0.0,False,False,False,False,False,22000.0
Volkswagen,0,1.6,Petrol,yes,Polo,9,0.0,9.495590740230377,0,0.0,False,False,True,False,False,13300.950000000023
Volkswagen,150,2.0,Petrol,yes,Passat B6,17,8.82,9.137769679141348,0,0.0,False,False,False,True,False,9300.000000000007
Volkswagen,300,2.4,Diesel,yes,T4 (Transporter),25,12.0,8.809862805379057,0,0.0,False,False,False,False,True,6699.9999999999945
Mercedes-Benz,385,1.8,Petrol,yes,C-Class,30,12.83,8.268731832117737,1,1.8,False,False,True,False,False,3899.9999999999977
Mercedes-Benz,360,2.9,Diesel,no,E-Class,28,12.86,7.673223121121708,1,2.9,False,False,True,False,False,2149.9999999999995
Renault,190,1.5,Diesel,yes,Laguna,14,13.57,9.315690887584008,0,0.0,False,False,False,True,False,11110.999999999993
Renault,160,2.0,Gas,yes,Scenic,19,8.42,8.922658299524402,0,0.0,False,True,False,False,False,7500.000000000001
BMW,0,3.0,Petrol,yes,640,9,0.0,11.512915464920228,1,3.0,False,True,False,False,False,99999.0
Volkswagen,56,2.0,Diesel,yes,Golf VII,11,5.09,9.9281801651265,0,0.0,True,False,False,False,False,20500.000000000015
Mercedes-Benz,27,3.0,Diesel,yes,S 350,11,2.45,11.686878772093667,1,3.0,False,False,True,False,False,119000.0000000001
Mitsubishi,0,2.4,Diesel,yes,Pajero Sport,9,0.0,10.616437360392252,0,0.0,False,False,False,False,False,40799.99999999997
Renault,265,2.0,Diesel,yes,Trafic,18,14.72,9.277999020449997,0,0.0,False,False,False,False,True,10699.99999999999
Volkswagen,1,2.0,Diesel,yes,Multivan,10,0.1,11.156107653683586,0,0.0,False,False,False,False,True,69990.00000000004
Volkswagen,128,2.0,Petrol,yes,Passat B6,18,7.11,9.433483923290392,0,0.0,False,False,True,False,False,12500.0
Audi,154,2.0,Diesel,yes,A6,17,9.06,9.615805480084347,1,2.0,False,False,False,True,False,15000.000000000004
Mitsubishi,126,1.6,Petrol,yes,Lancer,19,6.63,8.748304912379623,0,0.0,False,False,True,False,False,6299.999999999996
Renault,10,1.6,Petrol,yes,Megane,11,0.91,9.51044496442652,0,0.0,True,False,False,False,False,13499.999999999996
Volkswagen,210,3.0,Diesel,yes,Touareg,20,10.5,9.786953736280177,0,0.0,False,False,False,False,False,17800.000000000007
Volkswagen,71,1.2,Petrol,yes,Caddy,12,5.92,9.210340371976184,0,0.0,False,False,False,False,True,10000.00000000001
Volkswagen,146,1.6,Diesel,yes,Caddy,13,11.23,9.287301413112312,0,0.0,False,True,False,False,False,10800.000000000007
Mercedes-Benz,360,5.0,Gas,yes,S 500,24,15.0,9.296518068217235,1,5.0,False,False,True,False,False,10900.000000000002
Volkswagen,69,1.4,Petrol,yes,Touran,13,5.31,9.615805480084347,0,0.0,False,False,False,True,False,15000.000000000004
Volkswagen,110,2.0,Petrol,yes,Passat B6,19,5.79,9.195226734166134,0,0.0,False,False,True,False,False,9849.999999999995
Mitsubishi,320,3.0,Gas,yes,Pajero Sport,25,12.8,9.047821442478408,0,0.0,False,False,False,False,False,8500.000000000005
Volkswagen,170,1.6,Diesel,yes,Passat B7,14,12.14,9.60911649193355,0,0.0,False,False,False,True,False,14899.999999999995
Mitsubishi,72,2.4,Petrol,yes,Lancer Evolution,19,3.79,9.35010231435134,0,0.0,False,False,True,False,False,11499.999999999976
Audi,247,2.5,Diesel,yes,A6,24,10.29,9.047821442478408,1,2.5,False,False,True,False,False,8500.000000000005
Mitsubishi,40,2.0,Petrol,yes,Lancer Evolution,12,3.33,9.464982590349765,0,0.0,False,False,True,False,False,12900.000000000015
Mitsubishi,72,2.0,Petrol,yes,Lancer Evolution,19,3.79,10.325481962595504,0,0.0,False,False,True,False,False,30500.000000000022
BMW,73,2.0,Petrol,yes,520,12,6.08,10.325481962595504,1,2.0,False,False,True,False,False,30500.000000000022
Mercedes-Benz,257,1.8,Gas,no,CL 180,30,8.57,7.408530566894626,1,1.8,False,False,True,False,False,1649.9999999999998
Renault,184,1.5,Diesel,yes,Megane,14,13.14,9.137769679141348,0,0.0,False,False,False,True,False,9300.000000000007
Mercedes-Benz,89,6.3,Petrol,yes,CLS 63 AMG,17,5.24,10.325481962595504,1,6.3,False,False,True,False,False,30500.000000000022
Mercedes-Benz,175,2.2,Diesel,yes,Vito,15,11.67,9.698920386794851,1,2.2,False,False,False,False,True,16299.999999999964
Renault,225,2.0,Gas,yes,Scenic,22,10.23,8.656955133791396,0,0.0,False,False,False,False,False,5749.999999999997
Mercedes-Benz,29,3.0,Diesel,yes,CLS 350,13,2.23,10.905955980651337,1,3.0,False,False,True,False,False,54500.000000000065
Mercedes-Benz,209,2.2,Diesel,yes,Vito,17,12.29,9.35010231435134,1,2.2,False,False,False,False,True,11499.999999999976
Mercedes-Benz,46,5.5,Petrol,yes,G 500,17,2.71,10.887436932884098,1,5.5,False,False,False,False,False,53500.00000000001
Renault,183,2.0,Diesel,yes,Trafic,14,13.07,9.332558004700433,0,0.0,False,False,False,False,True,11300.000000000007
Volkswagen,156,2.0,Diesel,yes,T6 (Transporter) ,13,12.0,9.539644119118783,0,0.0,False,False,False,False,False,13900.000000000002
Audi,175,3.0,Petrol,yes,A6,19,9.21,9.568014816248,1,3.0,False,False,True,False,False,14300.000000000027
Volkswagen,280,1.6,Diesel,yes,Caddy,14,20.0,8.922658299524402,0,0.0,False,False,False,False,True,7500.000000000001
Volkswagen,195,1.4,Diesel,yes,Golf V,21,9.29,8.85352256068954,0,0.0,True,False,False,False,False,6998.999999999996
Mitsubishi,98,2.4,Petrol,yes,Grandis,17,5.76,9.350015354048663,0,0.0,False,False,False,False,True,11498.999999999982
BMW,214,1.9,Petrol,no,318,25,8.56,7.955074273262696,1,1.9,False,False,True,False,False,2849.9999999999986
Renault,118,1.5,Diesel,yes,Kangoo,17,6.94,8.874867635688053,0,0.0,False,False,False,False,True,7150.0
Audi,104,2.8,Petrol,yes,A6,15,6.93,10.16199824768763,1,2.8,False,False,True,False,False,25900.0
Toyota,75,1.4,Diesel,yes,Yaris,13,5.77,9.433483923290392,0,0.0,True,False,False,False,False,12500.0
Mercedes-Benz,196,2.2,Diesel,yes,Vito,23,8.52,8.732304571033183,1,2.2,False,False,False,False,True,6199.999999999998
Toyota,92,3.5,Gas,yes,Highlander,13,7.08,10.264652401747712,0,0.0,False,False,False,False,False,28699.999999999996
Volkswagen,419,2.4,Diesel,yes,T4 (Transporter),30,13.97,8.699514748210191,0,0.0,False,False,False,False,True,5999.999999999995
Audi,100,3.0,Diesel,yes,Q7,11,9.09,10.709963418403076,1,3.0,False,False,False,False,False,44799.99999999997
BMW,186,5.0,Petrol,yes,X6,17,10.94,10.51867319162636,1,5.0,False,False,False,False,False,36999.99999999997
Audi,234,2.4,Petrol,yes,A6,27,8.67,8.987196820661973,1,2.4,False,False,True,False,False,8000.0
Volkswagen,1,1.4,Petrol,yes,Jetta,10,0.1,9.975808214115752,0,0.0,False,False,True,False,False,21499.999999999945
BMW,200,2.5,Petrol,yes,525,30,6.67,8.45531778769815,1,2.5,False,False,True,False,False,4699.999999999997
Mitsubishi,102,3.0,Petrol,yes,Outlander XL,16,6.38,9.64859530290734,0,0.0,False,False,False,False,False,15500.000000000036
Renault,149,1.5,Diesel,yes,Kangoo,12,12.42,8.974618038455112,0,0.0,False,False,False,False,True,7899.999999999996
Toyota,22,2.5,Petrol,yes,Camry,10,2.2,10.373491181781864,0,0.0,False,False,True,False,False,32000.000000000007
BMW,180,4.8,Gas,yes,X5,17,10.59,10.203555107263542,1,4.8,False,False,False,False,False,26999.00000000002
Toyota,196,1.59,Petrol,yes,Corolla Verso,22,8.91,8.922658299524402,0,0.0,False,False,False,True,False,7500.000000000001
Mercedes-Benz,191,2.2,Diesel,yes,Vito,18,10.61,9.305559638557115,1,2.2,False,False,False,False,True,10998.999999999985
Mitsubishi,121,1.6,Gas,yes,Lancer,17,7.12,8.895629627136483,0,0.0,False,False,True,False,False,7300.000000000002
Mercedes-Benz,280,2.2,Diesel,yes,Vito,20,14.0,8.987196820661973,1,2.2,False,False,False,False,True,8000.0
Mitsubishi,115,3.0,Gas,yes,Pajero Wagon,17,6.76,9.773094088602532,0,0.0,False,False,False,False,False,17554.99999999999
Volkswagen,189,3.0,Diesel,yes,Touareg,13,14.54,10.545341438708522,0,0.0,False,False,False,False,False,37999.999999999985
BMW,179,2.0,Diesel,yes,520,18,9.94,9.64212278840172,1,2.0,False,False,False,True,False,15399.999999999985
Volkswagen,137,1.9,Diesel,yes,Caddy,17,8.06,9.230142999272362,0,0.0,False,False,False,False,True,10199.99999999999
Mercedes-Benz,234,2.2,Diesel,yes,Vito,23,10.17,8.974618038455112,1,2.2,False,False,False,False,True,7899.999999999996
Mitsubishi,161,1.6,Gas,yes,Lancer,19,8.47,8.809862805379057,0,0.0,False,False,True,False,False,6699.9999999999945
Mercedes-Benz,176,5.5,Petrol,yes,E-Class,22,8.0,10.308952660644293,1,5.5,False,True,False,False,False,30000.000000000007
Volkswagen,210,1.9,Diesel,yes,Touran,17,12.35,9.305650551780507,0,0.0,False,False,False,True,False,10999.999999999998
Mercedes-Benz,56,2.2,Diesel,yes,CLA-Class,11,5.09,10.558413520275876,1,2.2,False,False,True,False,False,38500.0
Mercedes-Benz,280,2.2,Diesel,yes,Vito,24,11.67,8.935903526274423,1,2.2,False,False,False,False,True,7600.000000000003
Volkswagen,90,1.9,Diesel,yes,Golf V,16,5.62,9.093806555720231,0,0.0,True,False,False,False,False,8900.000000000002
Toyota,120,4.0,Petrol,yes,Land Cruiser Prado,18,6.67,10.060491301345794,0,0.0,False,False,False,False,False,23400.00000000002
Audi,37,2.8,Petrol,yes,A6,13,2.85,10.51867319162636,1,2.8,False,False,True,False,False,36999.99999999997
Renault,151,1.5,Diesel,yes,Kangoo,19,7.95,8.630521876723241,0,0.0,False,False,False,True,False,5600.000000000005
Volkswagen,75,1.8,Petrol,yes,Passat B7,14,5.36,9.846917201047734,0,0.0,False,False,True,False,False,18900.00000000001
Mercedes-Benz,219,3.0,Diesel,yes,E-Class,18,12.17,9.674074388208323,1,3.0,False,False,False,True,False,15900.000000000007
Mercedes-Benz,170,2.8,Gas,yes,E-Class,18,9.44,9.629050706834368,1,2.8,False,False,True,False,False,15200.000000000007
Volkswagen,74,2.0,Diesel,yes,Passat B7,12,6.17,9.93788897925346,0,0.0,False,False,False,True,False,20699.999999999985
BMW,210,3.5,Petrol,yes,735,26,8.08,9.011889433252344,1,3.5,False,False,True,False,False,8199.999999999998
Mitsubishi,300,1.6,Petrol,yes,Space Star,23,13.04,8.594154232552366,0,0.0,False,False,False,False,True,5400.000000000003
Mitsubishi,82,1.5,Gas,yes,Lancer X,15,5.47,9.367344120785848,0,0.0,False,False,True,False,False,11700.000000000007
Mitsubishi,121,2.4,Gas,yes,Galant,16,7.56,9.392661928770137,0,0.0,False,False,True,False,False,11999.999999999993
Volkswagen,198,1.6,Petrol,yes,Jetta,18,11.0,8.99961934066053,0,0.0,False,False,True,False,False,8099.999999999999
BMW,290,4.8,Petrol,yes,750,19,15.26,9.903437551286084,1,4.8,False,False,True,False,False,19998.999999999945
Audi,103,2.0,Diesel,yes,A6,12,8.58,10.373491181781864,1,2.0,False,False,True,False,False,32000.000000000007
Volkswagen,340,1.8,Petrol,yes,Sharan,26,13.08,8.732304571033183,0,0.0,False,False,False,False,True,6199.999999999998
BMW,270,2.5,Diesel,no,525,33,8.18,7.313220387090301,1,2.5,False,False,True,False,False,1500.0
Volkswagen,119,2.0,Diesel,yes,T6 (Transporter),13,9.15,9.792555991828849,0,0.0,False,True,False,False,False,17900.00000000004
Mercedes-Benz,140,5.5,Petrol,yes,S 500,14,10.0,10.657259354912508,1,5.5,False,False,True,False,False,42499.99999999999
BMW,335,2.0,Diesel,no,320,26,12.88,8.294049640102028,1,2.0,False,False,True,False,False,3999.9999999999995
Mitsubishi,124,3.0,Gas,yes,Pajero Sport,17,7.29,9.487972108574462,0,0.0,False,False,False,False,False,13200.000000000002
Mercedes-Benz,85,5.5,Petrol,yes,S 500,17,5.0,10.126231023828998,1,5.5,False,False,True,False,False,24990.0
BMW,68,3.0,Diesel,yes,X5,13,5.23,10.718852365820323,1,3.0,False,False,False,False,False,45200.00000000004
Toyota,160,4.7,Gas,yes,Land Cruiser 100,22,7.27,9.820105943597078,0,0.0,False,False,False,False,False,18400.00000000001
Volkswagen,212,1.9,Diesel,yes,T5 (Transporter),19,11.16,9.159047077588632,0,0.0,False,False,False,False,True,9499.999999999995
Audi,140,2.8,Petrol,yes,A6,13,10.77,10.146433731146518,1,2.8,False,False,True,False,False,25500.0
Volkswagen,200,4.2,Petrol,yes,Touareg,18,11.11,9.61573881119536,0,0.0,False,False,False,False,False,14999.00000000001
Volkswagen,153,2.5,Diesel,yes,T5 (Transporter),18,8.5,9.230142999272362,0,0.0,False,False,False,False,True,10199.99999999999
Mitsubishi,238,2.0,Gas,yes,Lancer X,17,14.0,8.974618038455112,0,0.0,False,False,True,False,False,7899.999999999996
BMW,3,2.0,Diesel,yes,4 Series Gran Coupe,9,0.33,10.86325914102182,1,2.0,True,False,False,False,False,52222.000000000015
Mitsubishi,110,2.0,Petrol,yes,Lancer X,17,6.47,9.104979856318357,0,0.0,False,False,True,False,False,9000.000000000004
Audi,215,2.5,Diesel,no,A6,22,9.77,8.34283980427146,1,2.5,False,False,False,True,False,4200.0
Toyota,100,4.5,Diesel,yes,Land Cruiser 200,17,5.88,10.584055950889214,0,0.0,False,True,False,False,False,39500.00000000002
BMW,245,3.0,Diesel,yes,730,24,10.21,9.104979856318357,1,3.0,False,False,True,False,False,9000.000000000004
Mercedes-Benz,96,3.5,Petrol,yes,S 350,16,6.0,10.081633737919605,1,3.5,False,False,True,False,False,23900.000000000062
Mercedes-Benz,128,3.0,Diesel,yes,ML 350,12,10.67,10.915088464214609,1,3.0,False,False,False,False,False,55000.00000000005
Mercedes-Benz,246,5.0,Petrol,yes,S 500,21,11.71,9.367344120785848,1,5.0,False,False,True,False,False,11700.000000000007
Mitsubishi,0,2.4,Diesel,yes,Pajero Sport,9,0.0,10.621083413498384,0,0.0,False,False,False,False,False,40990.00000000005
BMW,71,2.99,Petrol,yes,535,14,5.07,10.645424897265505,1,2.99,False,False,True,False,False,41999.99999999998
Renault,138,2.5,Gas,yes,Koleos,17,8.12,9.400960731584831,0,0.0,False,False,False,False,False,12099.999999999987
Toyota,118,1.4,Petrol,yes,Corolla,15,7.87,9.341368634382588,0,0.0,False,False,True,False,False,11400.000000000018
Audi,320,1.9,Diesel,yes,A4,29,11.03,8.85366542803745,1,1.9,False,False,False,True,False,6999.999999999999
BMW,1,2.0,Petrol,yes,120,19,0.05,8.160518247477505,1,2.0,True,False,False,False,False,3499.9999999999995
Mitsubishi,45,2.5,Diesel,yes,Pajero Sport,10,4.5,10.077440859659566,0,0.0,False,False,False,False,False,23799.999999999996
Mercedes-Benz,220,2.2,Diesel,yes,Vito,20,11.0,9.159047077588632,1,2.2,False,True,False,False,False,9499.999999999995
BMW,55,2.0,Petrol,yes,428,11,5.0,10.532096211958502,1,2.0,False,True,False,False,False,37499.99999999998
Renault,1,1.9,Diesel,yes,Trafic,20,0.05,8.699514748210191,0,0.0,False,False,False,False,True,5999.999999999995
Mercedes-Benz,190,2.2,Diesel,yes,Vito,17,11.18,9.225228984469933,1,2.2,False,True,False,False,False,10149.999999999993
Audi,186,2.5,Diesel,yes,A6,29,6.41,9.02401079378469,1,2.5,False,False,True,False,False,8300.000000000007
BMW,270,2.0,Diesel,no,320,27,10.0,7.863266724009573,1,2.0,False,False,True,False,False,2599.9999999999977
Mercedes-Benz,250,2.7,Diesel,no,E-Class,24,10.42,8.160518247477505,1,2.7,False,False,True,False,False,3499.9999999999995
Mercedes-Benz,86,3.0,Gas,yes,GLK 300,15,5.73,10.305613759378778,1,3.0,False,False,False,False,False,29900.0
Volkswagen,107,1.8,Petrol,yes,Passat B7,14,7.64,9.903437551286084,0,0.0,False,False,True,False,False,19998.999999999945
Volkswagen,180,2.0,Diesel,yes,Caddy,17,10.59,8.699514748210191,0,0.0,False,False,False,False,True,5999.999999999995
Mercedes-Benz,360,2.2,Other,yes,Vito,19,18.95,9.296518068217235,1,2.2,False,False,False,False,True,10900.000000000002
Volkswagen,165,1.6,Diesel,yes,Caddy,13,12.69,9.21024036697585,0,0.0,False,False,False,False,True,9999.0
Volkswagen,145,3.2,Petrol,yes,Passat B6,18,8.06,9.425451751593128,0,0.0,False,True,False,False,False,12399.999999999996
Audi,354,2.5,Diesel,no,A6,25,14.16,8.160518247477505,1,2.5,False,False,True,False,False,3499.9999999999995
BMW,230,3.0,Diesel,yes,X5,19,12.11,9.947504437952905,1,3.0,False,False,False,False,False,20900.000000000044
Audi,220,2.5,Diesel,no,A8,26,8.46,8.330863613224745,1,2.5,False,False,True,False,False,4150.000000000003
Volkswagen,345,1.9,Diesel,no,Sharan,23,15.0,8.318742252692399,0,0.0,False,False,False,False,True,4099.999999999999
Mercedes-Benz,86,5.5,Petrol,yes,S 500,18,4.78,10.257659366256744,1,5.5,False,False,True,False,False,28500.00000000007
Toyota,90,2.0,Petrol,yes,Rav 4,15,6.0,9.846917201047734,0,0.0,False,False,False,False,False,18900.00000000001
Mercedes-Benz,167,2.2,Diesel,yes,Vito,12,13.92,9.433483923290392,1,2.2,False,False,False,False,True,12500.0
Renault,160,2.0,Petrol,no,Megane,24,6.67,7.90100705199242,0,0.0,False,True,False,False,False,2699.999999999999
Audi,120,2.0,Petrol,yes,A4,19,6.32,9.230142999272362,1,2.0,False,False,True,False,False,10199.99999999999
BMW,238,3.5,Petrol,yes,535,26,9.15,8.83927669058535,1,3.5,False,False,True,False,False,6899.999999999999
Mitsubishi,79,2.4,Gas,yes,Outlander,16,4.94,9.487972108574462,0,0.0,False,False,False,False,False,13200.000000000002
Mercedes-Benz,0,3.0,Diesel,yes,GLS 350,9,0.0,11.73606101625244,1,3.0,False,False,False,False,False,124999.00000000032
BMW,200,2.7,Petrol,yes,525,37,5.41,8.318742252692399,1,2.7,False,False,True,False,False,4099.999999999999
Mercedes-Benz,229,2.7,Diesel,no,E-Class,24,9.54,8.070906088787819,1,2.7,False,False,True,False,False,3200.0000000000027
Toyota,160,2.0,Petrol,yes,Rav 4,18,8.89,9.52507811645139,0,0.0,False,False,False,False,False,13699.0
Mitsubishi,176,1.6,Petrol,yes,Lancer,21,8.38,8.648221453822641,0,0.0,False,False,True,False,False,5699.999999999998
Mercedes-Benz,215,2.2,Diesel,yes,Vito,25,8.6,8.779557455883728,1,2.2,False,True,False,False,False,6499.999999999995
Volkswagen,150,4.2,Diesel,yes,Touareg,14,10.71,10.691944912900398,0,0.0,False,False,False,False,False,44000.0
BMW,130,3.0,Petrol,yes,535,14,9.29,10.51867319162636,1,3.0,False,False,True,False,False,36999.99999999997
BMW,189,3.0,Diesel,yes,X5,16,11.81,10.292145542327912,1,3.0,False,False,False,False,False,29500.000000000025
Mercedes-Benz,5,1.6,Diesel,yes,Viano,12,0.42,11.502875129116727,1,1.6,False,False,False,False,True,99000.00000000004
Volkswagen,350,2.0,Gas,yes,Bora,25,14.0,8.496990484098719,0,0.0,False,False,True,False,False,4900.000000000004
Renault,277,1.5,Diesel,yes,Megane,20,13.85,8.691146498539675,0,0.0,False,False,True,False,False,5949.999999999998
Mercedes-Benz,155,3.0,Petrol,yes,C-Class,18,8.61,9.814656338829511,1,3.0,False,False,True,False,False,18299.99999999998
Mercedes-Benz,280,2.8,Petrol,yes,E-Class,32,8.75,8.45531778769815,1,2.8,False,False,True,False,False,4699.999999999997
Toyota,115,5.7,Petrol,yes,Land Cruiser 200,17,6.76,10.532096211958502,0,0.0,False,False,False,False,False,37499.99999999998
Volkswagen,230,2.5,Diesel,yes,T5 (Transporter),18,12.78,9.615805480084347,0,0.0,False,False,False,False,True,15000.000000000004
Mercedes-Benz,350,3.0,Diesel,yes,E-Class,31,11.29,8.83927669058535,1,3.0,False,False,True,False,False,6899.999999999999
Mercedes-Benz,230,2.2,Diesel,yes,Vito,21,10.95,9.02401079378469,1,2.2,False,False,False,False,True,8300.000000000007
Renault,199,1.9,Diesel,yes,Kangoo,25,7.96,8.1886891244442,0,0.0,False,False,False,False,True,3599.999999999998
Audi,280,2.5,Other,no,A6,26,10.77,7.824046010856292,1,2.5,False,False,False,True,False,2499.9999999999995
Volkswagen,37,3.0,Diesel,yes,Touareg,13,2.85,10.60905725309463,0,0.0,False,False,False,False,False,40499.99999999996
Mercedes-Benz,3,2.2,Diesel,yes,V 250,9,0.33,11.350406535472452,1,2.2,False,False,False,False,True,84999.99999999984
Audi,341,2.8,Petrol,yes,100,33,10.33,8.476371196895983,1,2.8,False,False,True,False,False,4800.000000000001
Mercedes-Benz,180,3.2,Diesel,yes,E-Class,23,7.83,9.159047077588632,1,3.2,False,False,False,True,False,9499.999999999995
Toyota,160,2.4,Gas,yes,Camry,20,8.0,9.449357272446685,0,0.0,False,False,True,False,False,12700.000000000027
Volkswagen,128,1.9,Diesel,yes,Caddy,15,8.53,9.28720881623276,0,0.0,False,False,False,False,True,10798.999999999995
Audi,150,4.2,Petrol,yes,Q7,18,8.33,10.21464198117305,1,4.2,False,True,False,False,False,27299.99999999999
Toyota,65,2.5,Petrol,yes,Camry,13,5.0,9.998752276761907,0,0.0,False,True,False,False,False,21998.999999999956
Mercedes-Benz,300,2.2,Diesel,yes,Sprinter 313,20,15.0,9.581903928408666,1,2.2,False,False,False,False,True,14500.000000000004
Audi,146,1.8,Petrol,yes,A4,18,8.11,9.433483923290392,1,1.8,False,False,True,False,False,12500.0
Renault,123,1.5,Diesel,yes,Kangoo,13,9.46,8.881836305004146,0,0.0,False,False,False,False,True,7199.999999999996
Mitsubishi,160,2.0,Gas,yes,Lancer X,18,8.89,9.011889433252344,0,0.0,False,False,True,False,False,8199.999999999998
Volkswagen,150,1.4,Gas,yes,Touran,13,11.54,9.487972108574462,0,0.0,False,False,False,False,True,13200.000000000002
Audi,124,3.0,Diesel,yes,A8,17,7.29,10.021270588192513,1,3.0,False,False,True,False,False,22500.00000000003
BMW,230,2.0,Diesel,no,320,22,10.45,8.294049640102028,1,2.0,False,False,True,False,False,3999.9999999999995
Toyota,260,3.5,Gas,yes,Camry,18,14.44,9.332558004700433,0,0.0,False,False,True,False,False,11300.000000000007
Toyota,185,1.6,Gas,yes,Corolla,17,10.88,9.137769679141348,0,0.0,False,False,True,False,False,9300.000000000007
Mitsubishi,135,2.5,Diesel,yes,Pajero Sport,14,9.64,9.903487552536127,0,0.0,False,False,False,False,False,19999.99999999998
Volkswagen,184,3.6,Petrol,yes,Passat B6,17,10.82,9.740968623038354,0,0.0,False,True,False,False,False,17000.00000000001
BMW,45,3.0,Diesel,yes,X6,11,4.09,10.941995917134532,1,3.0,False,False,False,False,False,56499.99999999999
BMW,355,3.0,Diesel,yes,730,25,14.2,9.071078304642676,1,3.0,False,False,True,False,False,8700.000000000004
BMW,340,2.0,Gas,yes,520,30,11.33,8.433811582477187,1,2.0,False,False,True,False,False,4600.000000000003
Mercedes-Benz,154,3.2,Diesel,yes,GL 320,17,9.06,10.46310334047155,1,3.2,False,False,False,False,False,34999.99999999997
Volkswagen,256,1.8,Petrol,yes,Passat B5,23,11.13,8.83927669058535,0,0.0,False,False,True,False,False,6899.999999999999
Volkswagen,210,2.0,Diesel,no,Touran,21,10.0,8.34283980427146,0,0.0,False,False,False,False,True,4200.0
Mitsubishi,57,2.5,Other,yes,L 200,12,4.75,10.021270588192513,0,0.0,False,True,False,False,False,22500.00000000003
Volkswagen,380,2.0,Diesel,yes,Caddy,21,18.1,8.411832675758411,0,0.0,False,False,False,False,True,4500.000000000001
Volkswagen,90,1.9,Diesel,yes,Golf III,33,2.73,8.476371196895983,0,0.0,True,False,False,False,False,4800.000000000001
Volkswagen,136,1.8,Petrol,yes,Passat B6,17,8.0,9.296518068217235,0,0.0,False,False,True,False,False,10900.000000000002
Volkswagen,178,2.5,Diesel,yes,T5 (Transporter),18,9.89,9.20029003612268,0,0.0,False,True,False,False,False,9899.999999999995
Mercedes-Benz,110,2.57,Petrol,yes,C-Class,21,5.24,9.38429367909962,1,2.57,False,False,True,False,False,11899.999999999998
Mercedes-Benz,370,2.0,Petrol,yes,E-Class,28,13.21,8.556413904569519,1,2.0,False,False,True,False,False,5200.000000000001
Volkswagen,73,1.8,Petrol,yes,Passat B7,13,5.62,9.76422548520262,0,0.0,False,False,True,False,False,17399.999999999978
Renault,140,1.5,Diesel,yes,Kangoo,13,10.77,8.82453082152646,0,0.0,False,False,False,False,True,6799.0000000000055
Mercedes-Benz,300,2.0,Petrol,yes,E-Class,34,8.82,7.7406644019172415,1,2.0,False,False,True,False,False,2300.000000000001
Mercedes-Benz,109,3.0,Diesel,yes,ML 350,14,7.79,10.398183794372237,1,3.0,False,False,False,False,False,32800.00000000006
Volkswagen,145,2.0,Petrol,yes,Jetta,25,5.8,8.51699317141357,0,0.0,False,False,True,False,False,4999.000000000002
Volkswagen,185,1.4,Petrol,yes,Golf VI,14,13.21,9.296518068217235,0,0.0,False,False,False,True,False,10900.000000000002
Mercedes-Benz,85,5.5,Petrol,yes,CL 55 AMG,17,5.0,10.463074768634808,1,5.5,False,True,False,False,False,34998.99999999999
Volkswagen,160,1.8,Petrol,yes,Pointer,19,8.42,8.318742252692399,0,0.0,True,False,False,False,False,4099.999999999999
Toyota,232,2.4,Petrol,yes,Camry,20,11.6,9.104979856318357,0,0.0,False,False,True,False,False,9000.000000000004
Toyota,161,2.7,Gas,yes,Land Cruiser Prado,20,8.05,9.846917201047734,0,0.0,False,False,False,False,False,18900.00000000001
Volkswagen,123,1.8,Petrol,yes,Passat B6,15,8.2,9.711115659888671,0,0.0,False,False,True,False,False,16499.999999999985
Toyota,115,2.0,Petrol,yes,Rav 4,18,6.39,9.580109215426074,0,0.0,False,False,False,False,False,14474.00000000001
BMW,250,3.0,Diesel,no,530,25,10.0,8.293799608846818,1,3.0,False,False,True,False,False,3998.9999999999995
Audi,370,2.3,Petrol,yes,100,34,10.88,8.517193191416238,1,2.3,False,False,True,False,False,5000.000000000004
Toyota,250,2.4,Gas,yes,Camry,22,11.36,9.126958763037132,0,0.0,False,False,True,False,False,9200.000000000005
Volkswagen,250,5.0,Diesel,yes,Passat B4,30,8.33,8.699514748210191,0,0.0,False,False,False,True,False,5999.999999999995
Volkswagen,133,1.8,Petrol,yes,Passat B6,17,7.82,9.495519314209846,0,0.0,False,False,True,False,False,13300.000000000005
Renault,0,1.2,Petrol,yes,Captur,9,0.0,9.777894283757938,0,0.0,False,False,False,False,False,17639.47
BMW,100,2.0,Petrol,yes,520,13,7.69,10.221941283654663,1,2.0,False,False,True,False,False,27500.000000000022
BMW,150,2.2,Petrol,yes,520,21,7.14,9.487972108574462,1,2.2,False,False,True,False,False,13200.000000000002
Audi,130,3.0,Diesel,yes,Q7,15,8.67,10.477287975463508,1,3.0,False,False,False,False,False,35500.00000000002
Toyota,89,4.5,Diesel,yes,Land Cruiser 200,13,6.85,10.643041105910228,0,0.0,False,False,False,False,False,41899.99999999997
Renault,93,1.5,Diesel,yes,Duster,14,6.64,9.259130536145614,0,0.0,False,False,False,False,False,10499.999999999993
Mercedes-Benz,250,2.2,Diesel,yes,E-Class,25,10.0,9.21024036697585,1,2.2,False,False,True,False,False,9999.0
Mercedes-Benz,160,3.0,Diesel,yes,S 320,18,8.89,10.118598932153072,1,3.0,False,True,False,False,False,24799.999999999953
Mercedes-Benz,330,2.0,Gas,yes,190,37,8.92,8.101677747454572,1,2.0,False,False,True,False,False,3300.0
Mitsubishi,122,1.6,Petrol,yes,Lancer,17,7.18,8.83927669058535,0,0.0,False,False,True,False,False,6899.999999999999
Renault,212,1.5,Diesel,yes,Kangoo,16,13.25,8.895629627136483,0,0.0,False,False,False,False,True,7300.000000000002
Mitsubishi,142,2.4,Petrol,yes,Outlander,19,7.47,9.35010231435134,0,0.0,False,False,False,False,False,11499.999999999976
Toyota,77,3.0,Diesel,yes,Land Cruiser Prado,13,5.92,10.513253124157025,0,0.0,False,False,False,False,False,36800.000000000095
Mitsubishi,161,2.0,Petrol,yes,Outlander,20,8.05,9.02401079378469,0,0.0,False,False,False,False,False,8300.000000000007
Mercedes-Benz,260,2.2,Diesel,yes,Sprinter 213,17,15.29,9.487972108574462,1,2.2,False,False,False,False,True,13200.000000000002
Mercedes-Benz,78,3.5,Petrol,yes,E-Class,15,5.2,10.271596874100524,1,3.5,False,True,False,False,False,28900.00000000002
BMW,280,2.0,Gas,yes,320,25,11.2,8.83927669058535,1,2.0,False,False,True,False,False,6899.999999999999
Renault,97,1.6,Petrol,yes,Megane,17,5.71,8.935903526274423,0,0.0,False,False,True,False,False,7600.000000000003
BMW,170,2.0,Diesel,yes,520,14,12.14,10.221941283654663,1,2.0,False,False,True,False,False,27500.000000000022
BMW,78,3.8,Petrol,yes,M5,32,2.44,10.308952660644293,1,3.8,False,False,True,False,False,30000.000000000007
Volkswagen,180,1.8,Petrol,yes,Passat B5,21,8.57,8.948975607841776,0,0.0,False,False,True,False,False,7700.0000000000055
Mercedes-Benz,220,3.2,Diesel,yes,E-Class,22,10.0,9.332558004700433,1,3.2,False,True,False,False,False,11300.000000000007
Toyota,157,2.4,Gas,yes,Camry,16,9.81,9.409191230721348,0,0.0,False,False,True,False,False,12199.999999999996
Mercedes-Benz,85,3.0,Diesel,yes,ML 350,12,7.08,10.837618202538614,1,3.0,False,False,False,False,False,50900.00000000001
Mercedes-Benz,100,5.5,Petrol,yes,CL 500,18,5.56,10.431170293368542,1,5.5,False,True,False,False,False,33900.0
Renault,143,2.0,Diesel,yes,Trafic,16,8.94,9.38429367909962,0,0.0,False,False,False,False,True,11899.999999999998
Mitsubishi,189,1.6,Petrol,yes,Lancer,19,9.95,8.909235279192261,0,0.0,False,False,True,False,False,7400.0
BMW,288,4.4,Gas,yes,745,23,12.52,9.287301413112312,1,4.4,False,False,True,False,False,10800.000000000007
Toyota,128,4.0,Gas,yes,Land Cruiser Prado,18,7.11,10.030120203469494,0,0.0,False,False,False,False,False,22699.999999999996
Mercedes-Benz,67,2.8,Other,yes,E-Class,30,2.23,9.615805480084347,1,2.8,False,False,True,False,False,15000.000000000004
Renault,168,1.6,Petrol,yes,Laguna,16,10.5,9.02401079378469,0,0.0,True,False,False,False,False,8300.000000000007
Renault,120,1.5,Diesel,yes,Kangoo,11,10.91,9.047703788498628,0,0.0,False,False,False,False,True,8499.000000000018
Volkswagen,140,1.6,Petrol,yes,Polo,13,10.77,9.0994088112689,0,0.0,False,False,True,False,False,8949.999999999987
Volkswagen,272,2.8,Gas,yes,Passat B5,23,11.83,8.922658299524402,0,0.0,False,False,True,False,False,7500.000000000001
Volkswagen,223,1.9,Diesel,yes,Caddy,18,12.39,8.8023721336499,0,0.0,False,False,False,False,True,6650.000000000002
Audi,365,4.2,Gas,yes,A8,30,12.17,8.779557455883728,1,4.2,False,False,True,False,False,6499.999999999995
Volkswagen,158,2.5,Diesel,yes,T5 (Transporter),22,7.18,9.071078304642676,0,0.0,False,False,False,False,True,8700.000000000004
Volkswagen,152,1.8,Petrol,yes,Passat B6,17,8.94,9.392661928770137,0,0.0,False,False,True,False,False,11999.999999999993
Audi,47,1.2,Petrol,yes,A3,12,3.92,9.72913416539135,1,1.2,False,False,True,False,False,16800.000000000004
Toyota,16,2.5,Petrol,yes,Camry,12,1.33,10.085809109330082,0,0.0,False,False,True,False,False,23999.999999999985
Volkswagen,82,2.0,Diesel,yes,Passat B7,13,6.31,9.947504437952905,0,0.0,False,False,True,False,False,20900.000000000044
Volkswagen,76,1.8,Petrol,yes,Passat B7,13,5.85,9.769956159911606,0,0.0,False,False,True,False,False,17500.000000000015
Mercedes-Benz,39,1.6,Petrol,yes,C-Class,10,3.9,10.550590794594669,1,1.6,False,False,True,False,False,38200.00000000009
Mercedes-Benz,300,3.2,Gas,yes,E-Class,28,10.71,8.594154232552366,1,3.2,False,True,False,False,False,5400.000000000003
Volkswagen,180,3.0,Diesel,yes,Touareg,18,10.0,9.786953736280177,0,0.0,False,False,True,False,False,17800.000000000007
BMW,90,5.0,Petrol,no,M5,17,5.29,9.472704636443671,1,5.0,False,False,True,False,False,12999.999999999967
Volkswagen,177,2.0,Diesel,yes,Caddy,14,12.64,9.301094735244646,0,0.0,False,False,False,False,True,10949.999999999996
Mercedes-Benz,250,3.2,Gas,no,ML 320,27,9.26,8.242756345714477,1,3.2,False,False,False,False,False,3800.0000000000014
Mitsubishi,137,1.6,Gas,yes,Lancer,19,7.21,8.895629627136483,0,0.0,False,False,True,False,False,7300.000000000002
Mercedes-Benz,52,1.8,Petrol,yes,SLK 200,18,2.89,9.898475010712584,1,1.8,False,True,False,False,False,19900.000000000007
Mercedes-Benz,380,2.9,Diesel,yes,E-Class,28,13.57,8.895629627136483,1,2.9,False,False,False,True,False,7300.000000000002
Audi,253,1.9,Diesel,yes,A6,23,11.0,9.190137664658664,1,1.9,False,False,False,True,False,9800.000000000007
Renault,186,1.5,Diesel,yes,Kangoo,14,13.29,8.771835409789817,0,0.0,False,False,False,False,True,6449.999999999995
Volkswagen,38,2.0,Diesel,yes,Tiguan,10,3.8,10.257659366256744,0,0.0,False,True,False,False,False,28500.00000000007
Renault,220,2.5,Other,yes,Trafic,19,11.58,9.268609280100158,0,0.0,False,False,False,True,False,10599.999999999993
Volkswagen,144,1.6,Gas,yes,Jetta,16,9.0,9.38429367909962,0,0.0,False,False,True,False,False,11899.999999999998
Toyota,170,3.0,Petrol,yes,Camry,21,8.1,8.974618038455112,0,0.0,False,False,True,False,False,7899.999999999996
Mercedes-Benz,89,3.0,Diesel,yes,ML 350,13,6.85,10.689669599063263,1,3.0,False,False,False,False,False,43900.00000000003
Volkswagen,145,2.0,Gas,yes,Caddy,14,10.36,9.0825070004663,0,0.0,False,False,False,False,True,8800.000000000024
Volkswagen,230,1.8,Gas,yes,Passat B5,22,10.45,9.035986984831403,0,0.0,False,False,True,False,False,8399.999999999987
Volkswagen,78,2.0,Diesel,yes,Tiguan,13,6.0,10.134599273499514,0,0.0,False,False,False,False,False,25199.99999999999
Renault,78,2.0,Diesel,yes,Trafic,13,6.0,9.43340392009022,0,0.0,False,False,False,False,True,12498.999999999969
Volkswagen,167,2.0,Gas,yes,Caddy,14,11.93,9.093806555720231,0,0.0,False,False,False,False,True,8900.000000000002
Volkswagen,1,2.0,Diesel,yes,T6 (Transporter) ,13,0.08,9.674074388208323,0,0.0,False,False,False,True,False,15900.000000000007
BMW,230,6.0,Petrol,yes,760,17,13.53,9.903487552536127,1,6.0,False,False,True,False,False,19999.99999999998
BMW,0,2.5,Diesel,yes,X5,9,0.0,11.156236235215168,1,2.5,False,False,False,False,False,69998.99999999997
Volkswagen,98,1.6,Petrol,yes,Polo,12,8.17,9.210340371976184,0,0.0,False,False,True,False,False,10000.00000000001
Renault,95,1.5,Diesel,yes,Megane,13,7.31,9.407468436087113,0,0.0,False,False,False,True,False,12179.000000000027
Toyota,69,2.7,Petrol,yes,Land Cruiser Prado,17,4.06,9.947504437952905,0,0.0,False,False,False,False,False,20900.000000000044
BMW,277,3.5,Gas,yes,535,27,10.26,8.909235279192261,1,3.5,False,False,True,False,False,7400.0
Audi,125,2.0,Diesel,yes,A6,16,7.81,9.814656338829511,1,2.0,False,False,True,False,False,18299.99999999998
BMW,242,3.0,Diesel,no,530,24,10.08,7.824046010856292,1,3.0,False,False,True,False,False,2499.9999999999995
Audi,112,4.2,Diesel,yes,Q7,17,6.59,10.878028324431728,1,4.2,False,False,False,False,False,52998.999999999956
Audi,330,1.9,Diesel,no,A4,29,11.38,7.467371066917559,1,1.9,False,False,False,True,False,1749.999999999998
Renault,225,1.5,Diesel,yes,Megane,21,10.71,8.699514748210191,0,0.0,False,False,False,True,False,5999.999999999995
BMW,48,4.4,Petrol,yes,X6,16,3.0,10.596634733096073,1,4.4,False,False,False,False,False,39999.99999999997
Mercedes-Benz,0,3.0,Diesel,yes,GLE-Class,9,0.0,11.545712061981565,1,3.0,False,False,False,False,False,103333.0
Mercedes-Benz,218,3.2,Diesel,yes,S 320,21,10.38,9.602382459752208,1,3.2,False,False,True,False,False,14800.000000000027
Mercedes-Benz,130,2.0,Petrol,yes,B 200,18,7.22,9.464982590349765,1,2.0,True,False,False,False,False,12900.000000000015
Volkswagen,136,3.0,Diesel,yes,Touareg,17,8.0,9.994241915804592,0,0.0,False,False,False,False,False,21899.999999999993
BMW,204,1.8,Petrol,yes,318,32,6.38,8.575462099540212,1,1.8,False,False,True,False,False,5299.999999999996
Mitsubishi,156,1.8,Petrol,yes,Galant,36,4.33,7.377133712833954,0,0.0,False,False,True,False,False,1599.0
BMW,189,1.8,Petrol,no,318,23,8.22,7.7406644019172415,1,1.8,False,False,True,False,False,2300.000000000001
Renault,69,1.4,Petrol,yes,Symbol,13,5.31,8.881836305004146,0,0.0,False,False,True,False,False,7199.999999999996
Mitsubishi,209,3.5,Petrol,yes,Pajero Wagon,26,8.04,9.332558004700433,0,0.0,False,False,False,False,False,11300.000000000007
Toyota,123,3.5,Petrol,yes,Camry,18,6.83,9.457200449907708,0,0.0,False,False,True,False,False,12799.99999999999
Audi,170,4.2,Diesel,yes,A8,14,12.14,10.736396675471232,1,4.2,False,False,True,False,False,45999.99999999999
BMW,290,2.0,Diesel,no,320,26,11.15,7.824046010856292,1,2.0,False,False,True,False,False,2499.9999999999995
Volkswagen,200,2.0,Petrol,yes,Scirocco,14,14.29,10.021270588192513,0,0.0,False,True,False,False,False,22500.00000000003
Toyota,43,3.0,Diesel,yes,Land Cruiser Prado,13,3.31,10.510532034042662,0,0.0,False,False,False,False,False,36700.0
BMW,130,3.0,Gas,yes,X5,18,7.22,10.146433731146518,1,3.0,False,False,False,False,False,25500.0
Volkswagen,220,2.5,Diesel,yes,T4 (Transporter),22,10.0,9.137769679141348,0,0.0,False,False,False,False,True,9300.000000000007
Mercedes-Benz,1,2.2,Other,yes,Vito,19,0.05,9.332469505209248,1,2.2,False,False,False,False,True,11299.000000000024
Toyota,37,1.4,Petrol,yes,Auris,12,3.08,9.464982590349765,0,0.0,True,False,False,False,False,12900.000000000015
Toyota,105,2.5,Gas,yes,Camry,13,8.08,10.0690019910137,0,0.0,False,False,True,False,False,23599.999999999956
Toyota,110,4.0,Gas,yes,FJ Cruiser,19,5.79,9.994241915804592,0,0.0,False,False,False,False,False,21899.999999999993
Renault,198,1.5,Diesel,yes,Kangoo,21,9.43,8.37793112408273,0,0.0,False,False,False,False,True,4350.000000000002
Audi,210,2.5,Diesel,no,A6,25,8.4,8.039157390473237,1,2.5,False,False,False,True,False,3099.9999999999986
BMW,290,3.0,Petrol,yes,330,25,11.6,8.909235279192261,1,3.0,False,False,True,False,False,7400.0
Volkswagen,95,1.6,Diesel,yes,Caddy,13,7.31,9.305559638557115,0,0.0,False,False,False,False,True,10998.999999999985
Mitsubishi,52,2.0,Petrol,yes,Outlander XL,12,4.33,9.836278802842678,0,0.0,False,False,False,False,False,18699.999999999996
Mercedes-Benz,103,2.0,Gas,yes,C-Class,18,5.72,9.809176873064889,1,2.0,False,False,True,False,False,18200.000000000036
Mercedes-Benz,230,5.0,Petrol,yes,E-Class,23,10.0,9.433483923290392,1,5.0,False,False,True,False,False,12500.0
Mercedes-Benz,150,2.0,Diesel,yes,B 180,17,8.82,9.464982590349765,1,2.0,True,False,False,False,False,12900.000000000015
Volkswagen,161,2.0,Petrol,yes,Passat B6,19,8.47,9.433483923290392,0,0.0,False,False,True,False,False,12500.0
Toyota,58,2.5,Petrol,yes,Camry,10,5.8,10.146433731146518,0,0.0,False,False,True,False,False,25500.0
BMW,181,2.2,Gas,yes,520,21,8.62,9.457122321855792,1,2.2,False,False,True,False,False,12799.0
Volkswagen,213,2.5,Diesel,no,Touareg,21,10.14,8.748304912379623,0,0.0,False,False,False,False,False,6299.999999999996
Volkswagen,168,1.2,Diesel,yes,Polo,12,14.0,9.0825070004663,0,0.0,True,False,False,False,False,8800.000000000024
Volkswagen,135,2.0,Diesel,yes,Multivan,14,9.64,10.308952660644293,0,0.0,False,False,False,False,True,30000.000000000007
Volkswagen,139,1.4,Gas,yes,Passat B7,14,9.93,9.672815734801128,0,0.0,False,False,False,True,False,15880.000000000025
Audi,162,2.0,Petrol,yes,A4,21,7.71,9.005773206234908,1,2.0,False,False,True,False,False,8149.999999999995
Renault,77,1.8,Other,yes,Laguna,31,2.48,8.131530710604252,0,0.0,True,False,False,False,False,3399.999999999999
Toyota,42,1.3,Petrol,yes,Auris,12,3.5,9.472704636443671,0,0.0,True,False,False,False,False,12999.999999999967
Toyota,62,3.0,Diesel,yes,Land Cruiser Prado,12,5.17,10.537415373436104,0,0.0,False,False,False,False,False,37700.00000000009
BMW,270,3.0,Diesel,yes,530,22,12.27,9.367344120785848,1,3.0,False,False,True,False,False,11700.000000000007
Mercedes-Benz,0,2.2,Diesel,yes,GLC-Class,9,0.0,11.05087413223182,1,2.2,False,False,False,False,False,62999.00000000009
Renault,0,1.5,Diesel,yes,Sandero StepWay,9,0.0,9.497121788959566,0,0.0,False,False,False,False,False,13321.330000000007
BMW,4,3.0,Diesel,yes,X5 M,9,0.44,11.659619844121032,1,3.0,False,False,False,False,False,115800.0
Mercedes-Benz,185,3.0,Diesel,yes,GL 320,17,10.88,10.21464198117305,1,3.0,False,False,False,False,False,27299.99999999999
Toyota,128,4.5,Diesel,yes,Land Cruiser 200,12,10.67,11.06663836234181,0,0.0,False,False,False,False,False,64000.00000000002
Mitsubishi,129,2.5,Diesel,yes,Pajero Sport,18,7.17,9.38429367909962,0,0.0,False,False,False,False,False,11899.999999999998
BMW,0,2.0,Diesel,yes,320,9,0.0,10.768484990022731,1,2.0,False,False,True,False,False,47499.99999999994
BMW,140,2.2,Petrol,yes,520,20,7.0,9.457200449907708,1,2.2,False,False,True,False,False,12799.99999999999
Mercedes-Benz,375,2.0,Petrol,yes,190,35,10.71,8.268731832117737,1,2.0,False,False,True,False,False,3899.9999999999977
Volkswagen,11,1.0,Petrol,yes,Up,11,1.0,9.445412494155669,0,0.0,True,False,False,False,False,12650.00000000003
Volkswagen,235,1.4,Petrol,yes,Golf IV,25,9.4,8.630521876723241,0,0.0,False,False,False,True,False,5600.000000000005
Mercedes-Benz,127,1.8,Diesel,yes,B 180,12,10.58,9.883284845218608,1,1.8,False,False,False,True,False,19599.99999999998
Toyota,15,2.5,Petrol,yes,Camry,10,1.5,10.271596874100524,0,0.0,False,False,True,False,False,28900.00000000002
Volkswagen,273,2.0,Petrol,yes,Passat B6,19,14.37,9.296518068217235,0,0.0,False,False,True,False,False,10900.000000000002
Volkswagen,169,1.8,Petrol,yes,Passat B6,17,9.94,9.35010231435134,0,0.0,False,False,True,False,False,11499.999999999976
Mitsubishi,275,3.5,Gas,yes,Pajero Wagon,25,11.0,9.20532783015264,0,0.0,False,False,False,False,False,9950.00000000002
Mercedes-Benz,195,2.2,Diesel,yes,E-Class,15,13.0,10.077440859659566,1,2.2,False,False,True,False,False,23799.999999999996
Renault,46,1.6,Petrol,yes,Logan,13,3.54,9.07680897935166,0,0.0,False,False,False,True,False,8750.000000000007
Toyota,28,1.6,Petrol,yes,Corolla,11,2.55,9.898475010712584,0,0.0,False,False,True,False,False,19900.000000000007
Audi,226,1.8,Petrol,yes,A4,30,7.53,8.699514748210191,1,1.8,False,False,True,False,False,5999.999999999995
Volkswagen,136,1.6,Diesel,yes,Passat B6,15,9.07,9.464982590349765,0,0.0,False,False,True,False,False,12900.000000000015
BMW,221,4.5,Petrol,yes,745,23,9.61,9.104868739033948,1,4.5,False,False,True,False,False,8999.0
Volkswagen,244,2.5,Diesel,yes,T4 (Transporter),24,10.17,9.071078304642676,0,0.0,False,False,False,False,True,8700.000000000004
Toyota,44,2.0,Petrol,yes,Rav 4,12,3.67,9.893437216682626,0,0.0,False,False,False,False,False,19799.99999999999
Volkswagen,51,1.6,Petrol,yes,Polo,12,4.25,9.104979856318357,0,0.0,False,False,True,False,False,9000.000000000004
Volkswagen,58,2.0,Diesel,yes,Passat B7,12,4.83,9.95227771670556,0,0.0,False,False,False,True,False,20999.999999999985
Audi,275,2.5,Diesel,no,A4,27,10.19,7.649692623711514,1,2.5,False,False,False,True,False,2100.0
Mercedes-Benz,400,2.3,Diesel,yes,Vito,27,14.81,8.517193191416238,1,2.3,False,False,False,False,True,5000.000000000004
Toyota,90,1.6,Other,yes,Corolla,17,5.29,9.159047077588632,0,0.0,False,True,False,False,False,9499.999999999995
Volkswagen,167,2.0,Diesel,yes,Multivan,12,13.92,10.448714603019452,0,0.0,False,False,False,False,True,34500.00000000003
Toyota,98,1.6,Gas,yes,Auris,17,5.76,9.190137664658664,0,0.0,True,False,False,False,False,9800.000000000007
Audi,293,1.8,Gas,yes,A4,21,13.95,9.249464926660233,1,1.8,False,False,True,False,False,10398.999999999998
Mercedes-Benz,38,2.2,Diesel,yes,CLA 220,11,3.45,10.645424897265505,1,2.2,False,False,True,False,False,41999.99999999998
Audi,60,1.2,Petrol,yes,A1,14,4.29,9.581903928408666,1,1.2,True,False,False,False,False,14500.000000000004
Toyota,0,1.3,Petrol,yes,Corolla,10,0.0,9.519399566850016,0,0.0,False,False,True,False,False,13621.429999999995
BMW,250,3.0,Diesel,no,530,25,10.0,8.101677747454572,1,3.0,False,False,True,False,False,3300.0
Volkswagen,0,2.0,Petrol,yes,Passat B8,9,0.0,10.460217466053091,0,0.0,False,False,False,True,False,34899.139999999956
Mercedes-Benz,180,2.3,Diesel,yes,Vito,27,6.67,8.411832675758411,1,2.3,False,False,False,False,True,4500.000000000001
Volkswagen,280,1.9,Diesel,yes,Golf III,29,9.66,7.495541943884256,0,0.0,False,False,False,True,False,1800.0000000000005
Mitsubishi,140,2.4,Gas,yes,Outlander XL,18,7.78,9.47262771040802,0,0.0,False,False,False,False,False,12999.000000000007
Volkswagen,240,1.9,Diesel,yes,T5 (Transporter),22,10.91,9.0825070004663,0,0.0,False,False,False,False,True,8800.000000000024
Audi,152,4.2,Petrol,yes,Q7,18,8.44,9.998797732340453,1,4.2,False,False,False,False,False,22000.0
Toyota,40,3.5,Petrol,yes,Highlander,12,3.33,10.478836072317618,0,0.0,False,False,False,False,False,35554.999999999985
Volkswagen,330,1.9,Petrol,no,Passat B5,26,12.69,7.863266724009573,0,0.0,False,False,True,False,False,2599.9999999999977
Volkswagen,1,1.6,Petrol,yes,Polo,11,0.09,9.37745945452694,0,0.0,False,False,True,False,False,11818.95
Renault,207,1.9,Diesel,yes,Trafic,22,9.41,8.987196820661973,0,0.0,False,False,False,False,True,8000.0
Audi,0,2.0,Diesel,yes,Q5,9,0.0,10.860060933509942,1,2.0,False,False,False,False,False,52055.25
Audi,182,2.5,Diesel,no,A4,23,7.91,8.575462099540212,1,2.5,False,True,False,False,False,5299.999999999996
Renault,123,1.9,Diesel,yes,Kangoo,21,5.86,7.495541943884256,0,0.0,False,False,False,False,True,1800.0000000000005
Volkswagen,216,1.9,Diesel,yes,Caddy,20,10.8,9.047821442478408,0,0.0,False,False,False,False,True,8500.000000000005
Mercedes-Benz,30,5.0,Petrol,yes,G 500,12,2.5,11.512915464920228,1,5.0,False,False,False,False,False,99999.0
Toyota,233,4.0,Gas,yes,Land Cruiser Prado,19,12.26,10.043249494911286,0,0.0,False,False,False,False,False,22999.999999999993
Audi,131,2.0,Petrol,yes,A4,18,7.28,9.38429367909962,1,2.0,False,False,True,False,False,11899.999999999998
Mercedes-Benz,200,2.6,Gas,yes,C-Class,24,8.33,8.85352256068954,1,2.6,False,False,True,False,False,6998.999999999996
Toyota,345,3.0,Gas,yes,Camry,20,17.25,9.21024036697585,0,0.0,False,False,True,False,False,9999.0
Audi,200,2.7,Petrol,yes,A6 Allroad,22,9.09,9.104868739033948,1,2.7,False,False,False,True,False,8999.0
Renault,206,2.0,Diesel,yes,Trafic,17,12.12,9.287301413112312,0,0.0,False,True,False,False,False,10800.000000000007
Mercedes-Benz,200,2.2,Diesel,yes,Vito,15,13.33,9.35010231435134,1,2.2,False,False,False,False,True,11499.999999999976
Mitsubishi,420,1.8,Petrol,yes,Galant,34,12.35,7.7406644019172415,0,0.0,False,False,True,False,False,2300.000000000001
Audi,310,2.5,Other,no,A6,27,11.48,7.600902459542082,1,2.5,False,False,False,True,False,1999.9999999999998
Volkswagen,1,2.0,Petrol,yes,Tiguan,9,0.11,10.271596874100524,0,0.0,False,False,False,False,False,28900.00000000002
Mercedes-Benz,285,3.0,Diesel,yes,E-Class,26,10.96,8.948975607841776,1,3.0,False,False,True,False,False,7700.0000000000055
Renault,0,1.5,Diesel,yes,Captur,9,0.0,9.952098653055574,0,0.0,False,False,False,False,False,20996.23999999999
Toyota,126,1.6,Petrol,yes,Corolla,17,7.41,9.0595174822416,0,0.0,False,False,True,False,False,8600.0
Toyota,156,1.8,Petrol,yes,Avensis,17,9.18,9.305650551780507,0,0.0,False,False,True,False,False,10999.999999999998
Volkswagen,260,3.2,Petrol,yes,Passat B6,19,13.68,9.323669057283183,0,0.0,False,False,True,False,False,11199.99999999997
BMW,270,3.0,Diesel,yes,530,25,10.8,8.517193191416238,1,3.0,False,False,True,False,False,5000.000000000004
BMW,221,2.0,Diesel,yes,520,17,13.0,9.60911649193355,1,2.0,False,False,False,True,False,14899.999999999995
Mercedes-Benz,280,2.9,Diesel,yes,Sprinter 312,27,10.37,9.159047077588632,1,2.9,False,True,False,False,False,9499.999999999995
Volkswagen,220,2.8,Petrol,yes,Passat B5,21,10.48,8.948975607841776,0,0.0,False,False,True,False,False,7700.0000000000055
Toyota,88,2.5,Petrol,yes,Camry,13,6.77,9.994241915804592,0,0.0,False,False,True,False,False,21899.999999999993
BMW,1,3.0,Petrol,yes,X6,9,0.11,11.258033215341438,1,3.0,False,False,False,False,False,77499.99999999999
Mercedes-Benz,245,2.2,Diesel,yes,Vito,21,11.67,8.987196820661973,1,2.2,False,True,False,False,False,8000.0
Mercedes-Benz,396,2.2,Diesel,no,Vito,25,15.84,7.695757990554761,1,2.2,False,False,False,False,True,2199.0
Mercedes-Benz,95,6.3,Petrol,yes,S 63 AMG,14,6.79,10.643041105910228,1,6.3,False,False,True,False,False,41899.99999999997
Toyota,71,2.4,Petrol,yes,Camry,17,4.18,9.568014816248,0,0.0,False,False,True,False,False,14300.000000000027
Mercedes-Benz,70,3.0,Diesel,yes,GL 350,12,5.83,11.326595886778737,1,3.0,False,False,False,False,False,83000.00000000016
BMW,311,2.0,Gas,yes,520,27,11.52,8.779557455883728,1,2.0,False,False,True,False,False,6499.999999999995
Mercedes-Benz,281,2.2,Diesel,yes,Vito,21,13.38,9.047821442478408,1,2.2,False,False,False,False,True,8500.000000000005
Renault,181,1.5,Diesel,no,Megane,15,12.07,8.594154232552366,0,0.0,False,False,False,True,False,5400.000000000003
Toyota,238,4.0,Gas,yes,Land Cruiser Prado,21,11.33,9.72913416539135,0,0.0,False,False,False,False,False,16800.000000000004
Toyota,34,2.0,Petrol,yes,Rav 4,13,2.62,10.03889218954233,0,0.0,False,False,False,False,False,22899.999999999996
Mercedes-Benz,143,3.2,Diesel,yes,ML 320,18,7.94,9.966462351697515,1,3.2,False,False,False,False,False,21299.999999999978
BMW,90,2.5,Petrol,yes,325,17,5.29,9.74090979777877,1,2.5,False,True,False,False,False,16998.999999999996
Mercedes-Benz,244,2.2,Diesel,yes,Vito,25,9.76,8.575462099540212,1,2.2,False,False,False,False,True,5299.999999999996
Mercedes-Benz,280,3.7,Petrol,yes,S 350,21,13.33,9.711115659888671,1,3.7,False,False,True,False,False,16499.999999999985
BMW,250,1.9,Petrol,yes,316,24,10.42,9.104868739033948,1,1.9,False,False,True,False,False,8999.0
Toyota,51,1.6,Petrol,yes,Auris,12,4.25,9.605755144230846,0,0.0,True,False,False,False,False,14850.000000000007
BMW,112,3.0,Petrol,yes,X1,14,8.0,10.089967119478748,1,3.0,False,False,False,True,False,24100.000000000047
BMW,1,2.0,Diesel,yes,X5,9,0.11,11.104957226643943,1,2.0,False,False,False,False,False,66499.99999999985
BMW,195,4.8,Petrol,yes,X5,18,10.83,10.106428396532818,1,4.8,False,False,False,False,False,24500.0
Toyota,174,4.0,Gas,yes,Land Cruiser Prado,17,10.24,10.064713146035349,0,0.0,False,False,False,False,False,23499.000000000007
Volkswagen,229,2.0,Diesel,yes,Passat B6,16,14.31,9.581903928408666,0,0.0,False,False,False,True,False,14500.000000000004
Renault,0,1.5,Diesel,yes,Logan,9,0.0,9.495590740230377,0,0.0,False,False,False,True,False,13300.950000000023
BMW,245,2.2,Petrol,yes,523,23,10.65,9.047821442478408,1,2.2,False,False,True,False,False,8500.000000000005
Mercedes-Benz,146,1.8,Gas,yes,E-Class,13,11.23,9.975808214115752,1,1.8,False,False,True,False,False,21499.999999999945
Volkswagen,174,2.0,Petrol,yes,Passat B6,20,8.7,9.210340371976184,0,0.0,False,False,True,False,False,10000.00000000001
Mercedes-Benz,356,2.3,Petrol,yes,230,34,10.47,8.411832675758411,1,2.3,False,True,False,False,False,4500.000000000001
Volkswagen,166,2.0,Diesel,yes,T6 (Transporter),14,11.86,9.994241915804592,0,0.0,False,False,False,False,True,21899.999999999993
Mercedes-Benz,0,2.2,Diesel,yes,V 250,9,0.0,11.540540632003202,1,2.2,False,False,False,False,True,102800.0
Renault,70,1.5,Diesel,yes,Kangoo,11,6.36,8.955448122347393,0,0.0,False,False,False,False,True,7750.000000000004
Volkswagen,253,1.9,Diesel,yes,Caddy,15,16.87,9.185022563991891,0,0.0,False,False,False,False,True,9749.999999999985
Renault,150,1.9,Diesel,no,Laguna,22,6.82,8.039157390473237,0,0.0,False,False,False,True,False,3099.9999999999986
BMW,200,1.8,Gas,no,318,31,6.45,7.549609165154532,1,1.8,False,False,True,False,False,1900.0000000000005
BMW,217,3.0,Diesel,yes,530,20,10.85,9.568014816248,1,3.0,False,False,True,False,False,14300.000000000027
Renault,1,1.5,Diesel,yes,Kangoo,22,0.05,8.366370301681654,0,0.0,False,False,False,False,True,4300.0
Audi,127,3.0,Diesel,no,Q7,12,10.58,9.740968623038354,1,3.0,False,False,False,False,False,17000.00000000001
Toyota,35,2.0,Petrol,yes,Rav 4,16,2.19,9.79807147977948,0,0.0,False,False,False,False,False,17999.000000000022
Mercedes-Benz,0,3.0,Diesel,yes,GLS 350,9,0.0,11.502875129116727,1,3.0,False,False,False,False,False,99000.00000000004
Audi,114,1.6,Petrol,no,A3,24,4.75,8.039157390473237,1,1.6,True,False,False,False,False,3099.9999999999986
Mitsubishi,113,1.5,Petrol,yes,Lancer X,18,6.28,8.85352256068954,0,0.0,False,False,True,False,False,6998.999999999996
Toyota,102,3.5,Gas,yes,Camry,17,6.0,9.539644119118783,0,0.0,False,False,True,False,False,13900.000000000002
Mercedes-Benz,68,3.0,Diesel,yes,GL 350,11,6.18,11.134589024250316,1,3.0,False,False,False,False,False,68499.99999999993
Mercedes-Benz,148,2.2,Diesel,yes,Vito,15,9.87,9.375854810453756,1,2.2,False,False,False,False,True,11799.999999999998
Mercedes-Benz,39,3.0,Diesel,yes,G 350,10,3.9,11.65750188607747,1,3.0,False,False,False,False,False,115554.99999999994
Audi,210,4.2,Petrol,yes,A8,16,13.12,9.95227771670556,1,4.2,False,False,True,False,False,20999.999999999985
Mercedes-Benz,220,1.7,Other,no,A 170,24,9.17,8.055157731819678,1,1.7,False,False,False,True,False,3149.9999999999977
Audi,300,1.8,Petrol,no,A4,26,11.54,7.575584651557793,1,1.8,False,False,False,True,False,1950.0000000000005
Mitsubishi,120,2.5,Diesel,yes,Pajero Sport,18,6.67,9.433483923290392,0,0.0,False,False,False,False,False,12500.0
Volkswagen,232,1.9,Diesel,no,Passat B5,24,9.67,8.039157390473237,0,0.0,False,False,True,False,False,3099.9999999999986
Toyota,252,4.2,Diesel,yes,Land Cruiser 100,23,10.96,9.893437216682626,0,0.0,False,False,False,False,False,19799.99999999999
Audi,236,2.5,Diesel,no,A6,22,10.73,8.34283980427146,1,2.5,False,False,True,False,False,4200.0
Audi,230,1.9,Diesel,no,A4,25,9.2,7.649692623711514,1,1.9,False,False,False,True,False,2100.0
BMW,162,3.0,Diesel,yes,530,13,12.46,10.388995368317827,1,3.0,False,False,False,True,False,32499.99999999995
Audi,180,2.0,Diesel,yes,A6,18,10.0,9.64859530290734,1,2.0,False,False,False,True,False,15500.000000000036
Mercedes-Benz,224,2.6,Gas,yes,E-Class,22,10.18,9.35010231435134,1,2.6,False,False,True,False,False,11499.999999999976
Audi,265,1.8,Petrol,yes,80,37,7.16,8.006367567650246,1,1.8,False,False,True,False,False,2999.9999999999977
BMW,200,2.8,Petrol,no,528,28,7.14,8.422882511944996,1,2.8,False,False,True,False,False,4550.0
BMW,134,4.4,Petrol,yes,545,20,6.7,9.840387995592812,1,4.4,False,False,True,False,False,18777.000000000007
Audi,172,3.6,Petrol,yes,Q7,18,9.56,9.88837391472608,1,3.6,False,False,False,False,False,19699.99999999999
Renault,180,1.5,Diesel,yes,Megane,14,12.86,9.301094735244646,0,0.0,False,False,False,True,False,10949.999999999996
Volkswagen,128,1.9,Diesel,yes,Caddy,15,8.53,9.169518377455928,0,0.0,False,True,False,False,False,9600.000000000004
Renault,96,1.4,Petrol,yes,Sandero,15,6.4,8.809862805379057,0,0.0,True,False,False,False,False,6699.9999999999945
BMW,74,2.0,Petrol,yes,X1,15,4.93,10.06475570013225,1,2.0,False,False,False,False,False,23500.00000000001
Volkswagen,59,2.0,Petrol,no,Passat B6,15,3.93,9.104979856318357,0,0.0,False,False,True,False,False,9000.000000000004
Volkswagen,0,2.0,Diesel,yes,Passat CC,11,0.0,10.56524725985444,0,0.0,False,False,True,False,False,38763.999999999956
Volkswagen,380,2.4,Diesel,yes,T4 (Transporter) ,26,14.62,8.612503371220562,0,0.0,False,False,False,False,True,5499.999999999999
Mercedes-Benz,150,2.2,Diesel,yes,E-Class,21,7.14,9.375854810453756,1,2.2,False,False,True,False,False,11799.999999999998
Toyota,43,3.0,Other,yes,Land Cruiser Prado,11,3.91,10.868568448579715,0,0.0,False,False,False,False,False,52500.000000000015
Audi,80,2.0,Petrol,yes,A6,12,6.67,10.357742824813725,1,2.0,False,False,True,False,False,31500.000000000015
Volkswagen,161,2.0,Diesel,yes,Amarok,14,11.5,10.034515814942532,0,0.0,False,True,False,False,False,22799.999999999996
BMW,130,2.5,Petrol,yes,325,19,6.84,9.95227771670556,1,2.5,False,True,False,False,False,20999.999999999985
Mercedes-Benz,172,2.8,Petrol,yes,E-Class,28,6.14,9.126958763037132,1,2.8,False,False,True,False,False,9200.000000000005
Mercedes-Benz,320,2.7,Diesel,yes,E-Class,24,13.33,9.20029003612268,1,2.7,False,False,True,False,False,9899.999999999995
Volkswagen,265,1.8,Petrol,yes,Jetta,37,7.16,7.313220387090301,0,0.0,False,False,True,False,False,1500.0
BMW,386,5.0,Gas,yes,750,37,10.43,7.955074273262696,1,5.0,False,False,True,False,False,2849.9999999999986
Volkswagen,48,2.0,Diesel,yes,Eos,13,3.69,9.903437551286084,0,0.0,False,True,False,False,False,19998.999999999945
Volkswagen,159,1.4,Petrol,yes,Golf VI,15,10.6,9.328123407632566,0,0.0,False,True,False,False,False,11249.999999999995
Mitsubishi,0,2.4,Diesel,yes,Pajero Sport,9,0.0,10.736396675471232,0,0.0,False,False,False,False,False,45999.99999999999
Volkswagen,1,2.2,Diesel,yes,T5 (Transporter) ,12,0.08,9.814656338829511,0,0.0,False,False,False,False,True,18299.99999999998
BMW,256,3.0,Diesel,yes,X5,19,13.47,9.820105943597078,1,3.0,False,False,False,False,False,18400.00000000001
BMW,121,2.0,Petrol,yes,318,18,6.72,9.464982590349765,1,2.0,False,False,True,False,False,12900.000000000015
Toyota,126,4.7,Petrol,yes,Land Cruiser 200,17,7.41,10.534759329377986,0,0.0,False,False,False,False,False,37599.999999999985
BMW,5,2.0,Petrol,yes,520,9,0.56,10.736396675471232,1,2.0,False,False,True,False,False,45999.99999999999
BMW,377,2.0,Gas,yes,520,27,13.96,8.779557455883728,1,2.0,False,False,False,True,False,6499.999999999995
Volkswagen,53,2.0,Diesel,yes,Multivan,12,4.42,10.92512880001811,0,0.0,False,False,False,False,True,55555.00000000002
Mitsubishi,190,1.6,Gas,yes,Lancer,18,10.56,8.83927669058535,0,0.0,False,False,True,False,False,6899.999999999999
Mercedes-Benz,16,5.5,Petrol,yes,ML 63 AMG,10,1.6,11.55214617812351,1,5.5,False,False,False,False,False,103999.99999999996
Mitsubishi,200,1.6,Petrol,yes,Space Star,22,9.09,8.556413904569519,0,0.0,False,False,False,False,True,5200.000000000001
Mitsubishi,147,2.0,Petrol,yes,Lancer,18,8.17,9.035986984831403,0,0.0,False,False,True,False,False,8399.999999999987
Volkswagen,200,1.8,Gas,no,Golf III,33,6.06,7.27931883541462,0,0.0,True,False,False,False,False,1450.0
Volkswagen,103,2.0,Diesel,yes,T5 (Transporter) ,12,8.58,9.525151111816216,0,0.0,False,True,False,False,False,13699.999999999996
Toyota,45,1.8,Petrol,yes,Avensis,11,4.09,9.849559210510572,0,0.0,False,False,True,False,False,18949.99999999999
Mercedes-Benz,247,2.2,Diesel,yes,Sprinter 313,13,19.0,9.472704636443671,1,2.2,False,True,False,False,False,12999.999999999967
Mitsubishi,67,2.0,Gas,yes,Outlander,12,5.58,9.893437216682626,0,0.0,False,False,False,False,False,19799.99999999999
Mercedes-Benz,213,2.2,Diesel,yes,E-Class,13,16.38,10.021270588192513,1,2.2,False,False,True,False,False,22500.00000000003
BMW,190,6.0,Petrol,yes,760,21,9.05,9.87816974455184,1,6.0,False,False,True,False,False,19500.000000000044
Mercedes-Benz,300,3.2,Diesel,no,E-Class,21,14.29,8.716044050161402,1,3.2,False,False,True,False,False,6099.999999999998
Volkswagen,109,1.8,Petrol,yes,Passat B7,13,8.38,9.852194258148575,0,0.0,False,False,True,False,False,18999.999999999956
Mercedes-Benz,350,2.2,Diesel,yes,Vito,25,14.0,8.242493153187626,1,2.2,False,False,False,False,True,3799.000000000001
BMW,250,2.5,Diesel,yes,525,24,10.42,9.093806555720231,1,2.5,False,False,True,False,False,8900.000000000002
Volkswagen,350,1.9,Diesel,yes,T5 (Transporter),21,16.67,8.987196820661973,0,0.0,False,False,False,False,True,8000.0
BMW,300,3.0,Diesel,yes,330,25,12.0,8.411832675758411,1,3.0,False,False,True,False,False,4500.000000000001
Volkswagen,10,2.4,Diesel,yes,LT,37,0.27,7.863266724009573,0,0.0,False,False,False,False,True,2599.9999999999977
BMW,240,2.5,Diesel,no,525,23,10.43,8.366370301681654,1,2.5,False,False,True,False,False,4300.0
Mercedes-Benz,69,3.0,Diesel,yes,GL 350,11,6.27,11.321220016865931,1,3.0,False,False,False,False,False,82554.99999999985
Renault,214,2.5,Diesel,yes,Master,17,12.59,9.210340371976184,0,0.0,False,True,False,False,False,10000.00000000001
Audi,44,3.0,Diesel,yes,Q7,11,4.0,10.933106969717286,1,3.0,False,False,False,False,False,56000.00000000001
BMW,259,3.0,Diesel,yes,730,18,14.39,9.98506753952855,1,3.0,False,False,True,False,False,21699.999999999993
BMW,17,4.4,Petrol,yes,X6 M,10,1.7,11.40755383813956,1,4.4,False,False,False,False,False,89998.99999999977
Mitsubishi,92,2.0,Petrol,yes,Lancer X,15,6.13,9.126958763037132,0,0.0,False,False,True,False,False,9200.000000000005
Audi,167,3.0,Petrol,yes,A6,16,10.44,9.98506753952855,1,3.0,False,False,True,False,False,21699.999999999993
Mercedes-Benz,149,5.46,Petrol,yes,ML 550,16,9.31,10.21464198117305,1,5.46,False,False,False,False,False,27299.99999999999
Volkswagen,132,2.5,Diesel,yes,T5 (Transporter),16,8.25,9.629050706834368,0,0.0,False,False,False,False,True,15200.000000000007
Volkswagen,86,1.2,Petrol,yes,Caddy,12,7.17,9.190137664658664,0,0.0,False,False,False,False,True,9800.000000000007
Mercedes-Benz,178,3.0,Diesel,yes,E-Class,19,9.37,9.581903928408666,1,3.0,False,False,False,True,False,14500.000000000004
Renault,120,1.5,Diesel,yes,Megane,17,7.06,8.961879012677683,0,0.0,False,False,False,True,False,7799.999999999996
Mercedes-Benz,210,2.2,Diesel,yes,E-Class,19,11.05,9.632334782035558,1,2.2,False,False,True,False,False,15250.00000000001
Audi,196,2.4,Petrol,yes,A6,20,9.8,9.51044496442652,1,2.4,False,False,True,False,False,13499.999999999996
Audi,150,4.2,Petrol,yes,Q7,18,8.33,10.05762394654706,1,4.2,False,True,False,False,False,23333.000000000044
Mercedes-Benz,90,1.8,Petrol,yes,CLC 180,17,5.29,9.84161214881804,1,1.8,False,True,False,False,False,18799.999999999993
Mitsubishi,193,1.6,Petrol,yes,Lancer,20,9.65,8.809862805379057,0,0.0,False,False,True,False,False,6699.9999999999945
Toyota,212,2.0,Gas,yes,Rav 4,22,9.64,9.011889433252344,0,0.0,False,False,False,False,False,8199.999999999998
Volkswagen,210,1.8,Petrol,no,Passat B4,27,7.78,7.408530566894626,0,0.0,False,False,True,False,False,1649.9999999999998
Audi,44,3.0,Diesel,yes,Q7,12,3.67,10.809727948556782,1,3.0,False,False,False,False,False,49500.00000000002
Volkswagen,48,2.0,Petrol,yes,Jetta,12,4.0,10.03889218954233,0,0.0,False,False,True,False,False,22899.999999999996
Volkswagen,110,1.9,Diesel,yes,Caddy,17,6.47,9.239899174217728,0,0.0,True,False,False,False,False,10300.000000000005
Toyota,175,2.4,Petrol,yes,Camry,18,9.72,9.433483923290392,0,0.0,False,False,True,False,False,12500.0
Mitsubishi,170,1.6,Petrol,yes,Lancer,21,8.1,8.824677891164198,0,0.0,False,False,True,False,False,6799.999999999999
BMW,1,1.5,Petrol,yes,318,10,0.1,10.419300717813158,1,1.5,False,False,True,False,False,33500.00000000001
Toyota,0,1.6,Petrol,yes,Auris,9,0.0,9.938432309883506,0,0.0,False,False,False,True,False,20711.24999999998
Volkswagen,220,2.0,Gas,no,Passat B4,30,7.33,7.312553498102598,0,0.0,False,False,True,False,False,1499.0
Volkswagen,56,2.0,Petrol,yes,Golf GTI,13,4.31,9.846917201047734,0,0.0,True,False,False,False,False,18900.00000000001
BMW,7,2.0,Diesel,yes,X1,10,0.7,10.858998997563564,1,2.0,False,False,False,False,False,51999.99999999997
Volkswagen,250,2.0,Diesel,yes,T5 (Transporter),15,16.67,9.785660765922684,0,0.0,False,False,False,False,True,17776.999999999967
Audi,0,3.0,Diesel,yes,Q7,10,0.0,11.395132429263844,1,3.0,False,False,False,False,False,88887.99999999997
Renault,208,1.9,Other,yes,Trafic,21,9.9,8.915969311373605,0,0.0,False,True,False,False,False,7449.999999999996
Mercedes-Benz,95,4.7,Petrol,yes,GL 450,15,6.33,10.373178632943564,1,4.7,False,False,False,False,False,31989.999999999996
BMW,263,3.0,Petrol,yes,530,21,12.52,9.560997243589352,1,3.0,False,False,True,False,False,14199.999999999995
Renault,202,1.5,Diesel,yes,Scenic,20,10.1,8.748304912379623,0,0.0,False,False,False,True,False,6299.999999999996
Renault,188,1.5,Diesel,yes,Kangoo,21,8.95,8.37793112408273,0,0.0,False,False,False,False,True,4350.000000000002
Renault,155,1.5,Diesel,yes,Megane,13,11.92,9.314700387300425,0,0.0,False,False,False,True,False,11099.999999999993
Volkswagen,132,2.8,Gas,yes,Passat B4,30,4.4,8.748304912379623,0,0.0,False,False,False,True,False,6299.999999999996
Renault,256,1.5,Diesel,yes,Kangoo,20,12.8,8.101677747454572,0,0.0,False,False,False,False,True,3300.0
Mercedes-Benz,300,2.0,Gas,yes,C-Class,25,12.0,8.915969311373605,1,2.0,False,False,True,False,False,7449.999999999996
Mitsubishi,145,1.6,Petrol,no,Carisma,28,5.18,7.52294091807237,0,0.0,False,False,True,False,False,1849.9999999999995
Mercedes-Benz,360,2.2,Diesel,yes,Sprinter 313,20,18.0,9.546812608597396,1,2.2,False,True,False,False,False,14000.0
Renault,226,2.3,Diesel,yes,Master,13,17.38,9.461099090323366,0,0.0,False,True,False,False,False,12849.999999999996
Toyota,30,1.6,Petrol,yes,Auris,11,2.73,9.814656338829511,0,0.0,True,False,False,False,False,18299.99999999998
Volkswagen,97,1.4,Gas,yes,Passat B7,13,7.46,9.595602772766828,0,0.0,False,False,True,False,False,14700.000000000002
Volkswagen,250,2.8,Gas,no,Passat B5,23,10.87,8.006367567650246,0,0.0,False,False,True,False,False,2999.9999999999977
Mercedes-Benz,247,4.0,Diesel,yes,S 400,22,11.23,9.47262771040802,1,4.0,False,False,True,False,False,12999.000000000007
Mercedes-Benz,177,2.2,Diesel,yes,Vito,14,12.64,9.380083146563278,1,2.2,False,False,False,False,True,11850.000000000007
Volkswagen,128,1.8,Petrol,yes,Passat B7,12,10.67,9.87816974455184,0,0.0,False,False,True,False,False,19500.000000000044
Mercedes-Benz,69,2.0,Petrol,yes,E-Class,15,4.6,9.913437883389296,1,2.0,False,False,True,False,False,20199.999999999996
Volkswagen,186,3.2,Petrol,yes,Passat B6,19,9.79,9.392661928770137,0,0.0,False,False,True,False,False,11999.999999999993
Toyota,154,2.7,Petrol,yes,Land Cruiser Prado,20,7.7,9.72913416539135,0,0.0,False,False,False,False,False,16800.000000000004
Mercedes-Benz,250,2.2,Diesel,yes,Sprinter 313,19,13.16,9.268609280100158,1,2.2,False,False,False,False,True,10599.999999999993
Mercedes-Benz,0,3.0,Diesel,yes,GLS 350,9,0.0,11.652678711655406,1,3.0,False,False,False,False,False,114999.00000000007
Renault,124,1.5,Diesel,yes,Kangoo,22,5.64,8.45531778769815,0,0.0,True,False,False,False,False,4699.999999999997
Mercedes-Benz,251,5.0,Gas,yes,ML 500,23,10.91,9.903487552536127,1,5.0,False,False,False,False,False,19999.99999999998
Mercedes-Benz,1,3.0,Diesel,yes,GLE-Class,9,0.11,11.561706105284784,1,3.0,False,False,False,False,False,104998.99999999996
Mercedes-Benz,198,4.0,Diesel,yes,S 400,23,8.61,9.104979856318357,1,4.0,False,False,True,False,False,9000.000000000004
BMW,83,3.5,Petrol,yes,X6,15,5.53,10.499573020252942,1,3.5,False,False,False,False,False,36300.00000000001
Toyota,88,2.0,Petrol,yes,Rav 4,14,6.29,9.87302834505142,0,0.0,False,False,False,False,False,19400.00000000001
Mercedes-Benz,230,2.0,Petrol,yes,C-Class,24,9.58,8.948975607841776,1,2.0,False,False,True,False,False,7700.0000000000055
Mitsubishi,69,2.5,Diesel,yes,L 200,14,4.93,9.769956159911606,0,0.0,False,True,False,False,False,17500.000000000015
BMW,100,2.0,Petrol,yes,520,13,7.69,10.341742483467284,1,2.0,False,False,True,False,False,31000.000000000022
Toyota,1,2.7,Petrol,yes,Land Cruiser Prado,10,0.1,10.425712951252992,0,0.0,False,False,False,False,False,33715.50000000001
BMW,233,3.0,Diesel,yes,530,22,10.59,9.51044496442652,1,3.0,False,False,True,False,False,13499.999999999996
Renault,150,2.0,Diesel,yes,Trafic,18,8.33,8.496990484098719,0,0.0,False,False,False,False,True,4900.000000000004
Mercedes-Benz,340,2.2,Diesel,yes,Vito,23,14.78,8.948975607841776,1,2.2,False,False,True,False,False,7700.0000000000055
Renault,175,1.5,Diesel,yes,Megane,13,13.46,9.296518068217235,0,0.0,False,False,False,True,False,10900.000000000002
BMW,303,2.5,Diesel,no,525,26,11.65,7.696212639346407,1,2.5,False,False,True,False,False,2199.9999999999995
BMW,270,3.0,Diesel,no,530,21,12.86,8.881836305004146,1,3.0,False,False,True,False,False,7199.999999999996
Toyota,87,1.6,Petrol,yes,Auris,17,5.12,9.121509158269568,0,0.0,True,False,False,False,False,9150.000000000007
BMW,10,2.8,Petrol,yes,328,36,0.28,8.68270762989381,1,2.8,False,False,True,False,False,5899.999999999999
Mitsubishi,206,1.6,Gas,yes,Carisma,24,8.58,8.476371196895983,0,0.0,True,False,False,False,False,4800.000000000001
Volkswagen,200,1.8,Gas,yes,Passat B4,29,6.9,7.313220387090301,0,0.0,False,False,False,True,False,1500.0
Volkswagen,62,1.2,Diesel,yes,Polo,14,4.43,9.159047077588632,0,0.0,True,False,False,False,False,9499.999999999995
Mercedes-Benz,395,2.3,Diesel,no,Vito,28,14.11,8.160518247477505,1,2.3,False,False,False,False,True,3499.9999999999995
Volkswagen,300,1.8,Petrol,yes,Vento,29,10.34,8.202482446576537,0,0.0,False,False,True,False,False,3650.0000000000005
Mercedes-Benz,160,3.0,Diesel,yes,GL 350,12,13.33,11.05089000537367,1,3.0,False,False,False,False,False,63000.00000000004
Volkswagen,240,1.9,Diesel,yes,Caddy,17,14.12,8.794824928014517,0,0.0,False,False,False,False,True,6600.000000000001
Toyota,185,1.8,Petrol,yes,Avensis,18,10.28,9.230142999272362,0,0.0,False,False,True,False,False,10199.99999999999
Volkswagen,68,1.4,Petrol,yes,Scirocco,12,5.67,9.90323752128092,0,0.0,True,False,False,False,False,19995.00000000002
Mitsubishi,56,1.5,Petrol,yes,Lancer X,14,4.0,9.190137664658664,0,0.0,False,False,True,False,False,9800.000000000007
Mercedes-Benz,198,6.0,Petrol,yes,S 600,21,9.43,9.323669057283183,1,6.0,False,False,True,False,False,11199.99999999997
Volkswagen,117,2.5,Diesel,yes,Touareg,19,6.16,9.798127036878302,0,0.0,False,False,False,False,False,18000.000000000007
Mitsubishi,0,2.0,Petrol,yes,Outlander,9,0.0,10.257659366256744,0,0.0,False,False,False,False,False,28500.00000000007
Mitsubishi,81,2.0,Petrol,yes,Lancer X,16,5.06,9.190137664658664,0,0.0,False,False,True,False,False,9800.000000000007
Audi,247,2.5,Diesel,no,A6,22,11.23,8.268731832117737,1,2.5,False,False,True,False,False,3899.9999999999977
Mitsubishi,1,2.0,Petrol,yes,Outlander,9,0.11,10.030633287678308,0,0.0,False,False,False,False,False,22711.65000000001
BMW,298,2.5,Petrol,yes,523,27,11.04,8.779557455883728,1,2.5,False,False,True,False,False,6499.999999999995
Volkswagen,300,1.9,Diesel,yes,Golf IV,26,11.54,8.51699317141357,0,0.0,True,False,False,False,False,4999.000000000002
Renault,176,1.5,Diesel,yes,Scenic,14,12.57,9.116029692504942,0,0.0,False,False,False,True,False,9100.000000000002
Mercedes-Benz,319,2.2,Diesel,yes,220,22,14.5,9.305650551780507,1,2.2,False,False,True,False,False,10999.999999999998
Volkswagen,159,1.6,Petrol,yes,Golf V,18,8.83,8.881836305004146,0,0.0,True,False,False,False,False,7199.999999999996
Mercedes-Benz,191,2.2,Diesel,yes,Vito,18,10.61,9.296518068217235,1,2.2,False,False,False,False,True,10900.000000000002
Volkswagen,74,4.2,Gas,yes,Phaeton,14,5.29,10.46310334047155,0,0.0,False,False,True,False,False,34999.99999999997
Mitsubishi,134,2.4,Petrol,yes,Galant,16,8.38,9.35010231435134,0,0.0,False,False,True,False,False,11499.999999999976
Mercedes-Benz,154,2.2,Diesel,yes,Vito,18,8.56,9.21024036697585,1,2.2,False,False,False,False,True,9999.0
Renault,220,1.5,Diesel,yes,Kangoo,21,10.48,8.389359819906353,0,0.0,False,True,False,False,False,4400.000000000004
Mitsubishi,367,1.6,Gas,yes,Carisma,28,13.11,8.294049640102028,0,0.0,True,False,False,False,False,3999.9999999999995
Audi,90,3.0,Petrol,yes,A5,14,6.43,10.308919326755392,1,3.0,False,True,False,False,False,29999.000000000025
Volkswagen,65,1.6,Diesel,yes,Caddy,13,5.0,9.602382459752208,0,0.0,False,False,False,False,True,14800.000000000027
Mitsubishi,30,2.5,Diesel,yes,Pajero Sport,11,2.73,8.612503371220562,0,0.0,False,False,False,False,False,5499.999999999999
BMW,6,2.0,Petrol,yes,520,9,0.67,10.579819140167512,1,2.0,False,False,True,False,False,39333.000000000015
Mitsubishi,215,3.8,Petrol,yes,Pajero Wagon,19,11.32,9.740968623038354,0,0.0,False,False,False,False,False,17000.00000000001
Toyota,18,2.5,Other,yes,Camry,12,1.5,9.947504437952905,0,0.0,False,False,True,False,False,20900.000000000044
BMW,137,2.2,Petrol,yes,520,21,6.52,9.615805480084347,1,2.2,False,False,True,False,False,15000.000000000004
Volkswagen,200,1.6,Petrol,no,Golf IV,26,7.69,7.52294091807237,0,0.0,False,True,False,False,False,1849.9999999999995
Renault,47,1.4,Petrol,yes,Sandero,13,3.62,8.83927669058535,0,0.0,True,False,False,False,False,6899.999999999999
Volkswagen,245,2.0,Diesel,yes,Passat B6,18,13.61,9.39182824802156,0,0.0,False,False,True,False,False,11989.99999999999
Mercedes-Benz,55,3.0,Diesel,yes,Viano,14,3.93,10.621327345686446,1,3.0,False,False,False,False,True,41000.00000000003
BMW,5,2.0,Petrol,yes,520,9,0.56,10.645424897265505,1,2.0,False,False,True,False,False,41999.99999999998
Renault,128,1.5,Diesel,yes,Kangoo,13,9.85,8.948975607841776,0,0.0,False,False,False,False,True,7700.0000000000055
Volkswagen,265,1.9,Diesel,yes,T4 (Transporter),23,11.52,8.955448122347393,0,0.0,False,False,False,False,True,7750.000000000004
Toyota,83,1.6,Other,yes,Corolla,17,4.88,9.22029070282935,0,0.0,False,True,False,False,False,10099.999999999998
Renault,128,1.5,Diesel,yes,Kangoo,16,8.0,8.922658299524402,0,0.0,False,False,False,False,True,7500.000000000001
BMW,220,2.5,Petrol,no,525,23,9.57,7.90100705199242,1,2.5,False,False,True,False,False,2699.999999999999
Mercedes-Benz,32,6.3,Petrol,yes,CL 63 AMG,18,1.78,11.22390916950531,1,6.3,False,True,False,False,False,74899.99999999994
Renault,200,1.9,Diesel,no,Scenic,28,7.14,6.684611727667927,0,0.0,False,False,False,False,True,799.9999999999999
Mitsubishi,89,3.8,Gas,yes,Pajero Wagon,17,5.24,9.792555991828849,0,0.0,False,False,False,False,False,17900.00000000004
Audi,213,3.0,Diesel,yes,A6 Allroad,15,14.2,10.275051108968611,1,3.0,False,False,False,True,False,29000.00000000001
BMW,188,3.0,Diesel,yes,X5,21,8.95,9.746833742490752,1,3.0,False,False,False,False,False,17100.000000000015
Mercedes-Benz,338,3.0,Diesel,no,E-Class,34,9.94,7.377758908227872,1,3.0,False,False,True,False,False,1599.9999999999984
Mercedes-Benz,300,4.3,Gas,yes,S 430,24,12.5,9.373903755841548,1,4.3,False,True,False,False,False,11776.999999999993
BMW,299,2.2,Petrol,yes,523,24,12.46,8.809713540508268,1,2.2,False,False,True,False,False,6699.000000000002
BMW,240,3.0,Diesel,no,530,24,10.0,8.268731832117737,1,3.0,False,False,False,True,False,3899.9999999999977
Volkswagen,212,1.6,Petrol,yes,Bora,22,9.64,8.779557455883728,0,0.0,False,False,True,False,False,6499.999999999995
BMW,77,3.0,Petrol,yes,535,13,5.92,10.849337086651827,1,3.0,True,False,False,False,False,51499.999999999985
Renault,186,1.5,Diesel,yes,Megane,21,8.86,8.779557455883728,0,0.0,False,False,False,True,False,6499.999999999995
BMW,191,2.2,Petrol,yes,320,23,8.3,9.287301413112312,1,2.2,False,True,False,False,False,10800.000000000007
Audi,240,2.5,Diesel,no,A4,25,9.6,7.803843303538772,1,2.5,False,False,False,True,False,2449.9999999999995
Toyota,29,2.2,Diesel,yes,Rav 4,10,2.9,10.268130666124035,0,0.0,False,False,False,False,False,28799.99999999994
Volkswagen,258,2.5,Diesel,no,Touareg,21,12.29,8.83927669058535,0,0.0,False,False,False,False,False,6899.999999999999
Volkswagen,75,1.2,Petrol,yes,Caddy,13,5.77,9.449357272446685,0,0.0,False,False,False,False,True,12700.000000000027
Toyota,56,1.0,Gas,yes,Aygo,14,4.0,8.974618038455112,0,0.0,True,False,False,False,False,7899.999999999996
BMW,180,2.0,Other,no,520,14,12.86,9.798127036878302,1,2.0,False,False,True,False,False,18000.000000000007
BMW,170,2.2,Petrol,yes,520,24,7.08,9.093694189856862,1,2.2,False,False,True,False,False,8898.999999999998
Mercedes-Benz,0,1.6,Petrol,yes,C-Class,9,0.0,10.950806546816688,1,1.6,False,True,False,False,False,57000.000000000044
Audi,199,3.0,Petrol,yes,A8,21,9.48,9.296518068217235,1,3.0,False,False,True,False,False,10900.000000000002
Toyota,50,3.0,Diesel,yes,Land Cruiser Prado,13,3.85,10.657259354912508,0,0.0,False,False,False,False,False,42499.99999999999
BMW,106,3.0,Diesel,yes,X6,13,8.15,10.85707406915398,1,3.0,False,False,False,False,False,51899.99999999996
Renault,345,1.9,Diesel,yes,Kangoo,24,14.38,8.101677747454572,0,0.0,False,False,False,False,True,3300.0
Mercedes-Benz,159,3.5,Gas,yes,CLS 350,19,8.37,9.714443449981347,1,3.5,False,False,True,False,False,16555.000000000015
Mercedes-Benz,197,2.2,Diesel,yes,Vito,23,8.57,8.85366542803745,1,2.2,False,False,False,False,True,6999.999999999999
Mercedes-Benz,342,2.6,Petrol,yes,E-Class,22,15.55,9.137769679141348,1,2.6,False,False,True,False,False,9300.000000000007
Audi,85,1.8,Petrol,yes,A4,18,4.72,9.35010231435134,1,1.8,False,False,True,False,False,11499.999999999976
Toyota,1,1.6,Petrol,yes,Auris,9,0.11,9.721515934506462,0,0.0,True,False,False,False,False,16672.500000000007
Volkswagen,140,3.0,Diesel,yes,Touareg,13,10.77,10.54507824618167,0,0.0,False,False,False,False,False,37989.999999999985
Mercedes-Benz,1,2.0,Petrol,no,C-Class,24,0.04,7.783224016336037,1,2.0,False,False,True,False,False,2400.0000000000005
Renault,142,1.5,Diesel,yes,Kangoo,13,10.92,8.874867635688053,0,0.0,False,False,False,False,True,7150.0
Toyota,289,2.0,Diesel,no,Rav 4,22,13.14,8.517193191416238,0,0.0,False,False,False,False,False,5000.000000000004
Mercedes-Benz,390,3.0,Diesel,no,E-Class,18,21.67,8.948975607841776,1,3.0,False,False,True,False,False,7700.0000000000055
Mercedes-Benz,190,3.2,Diesel,yes,ML 320,17,11.18,10.257659366256744,1,3.2,False,False,False,False,False,28500.00000000007
Toyota,100,4.5,Diesel,yes,Land Cruiser 200,12,8.33,11.018629143155447,0,0.0,False,False,False,False,False,60999.999999999935
Toyota,98,2.0,Gas,yes,Rav 4,17,5.76,9.595602772766828,0,0.0,False,False,False,True,False,14700.000000000002
Volkswagen,107,3.0,Diesel,yes,Phaeton,16,6.69,9.994241915804592,0,0.0,False,False,True,False,False,21899.999999999993
Audi,67,3.0,Petrol,yes,A6 Allroad,12,5.58,10.891168280496956,1,3.0,False,False,False,False,False,53699.999999999985
Volkswagen,155,2.5,Diesel,yes,Touareg,17,9.12,9.862665558015872,0,0.0,False,False,False,False,False,19199.999999999975
Audi,136,2.0,Diesel,yes,A6,16,8.5,9.836278802842678,1,2.0,False,False,True,False,False,18699.999999999996
Audi,230,2.5,Diesel,yes,A6,21,10.95,9.169518377455928,1,2.5,False,False,False,True,False,9600.000000000004
Volkswagen,312,2.5,Diesel,yes,Multivan,27,11.56,9.259130536145614,0,0.0,False,False,False,False,True,10499.999999999993
Volkswagen,179,2.5,Diesel,yes,Touareg,18,9.94,9.809176873064889,0,0.0,False,False,False,False,False,18200.000000000036
Audi,124,3.0,Diesel,yes,A8,13,9.54,10.858998997563564,1,3.0,False,True,False,False,False,51999.99999999997
BMW,122,2.0,Petrol,yes,318,18,6.78,9.525151111816216,1,2.0,False,False,True,False,False,13699.999999999996
BMW,245,3.0,Gas,yes,530,19,12.89,9.615805480084347,1,3.0,False,False,False,True,False,15000.000000000004
Mitsubishi,127,1.6,Petrol,yes,Lancer,19,6.68,8.764053269347762,0,0.0,False,False,True,False,False,6399.9999999999945
Toyota,147,4.5,Diesel,yes,Land Cruiser 200,14,10.5,10.896739325546411,0,0.0,False,False,False,False,False,53999.99999999999
Toyota,100,2.5,Gas,yes,Camry,11,9.09,10.073230327123223,0,0.0,False,False,True,False,False,23700.00000000002
Volkswagen,104,1.2,Petrol,yes,Golf Plus,13,8.0,9.543234787249512,0,0.0,True,False,False,False,False,13950.000000000002
Toyota,160,4.0,Petrol,yes,Land Cruiser Prado,17,9.41,10.0519075576544,0,0.0,False,False,False,False,False,23199.99999999999
Audi,0,3.0,Diesel,yes,Q7,10,0.0,11.40755383813956,1,3.0,False,False,False,False,False,89998.99999999977
BMW,125,3.0,Petrol,yes,X5,18,6.94,9.98506753952855,1,3.0,False,False,False,False,False,21699.999999999993
Toyota,328,4.2,Diesel,yes,Land Cruiser 80,32,10.25,9.711115659888671,0,0.0,False,False,False,False,False,16499.999999999985
BMW,85,4.8,Petrol,no,X5,15,5.67,9.615805480084347,1,4.8,False,False,False,False,False,15000.000000000004
Mercedes-Benz,16,3.0,Diesel,yes,ML 350,12,1.33,11.02679245379461,1,3.0,False,False,False,False,False,61500.00000000001
BMW,200,2.0,Diesel,no,320,22,9.09,7.438383530044307,1,2.0,False,False,True,False,False,1699.9999999999993
BMW,352,2.17,Petrol,yes,520,24,14.67,9.047821442478408,1,2.17,False,False,True,False,False,8500.000000000005
Toyota,250,2.4,Petrol,yes,Camry,22,11.36,9.21024036697585,0,0.0,False,False,True,False,False,9999.0
Audi,300,2.5,Diesel,no,A6,26,11.54,8.101677747454572,1,2.5,False,False,False,True,False,3300.0
Volkswagen,112,2.0,Petrol,yes,Passat CC,13,8.62,9.898475010712584,0,0.0,False,True,False,False,False,19900.000000000007
Renault,160,1.5,Diesel,yes,Laguna,14,11.43,9.332558004700433,0,0.0,False,False,False,True,False,11300.000000000007
Toyota,149,3.5,Gas,yes,Camry,17,8.76,9.60911649193355,0,0.0,False,False,True,False,False,14899.999999999995
Toyota,88,4.5,Diesel,yes,Land Cruiser 200,16,5.5,10.571316925111784,0,0.0,False,False,False,False,False,39000.00000000002
Mercedes-Benz,76,6.0,Petrol,yes,S 500,15,5.07,11.154820928221902,1,6.0,False,False,True,False,False,69900.00000000003
BMW,16,3.0,Diesel,yes,X6,10,1.6,11.19684391799675,1,3.0,False,False,False,False,False,72900.00000000004
Renault,89,1.5,Diesel,yes,Megane,12,7.42,9.539644119118783,0,0.0,False,False,False,True,False,13900.000000000002
Renault,131,1.5,Diesel,yes,Kangoo,12,10.92,8.824677891164198,0,0.0,False,False,False,False,True,6799.999999999999
Mercedes-Benz,270,2.2,Diesel,yes,Vito,21,12.86,9.047821442478408,1,2.2,False,False,False,False,True,8500.000000000005
Volkswagen,158,2.0,Diesel,yes,Caddy,16,9.88,8.935903526274423,0,0.0,False,False,False,False,True,7600.000000000003
Toyota,45,4.6,Petrol,yes,Tundra,12,3.75,10.340128278112742,0,0.0,False,True,False,False,False,30949.999999999985
Audi,413,2.6,Gas,yes,100,32,12.91,8.29154650988391,1,2.6,False,False,True,False,False,3990.000000000002
Audi,44,6.3,Petrol,yes,A8,13,3.38,11.134589024250316,1,6.3,False,False,True,False,False,68499.99999999993
Audi,42,2.0,Petrol,yes,A5,12,3.5,10.419300717813158,1,2.0,False,False,True,False,False,33500.00000000001
BMW,193,4.4,Petrol,yes,740,25,7.72,9.35010231435134,1,4.4,False,False,True,False,False,11499.999999999976
Toyota,153,4.0,Petrol,yes,Land Cruiser Prado,18,8.5,10.126591103050316,0,0.0,False,False,False,False,False,24998.999999999993
Audi,250,2.5,Diesel,no,A4,26,9.62,7.52294091807237,1,2.5,False,False,True,False,False,1849.9999999999995
Mercedes-Benz,55,2.2,Diesel,no,ML 250,12,4.58,10.292145542327912,1,2.2,False,False,False,False,False,29500.000000000025
Mercedes-Benz,43,4.7,Petrol,yes,CLS 500,13,3.31,10.950806546816688,1,4.7,False,False,True,False,False,57000.000000000044
Audi,195,3.0,Diesel,yes,A5,15,13.0,10.338511462885837,1,3.0,True,False,False,False,False,30900.0
Toyota,150,2.0,Petrol,yes,Rav 4,25,6.0,8.85366542803745,0,0.0,False,False,False,False,False,6999.999999999999
Volkswagen,170,1.6,Diesel,yes,Caddy,12,14.17,9.0994088112689,0,0.0,False,False,False,False,True,8949.999999999987
Mitsubishi,1,2.5,Diesel,yes,L 200,18,0.06,7.824046010856292,0,0.0,False,False,False,False,False,2499.9999999999995
Renault,141,1.5,Other,yes,Megane,13,10.85,9.0300168178449,0,0.0,False,True,False,False,False,8349.999999999984
BMW,206,3.0,Petrol,yes,530,22,9.36,9.341368634382588,1,3.0,False,False,True,False,False,11400.000000000018
Volkswagen,280,2.5,Diesel,no,Passat B5,25,11.2,7.863266724009573,0,0.0,False,False,True,False,False,2599.9999999999977
Mercedes-Benz,219,2.0,Petrol,yes,C-Class,25,8.76,8.915969311373605,1,2.0,False,False,True,False,False,7449.999999999996
Audi,255,2.5,Diesel,yes,A6,23,11.09,9.158941808890182,1,2.5,False,False,True,False,False,9498.999999999995
Toyota,106,2.4,Petrol,yes,Camry,17,6.24,9.60911649193355,0,0.0,False,False,True,False,False,14899.999999999995
Volkswagen,265,2.5,Diesel,no,Caravelle,18,14.72,9.011889433252344,0,0.0,False,False,False,False,True,8199.999999999998
Mercedes-Benz,208,3.2,Diesel,yes,S 320,21,9.9,9.433483923290392,1,3.2,False,False,True,False,False,12500.0
Toyota,127,2.4,Gas,yes,Camry,17,7.47,9.581903928408666,0,0.0,False,False,True,False,False,14500.000000000004
Volkswagen,73,1.6,Gas,yes,Polo,14,5.21,9.392661928770137,0,0.0,False,False,True,False,False,11999.999999999993
Mercedes-Benz,230,2.7,Diesel,no,E-Class,20,11.5,8.630521876723241,1,2.7,False,False,True,False,False,5600.000000000005
Mercedes-Benz,220,3.2,Petrol,no,CLK 320,21,10.48,8.556413904569519,1,3.2,False,True,False,False,False,5200.000000000001
Mitsubishi,48,1.5,Petrol,yes,Lancer X,17,2.82,9.126958763037132,0,0.0,False,False,True,False,False,9200.000000000005
Toyota,108,4.0,Petrol,yes,Land Cruiser Prado,17,6.35,10.165813354725492,0,0.0,False,True,False,False,False,25998.99999999995
BMW,241,2.8,Gas,yes,328,30,8.03,8.748304912379623,1,2.8,False,False,True,False,False,6299.999999999996
Mercedes-Benz,25,3.0,Diesel,yes,S 350,10,2.5,11.665646551987892,1,3.0,False,False,True,False,False,116500.00000000001
BMW,216,2.0,Diesel,yes,320,17,12.71,9.64859530290734,1,2.0,False,False,True,False,False,15500.000000000036
Toyota,168,4.0,Gas,yes,Land Cruiser Prado,21,8.0,9.769956159911606,0,0.0,False,False,False,False,False,17500.000000000015
Volkswagen,182,1.6,Petrol,yes,Jetta,19,9.58,9.21024036697585,0,0.0,False,False,True,False,False,9999.0
BMW,163,5.0,Petrol,yes,X5 M,14,11.64,10.451608961045816,1,5.0,False,False,False,False,False,34600.0
Renault,138,2.0,Diesel,yes,Trafic,13,10.62,9.296518068217235,0,0.0,False,False,False,False,True,10900.000000000002
Volkswagen,230,1.6,Petrol,yes,Golf V,21,10.95,8.961879012677683,0,0.0,True,False,False,False,False,7799.999999999996
Audi,232,2.5,Diesel,no,A6,22,10.55,8.268731832117737,1,2.5,False,False,False,True,False,3899.9999999999977
Toyota,120,2.0,Petrol,yes,Rav 4,17,7.06,9.64859530290734,0,0.0,False,False,False,False,False,15500.000000000036
Audi,126,3.0,Diesel,yes,Q7,12,10.5,10.778956289890028,1,3.0,False,False,False,False,False,47999.99999999998
Mercedes-Benz,193,2.2,Other,yes,Vito,14,13.79,9.457200449907708,1,2.2,False,False,False,False,True,12799.99999999999
Toyota,288,4.7,Gas,yes,Land Cruiser 100,25,11.52,9.60911649193355,0,0.0,False,False,False,False,False,14899.999999999995
Mercedes-Benz,230,1.7,Other,no,A 170,24,9.58,7.595889917718538,1,1.7,True,False,False,False,False,1990.0000000000002
Mitsubishi,148,2.0,Gas,yes,Lancer X,17,8.71,9.190137664658664,0,0.0,False,False,True,False,False,9800.000000000007
Mercedes-Benz,290,2.7,Diesel,yes,E-Class,26,11.15,9.071078304642676,1,2.7,False,False,True,False,False,8700.000000000004
Renault,196,1.9,Diesel,yes,Kangoo,24,8.17,8.146129510025405,0,0.0,False,False,False,False,True,3449.999999999999
Mercedes-Benz,236,2.2,Diesel,yes,Sprinter 313,13,18.15,9.998797732340453,1,2.2,False,False,False,False,True,22000.0
Mercedes-Benz,315,2.0,Petrol,yes,E-Class,29,10.86,8.779557455883728,1,2.0,False,True,False,False,False,6499.999999999995
Mitsubishi,111,3.0,Gas,yes,Outlander XL,17,6.53,9.47262771040802,0,0.0,False,False,False,False,False,12999.000000000007
Volkswagen,2,1.6,Diesel,yes,Jetta,9,0.22,9.975808214115752,0,0.0,False,False,True,False,False,21499.999999999945
BMW,254,2.8,Gas,no,528,28,9.07,7.919356190660617,1,2.8,False,False,False,True,False,2749.999999999999
Mitsubishi,125,3.0,Gas,yes,Pajero Wagon,17,7.35,10.043249494911286,0,0.0,False,False,False,False,False,22999.999999999993
BMW,368,3.0,Diesel,yes,730,25,14.72,9.011889433252344,1,3.0,False,False,True,False,False,8199.999999999998
BMW,90,3.0,Petrol,yes,X6,17,5.29,10.401227936753465,1,3.0,False,False,False,False,False,32900.000000000044
Toyota,73,3.5,Petrol,yes,Camry,15,4.87,9.998797732340453,0,0.0,False,False,True,False,False,22000.0
Mitsubishi,290,2.0,Petrol,yes,Galant,35,8.29,7.937374696163295,0,0.0,False,True,False,False,False,2799.9999999999995
Mercedes-Benz,130,2.2,Diesel,yes,Vito,13,10.0,9.47262771040802,1,2.2,False,False,False,False,True,12999.000000000007
Toyota,0,4.5,Petrol,yes,Land Cruiser 200,9,0.0,11.512915464920228,0,0.0,False,False,False,False,False,99999.0
Renault,310,2.5,Diesel,yes,Master,20,15.5,8.846496938558838,0,0.0,False,False,False,False,True,6950.000000000001
Renault,148,1.5,Diesel,yes,Megane,13,11.38,9.259130536145614,0,0.0,True,False,False,False,False,10499.999999999993
BMW,320,2.8,Gas,yes,528,28,11.43,8.839131752546109,1,2.8,False,False,False,True,False,6899.000000000003
Toyota,60,4.5,Diesel,yes,Land Cruiser 200,12,5.0,11.082142548877776,0,0.0,False,True,False,False,False,65000.00000000014
Mercedes-Benz,272,2.2,Diesel,yes,Sprinter 313,20,13.6,9.539644119118783,1,2.2,False,True,False,False,False,13900.000000000002
Renault,217,2.0,Gas,yes,Scenic,22,9.86,8.66561319653451,0,0.0,False,False,False,False,True,5799.999999999996
BMW,160,3.0,Petrol,yes,528,14,11.43,10.264652401747712,1,3.0,False,True,False,False,False,28699.999999999996
BMW,260,4.4,Petrol,yes,X5,22,11.82,9.723163998404846,1,4.4,False,False,False,False,False,16699.999999999996
Volkswagen,217,3.0,Diesel,yes,Phaeton,19,11.42,9.825526011066415,0,0.0,False,False,True,False,False,18499.999999999985
Renault,227,1.4,Gas,yes,Kangoo,20,11.35,8.293799608846818,0,0.0,False,True,False,False,False,3998.9999999999995
Renault,200,1.9,Diesel,yes,Trafic,20,10.0,9.0825070004663,0,0.0,False,False,False,False,True,8800.000000000024
Mercedes-Benz,205,2.2,Diesel,yes,Sprinter 313,13,15.77,9.581903928408666,1,2.2,False,False,False,False,True,14500.000000000004
BMW,240,2.0,Diesel,yes,320,24,10.0,9.093806555720231,1,2.0,False,False,True,False,False,8900.000000000002
Renault,160,1.5,Diesel,yes,Kangoo,11,14.55,9.053686561930808,0,0.0,False,False,False,False,True,8550.000000000022
Mercedes-Benz,160,3.0,Diesel,yes,S 140,29,5.52,9.296518068217235,1,3.0,False,False,True,False,False,10900.000000000002
BMW,0,2.0,Diesel,yes,X3,9,0.0,10.790050767937291,1,2.0,False,False,False,False,False,48535.49999999992
BMW,130,3.0,Diesel,yes,X5,13,10.0,10.126631103850338,1,3.0,False,False,False,False,False,25000.0
Mitsubishi,99,1.6,Petrol,yes,Lancer,20,4.95,8.85366542803745,0,0.0,False,False,True,False,False,6999.999999999999
BMW,402,2.0,Petrol,yes,520,37,10.86,8.612503371220562,1,2.0,False,False,True,False,False,5499.999999999999
Mercedes-Benz,220,2.3,Petrol,no,CLK 230,25,8.8,7.937374696163295,1,2.3,False,True,False,False,False,2799.9999999999995
Mercedes-Benz,3,3.0,Diesel,yes,GLS 350,9,0.33,11.362102575235644,1,3.0,False,False,False,False,False,85999.99999999994
Volkswagen,152,1.6,Diesel,yes,Caddy,13,11.69,9.164819856674374,0,0.0,False,False,False,False,True,9555.000000000004
Renault,1,1.5,Diesel,yes,Kangoo,13,0.08,8.881836305004146,0,0.0,False,False,False,False,True,7199.999999999996
Mercedes-Benz,300,2.2,Other,yes,Vito,21,14.29,8.948975607841776,1,2.2,False,False,False,False,True,7700.0000000000055
BMW,20,3.0,Diesel,yes,X5,11,1.82,11.225243392518449,1,3.0,False,False,False,False,False,75000.00000000009
Volkswagen,150,1.4,Petrol,yes,Golf V,17,8.82,9.065314599925925,0,0.0,True,False,False,False,False,8649.999999999998
Toyota,109,1.8,Petrol,yes,Avensis,18,6.06,9.277999020449997,0,0.0,False,False,True,False,False,10699.99999999999
Volkswagen,1,2.5,Diesel,yes,T4 (Transporter),25,0.04,8.748304912379623,0,0.0,False,False,False,False,True,6299.999999999996
Audi,310,2.5,Diesel,no,A6,26,11.92,8.055157731819678,1,2.5,False,False,False,True,False,3149.9999999999977
Volkswagen,360,2.5,Diesel,yes,T4 (Transporter),24,15.0,8.922658299524402,0,0.0,False,True,False,False,False,7500.000000000001
Volkswagen,150,1.6,Petrol,yes,Bora,24,6.25,8.787220328629298,0,0.0,False,False,True,False,False,6550.0
BMW,313,2.0,Gas,yes,520,28,11.18,8.867850063029406,1,2.0,False,False,True,False,False,7099.999999999997
Volkswagen,370,2.0,Gas,yes,Passat B3,33,11.21,8.216088098632316,0,0.0,False,False,True,False,False,3699.9999999999995
Toyota,77,2.5,Gas,yes,Camry,13,5.92,9.95223009652412,0,0.0,False,False,True,False,False,20999.000000000047
Renault,1,1.5,Diesel,yes,Scenic,21,0.05,8.817297783866575,0,0.0,False,False,False,True,False,6749.999999999997
Toyota,0,4.5,Diesel,yes,Land Cruiser 200,9,0.0,11.552136562692668,0,0.0,False,False,False,False,False,103999.00000000023
Mercedes-Benz,432,3.0,Diesel,yes,E-Class,33,13.09,8.556413904569519,1,3.0,False,False,True,False,False,5200.000000000001
BMW,97,3.0,Diesel,yes,730,14,6.93,10.839580911706465,1,3.0,False,False,True,False,False,51000.0000000001
Toyota,52,3.5,Gas,yes,Venza,13,4.0,10.21829829237616,0,0.0,False,False,False,False,False,27399.999999999945
Toyota,201,2.0,Petrol,yes,Rav 4,19,10.58,9.433483923290392,0,0.0,False,False,False,False,False,12500.0
Mercedes-Benz,118,3.0,Diesel,yes,E-Class,15,7.87,10.118598932153072,1,3.0,False,False,False,True,False,24799.999999999953
Volkswagen,118,1.8,Petrol,yes,Passat B6,17,6.94,9.268609280100158,0,0.0,False,False,True,False,False,10599.999999999993
Mitsubishi,150,3.0,Petrol,yes,Eclipse,25,6.0,9.093806555720231,0,0.0,False,True,False,False,False,8900.000000000002
Renault,101,1.5,Diesel,yes,Kangoo,13,7.77,8.881836305004146,0,0.0,False,False,False,False,True,7199.999999999996
BMW,274,4.4,Gas,yes,540,27,10.15,9.210340371976184,1,4.4,False,False,True,False,False,10000.00000000001
Toyota,126,2.4,Gas,yes,Rav 4,17,7.41,9.367344120785848,0,0.0,False,False,False,False,False,11700.000000000007
BMW,15,3.0,Petrol,yes,640,13,1.15,11.082127164144046,1,3.0,False,False,True,False,False,64999.00000000004
Toyota,83,3.5,Gas,yes,Highlander,13,6.38,10.271596874100524,0,0.0,False,False,False,False,False,28900.00000000002
BMW,1,2.0,Diesel,yes,X5,9,0.11,11.010398644018933,1,2.0,False,False,False,False,False,60499.99999999999
Renault,153,1.6,Other,yes,Megane,19,8.05,8.612503371220562,0,0.0,False,False,True,False,False,5499.999999999999
BMW,19,3.0,Diesel,yes,X6,10,1.9,11.360939107972346,1,3.0,False,False,False,False,False,85899.99999999993
BMW,56,5.0,Petrol,yes,M5,18,3.11,10.799575577092764,1,5.0,False,False,False,True,False,49000.0
Audi,125,4.2,Petrol,yes,Q7,17,7.35,10.043206015705213,1,4.2,False,False,False,False,False,22999.00000000006
Mercedes-Benz,197,2.2,Diesel,yes,E-Class,15,13.13,10.03889218954233,1,2.2,False,False,True,False,False,22899.999999999996
BMW,10,3.0,Other,yes,6 Series Gran Coupe,10,1.0,11.35691472296607,1,3.0,False,False,True,False,False,85555.0
Mercedes-Benz,97,2.14,Diesel,yes,ML 250,14,6.93,10.308952660644293,1,2.14,False,False,False,False,False,30000.000000000007
BMW,250,1.6,Petrol,yes,316,29,8.62,7.863266724009573,1,1.6,False,False,True,False,False,2599.9999999999977
Volkswagen,230,3.2,Gas,yes,Touareg,22,10.45,9.433483923290392,0,0.0,False,False,False,False,False,12500.0
BMW,4,2.8,Gas,yes,528,30,0.13,8.824677891164198,1,2.8,False,False,True,False,False,6799.999999999999
Audi,315,2.3,Gas,yes,100,34,9.26,8.294049640102028,1,2.3,False,False,True,False,False,3999.9999999999995
Audi,159,3.0,Diesel,yes,Q7,15,10.6,10.505067539570582,1,3.0,False,False,False,False,False,36499.99999999998
Volkswagen,231,1.9,Diesel,yes,T5 (Transporter),20,11.55,9.210340371976184,0,0.0,False,False,False,False,True,10000.00000000001
Volkswagen,160,2.0,Diesel,no,Golf VI,19,8.42,8.45531778769815,0,0.0,True,False,False,False,False,4699.999999999997
BMW,140,3.0,Diesel,yes,X5,16,8.75,10.236381967809455,1,3.0,False,False,False,False,False,27899.999999999956
Renault,148,1.5,Diesel,yes,Kangoo,13,11.38,8.914626127827137,0,0.0,False,True,False,False,False,7439.999999999999
Mercedes-Benz,260,2.2,Diesel,yes,Sprinter 316,12,21.67,9.79807147977948,1,2.2,False,False,False,False,True,17999.000000000022
Volkswagen,235,1.9,Diesel,yes,T5 (Transporter),21,11.19,8.955448122347393,0,0.0,False,False,False,False,True,7750.000000000004
Mercedes-Benz,285,2.2,Diesel,yes,Vito,24,11.88,8.881836305004146,1,2.2,False,False,False,False,True,7199.999999999996
Volkswagen,121,1.9,Diesel,yes,Golf III,32,3.78,8.216088098632316,0,0.0,True,False,False,False,False,3699.9999999999995
Volkswagen,187,2.0,Diesel,yes,Passat B6,17,11.0,9.392661928770137,0,0.0,False,False,False,True,False,11999.999999999993
Audi,75,3.0,Diesel,yes,Q7,12,6.25,10.778956289890028,1,3.0,False,False,False,False,False,47999.99999999998
BMW,58,4.4,Other,yes,750,14,4.14,10.799575577092764,1,4.4,False,False,True,False,False,49000.0
Mercedes-Benz,84,3.0,Diesel,yes,GL 350,11,7.64,11.149082031552885,1,3.0,False,False,False,False,False,69500.00000000009
BMW,227,3.0,Diesel,yes,X5,19,11.95,9.903437551286084,1,3.0,False,False,False,False,False,19998.999999999945
Volkswagen,30,2.0,Diesel,yes,Passat B7,11,2.73,10.338511462885837,0,0.0,False,False,True,False,False,30900.0
Mercedes-Benz,39,5.5,Petrol,yes,SL 55 AMG,16,2.44,10.691944912900398,1,5.5,False,True,False,False,False,44000.0
Mercedes-Benz,174,2.6,Gas,yes,E-Class,24,7.25,9.230142999272362,1,2.6,False,False,True,False,False,10199.99999999999
Mercedes-Benz,160,4.0,Diesel,yes,ML 400,17,9.41,9.998797732340453,1,4.0,False,False,False,False,False,22000.0
Mercedes-Benz,115,5.5,Petrol,yes,S 500,14,8.21,10.75149944365699,1,5.5,False,False,True,False,False,46700.00000000003
Mercedes-Benz,322,2.7,Diesel,yes,E-Class,25,12.88,9.21024036697585,1,2.7,False,False,True,False,False,9999.0
Volkswagen,145,2.4,Diesel,yes,T4 (Transporter),32,4.53,8.389359819906353,0,0.0,False,True,False,False,False,4400.000000000004
Mercedes-Benz,1,1.6,Petrol,yes,C-Class,10,0.1,10.714417768752456,1,1.6,False,False,True,False,False,44999.999999999985
Toyota,33,4.5,Diesel,yes,Land Cruiser 200,12,2.75,11.056161799302767,0,0.0,False,True,False,False,False,63332.99999999994
Volkswagen,237,2.5,Diesel,yes,T5 (Transporter),20,11.85,9.47262771040802,0,0.0,False,False,False,False,True,12999.000000000007
Mercedes-Benz,115,2.2,Diesel,yes,Vito,14,8.21,9.615805480084347,1,2.2,False,True,False,False,False,15000.000000000004
BMW,80,3.0,Diesel,yes,X5,12,6.67,10.976782033219948,1,3.0,False,False,False,False,False,58499.99999999999
Renault,205,1.6,Petrol,yes,Scenic,18,11.39,8.740336742730447,0,0.0,False,False,False,False,True,6249.999999999999
Volkswagen,160,1.6,Petrol,yes,Jetta,19,8.42,9.093806555720231,0,0.0,False,False,True,False,False,8900.000000000002
Mercedes-Benz,0,1.6,Petrol,yes,C-Class,9,0.0,11.082142548877776,1,1.6,False,True,False,False,False,65000.00000000014
Volkswagen,185,1.4,Petrol,yes,Golf VI,14,13.21,9.629050706834368,0,0.0,False,False,True,False,False,15200.000000000007
Mercedes-Benz,22,3.0,Diesel,yes,S 350,11,2.0,11.70766954176274,1,3.0,False,False,True,False,False,121500.00000000004
Audi,108,2.0,Diesel,yes,A6,12,9.0,10.341710224882464,1,2.0,False,False,True,False,False,30998.99999999997
BMW,138,4.8,Petrol,yes,650,18,7.67,9.998797732340453,1,4.8,False,True,False,False,False,22000.0
Mitsubishi,95,3.2,Diesel,no,Pajero Wagon,17,5.59,9.259130536145614,0,0.0,False,False,False,False,False,10499.999999999993
BMW,380,3.0,Gas,yes,530,36,10.56,8.268731832117737,1,3.0,False,False,True,False,False,3899.9999999999977
Mitsubishi,55,2.0,Other,yes,Lancer X,17,3.24,9.20029003612268,0,0.0,False,False,True,False,False,9899.999999999995
Mercedes-Benz,210,2.0,Petrol,yes,E-Class,30,7.0,8.242493153187626,1,2.0,False,False,True,False,False,3799.000000000001
BMW,305,2.0,Petrol,yes,520,30,10.17,8.517193191416238,1,2.0,False,False,True,False,False,5000.000000000004
Audi,370,1.8,Petrol,yes,A6,28,13.21,8.575462099540212,1,1.8,False,True,False,False,False,5299.999999999996
Renault,100,1.5,Diesel,yes,Kangoo,16,6.25,8.771835409789817,0,0.0,False,False,False,True,False,6449.999999999995
Toyota,120,3.5,Petrol,yes,Venza,12,10.0,10.70772878060166,0,0.0,False,False,False,False,False,44699.999999999956
Toyota,220,3.0,Diesel,yes,Land Cruiser Prado,21,10.48,9.786953736280177,0,0.0,False,False,False,False,False,17800.000000000007
BMW,158,5.0,Petrol,yes,M5,18,8.78,10.19988156558993,1,5.0,False,False,True,False,False,26899.999999999985
Volkswagen,128,1.4,Gas,yes,Passat B7,14,9.14,9.61573881119536,0,0.0,False,False,False,True,False,14999.00000000001
Mercedes-Benz,340,5.0,Gas,yes,S 140,28,12.14,8.942460926820582,1,5.0,False,False,True,False,False,7650.000000000001
Volkswagen,130,1.4,Gas,yes,Passat B6,15,8.67,9.453286550586572,0,0.0,False,False,False,True,False,12750.0
Volkswagen,26,1.2,Petrol,yes,Polo,11,2.36,9.680344001221918,0,0.0,True,False,False,False,False,16000.000000000002
Toyota,90,4.5,Diesel,yes,Land Cruiser 200,13,6.92,11.082142548877776,0,0.0,False,False,False,False,False,65000.00000000014
Renault,65,1.5,Diesel,yes,Megane,11,5.91,9.392578591964387,0,0.0,True,False,False,False,False,11998.99999999998
BMW,294,2.0,Diesel,no,320,26,11.31,8.006367567650246,1,2.0,False,False,True,False,False,2999.9999999999977
Volkswagen,70,1.4,Petrol,yes,Tiguan,13,5.38,9.792555991828849,0,0.0,False,False,False,False,False,17900.00000000004
Mercedes-Benz,0,3.5,Diesel,yes,GLS 350,9,0.0,11.59910316121128,1,3.5,False,False,False,False,False,108999.99999999994
Mercedes-Benz,409,2.6,Petrol,yes,E-Class,34,12.03,8.411832675758411,1,2.6,False,False,True,False,False,4500.000000000001
Audi,113,1.8,Petrol,yes,A4,16,7.06,9.867860374892976,1,1.8,False,False,True,False,False,19299.999999999975
Volkswagen,250,2.5,Diesel,yes,T5 (Transporter),18,13.89,9.332558004700433,0,0.0,False,False,False,False,True,11300.000000000007
Mitsubishi,47,3.0,Petrol,yes,Pajero Wagon,17,2.76,9.84161214881804,0,0.0,False,False,False,False,False,18799.999999999993
Mercedes-Benz,277,2.2,Diesel,yes,Vito,25,11.08,8.330863613224745,1,2.2,False,True,False,False,False,4150.000000000003
Volkswagen,194,3.2,Gas,yes,Touareg,21,9.24,9.546812608597396,0,0.0,False,False,False,False,False,14000.0
Mercedes-Benz,126,2.2,Diesel,yes,Vito,12,10.5,9.546455401949554,1,2.2,False,False,False,False,True,13995.000000000007
Renault,209,1.5,Diesel,yes,Scenic,20,10.45,8.764053269347762,0,0.0,False,True,False,False,False,6399.9999999999945
Renault,90,1.4,Gas,yes,Symbol,17,5.29,8.496990484098719,0,0.0,False,False,True,False,False,4900.000000000004
Audi,261,1.8,Gas,yes,A6,25,10.44,8.764053269347762,1,1.8,False,False,True,False,False,6399.9999999999945
Renault,270,2.0,Diesel,yes,Trafic,18,15.0,9.148464968258097,0,0.0,False,False,False,False,True,9400.000000000011
Toyota,152,3.5,Gas,yes,Avalon,18,8.44,9.64212278840172,0,0.0,False,False,True,False,False,15399.999999999985
Volkswagen,238,2.0,Gas,no,Passat B5,23,10.35,7.972466015974565,0,0.0,False,False,True,False,False,2899.9999999999977
Renault,78,1.5,Diesel,yes,Kangoo,11,7.09,9.159047077588632,0,0.0,False,False,False,True,False,9499.999999999995
Volkswagen,75,2.0,Petrol,yes,Passat CC,12,6.25,10.043249494911286,0,0.0,False,False,True,False,False,22999.999999999993
Toyota,185,2.0,Gas,yes,Rav 4,20,9.25,9.268609280100158,0,0.0,False,False,False,False,False,10599.999999999993
Audi,304,2.5,Diesel,no,A6,27,11.26,7.843848638152472,1,2.5,False,False,True,False,False,2549.9999999999995
Volkswagen,87,1.6,Petrol,yes,Polo,14,6.21,9.047821442478408,0,0.0,False,False,True,False,False,8500.000000000005
Audi,243,2.5,Diesel,yes,A6,22,11.05,9.259130536145614,1,2.5,False,False,False,True,False,10499.999999999993
Mercedes-Benz,99,1.8,Petrol,yes,C-Class,17,5.82,9.798127036878302,1,1.8,False,False,True,False,False,18000.000000000007
Mitsubishi,1,1.8,Diesel,yes,Galant,35,0.03,7.346010209913293,0,0.0,True,False,False,False,False,1550.0000000000007
BMW,250,3.0,Diesel,no,330,23,10.87,8.242756345714477,1,3.0,False,False,True,False,False,3800.0000000000014
BMW,128,4.4,Petrol,yes,X5 M,14,9.14,10.645424897265505,1,4.4,False,False,False,False,False,41999.99999999998
Mitsubishi,110,2.0,Petrol,yes,Lancer X,17,6.47,9.047821442478408,0,0.0,False,False,True,False,False,8500.000000000005
Toyota,30,2.5,Petrol,yes,Camry,11,2.73,10.1226230824528,0,0.0,False,False,True,False,False,24900.000000000004
Volkswagen,186,2.0,Diesel,yes,Passat B6,20,9.3,9.230142999272362,0,0.0,False,False,False,True,False,10199.99999999999
BMW,135,3.0,Gas,yes,530,21,6.43,9.560997243589352,1,3.0,False,False,True,False,False,14199.999999999995
Volkswagen,151,3.0,Diesel,yes,Touareg,16,9.44,10.021270588192513,0,0.0,False,False,False,False,False,22500.00000000003
BMW,360,2.0,Petrol,yes,520,32,11.25,8.411832675758411,1,2.0,False,False,False,True,False,4500.000000000001
BMW,197,3.0,Petrol,yes,530,24,8.21,9.02401079378469,1,3.0,False,False,True,False,False,8300.000000000007
Toyota,60,1.6,Petrol,yes,Auris,12,5.0,9.568014816248,0,0.0,True,False,False,False,False,14300.000000000027
Renault,1,1.5,Diesel,yes,Duster,9,0.11,9.823153469083458,0,0.0,False,False,False,False,False,18456.159999999985
Renault,173,1.5,Diesel,yes,Scenic,19,9.11,8.85352256068954,0,0.0,False,False,False,False,True,6998.999999999996
Mitsubishi,94,1.6,Petrol,yes,Lancer,18,5.22,8.922658299524402,0,0.0,False,False,True,False,False,7500.000000000001
Volkswagen,350,2.0,Petrol,yes,Passat B3,35,10.0,7.955074273262696,0,0.0,False,False,True,False,False,2849.9999999999986
Mercedes-Benz,282,2.2,Diesel,yes,Vito,24,11.75,8.66561319653451,1,2.2,False,False,False,False,True,5799.999999999996
Toyota,282,1.4,Petrol,yes,Corolla,30,9.4,8.216088098632316,0,0.0,True,False,False,False,False,3699.9999999999995
Renault,180,1.5,Diesel,yes,Megane,20,9.0,8.7879833961978,0,0.0,False,False,False,True,False,6555.000000000002
Volkswagen,80,1.8,Petrol,yes,Passat CC,13,6.15,10.085767441795335,0,0.0,False,False,True,False,False,23998.99999999997
Mitsubishi,47,2.4,Petrol,yes,Outlander XL,13,3.62,9.975808214115752,0,0.0,False,False,False,False,False,21499.999999999945
Volkswagen,300,1.8,Petrol,yes,Passat B5,24,12.5,8.648221453822641,0,0.0,False,False,True,False,False,5699.999999999998
Volkswagen,220,2.0,Diesel,no,Touran,20,11.0,8.411832675758411,0,0.0,False,False,False,True,False,4500.000000000001
BMW,297,2.5,Petrol,yes,525,25,11.88,8.824677891164198,1,2.5,False,False,True,False,False,6799.999999999999
Toyota,84,2.5,Petrol,yes,Camry,13,6.46,10.03889218954233,0,0.0,False,False,True,False,False,22899.999999999996
Volkswagen,210,2.5,Diesel,yes,T4 (Transporter),22,9.55,9.047821442478408,0,0.0,False,False,False,False,True,8500.000000000005
Renault,183,1.9,Diesel,yes,Trafic,21,8.71,9.071078304642676,0,0.0,False,False,False,False,True,8700.000000000004
BMW,239,3.0,Diesel,yes,730,24,9.96,9.409191230721348,1,3.0,False,False,True,False,False,12199.999999999996
BMW,235,3.0,Diesel,yes,X5,18,13.06,10.081633737919605,1,3.0,False,False,False,False,False,23900.000000000062
Mitsubishi,174,3.2,Diesel,yes,Pajero Wagon,19,9.16,9.680344001221918,0,0.0,False,False,False,True,False,16000.000000000002
Mitsubishi,158,1.6,Petrol,yes,Lancer,18,8.78,8.85366542803745,0,0.0,False,False,True,False,False,6999.999999999999
Renault,215,1.5,Diesel,yes,Laguna,17,12.65,9.153770020487787,0,0.0,False,False,False,True,False,9449.999999999989
Mercedes-Benz,95,6.3,Other,yes,S 550,14,6.79,10.643041105910228,1,6.3,False,False,True,False,False,41899.99999999997
Mitsubishi,148,1.6,Petrol,yes,Lancer,17,8.71,8.909235279192261,0,0.0,False,False,True,False,False,7400.0
Renault,245,1.9,Diesel,no,Laguna,22,11.14,7.762170607138205,0,0.0,False,False,False,True,False,2350.0000000000005
Audi,289,2.5,Diesel,no,A6,23,12.57,8.128585200374497,1,2.5,False,False,True,False,False,3390.0000000000027
BMW,0,2.0,Petrol,yes,520,9,0.0,10.615333810528558,1,2.0,False,False,True,False,False,40755.0
Volkswagen,430,1.8,Petrol,yes,Passat B3,34,12.65,8.101677747454572,0,0.0,False,False,False,True,False,3300.0
Volkswagen,80,3.0,Diesel,yes,Touareg,11,7.27,10.809727948556782,0,0.0,False,False,False,False,False,49500.00000000002
Renault,100,1.5,Diesel,yes,Megane,15,6.67,9.071078304642676,0,0.0,True,False,False,False,False,8700.000000000004
BMW,98,2.0,Petrol,yes,320,14,7.0,9.78131991856192,1,2.0,False,False,True,False,False,17699.999999999985
BMW,69,2.0,Petrol,yes,320,17,4.06,9.792555991828849,1,2.0,False,False,True,False,False,17900.00000000004
Mercedes-Benz,269,2.2,Petrol,yes,E-Class,31,8.68,8.612503371220562,1,2.2,False,False,True,False,False,5499.999999999999
Mercedes-Benz,221,1.8,Gas,yes,E-Class,21,10.52,8.732304571033183,1,1.8,False,False,True,False,False,6199.999999999998
Mercedes-Benz,257,2.2,Diesel,no,C-Class,23,11.17,8.160518247477505,1,2.2,False,False,False,False,True,3499.9999999999995
BMW,180,2.0,Diesel,no,118,14,12.86,8.99961934066053,1,2.0,False,False,False,True,False,8099.999999999999
Toyota,254,2.0,Diesel,no,Avensis,25,10.16,7.823645930834952,0,0.0,False,False,False,True,False,2498.9999999999995
Audi,10,2.8,Petrol,yes,100,34,0.29,8.055157731819678,1,2.8,False,False,True,False,False,3149.9999999999977
Audi,380,2.8,Petrol,yes,A6,28,13.57,8.294049640102028,1,2.8,False,False,True,False,False,3999.9999999999995
Audi,234,2.5,Diesel,no,A6,24,9.75,8.294049640102028,1,2.5,False,False,False,True,False,3999.9999999999995
BMW,300,2.5,Diesel,no,525,28,10.71,7.625595072132453,1,2.5,False,False,False,True,False,2049.9999999999973
Mercedes-Benz,178,1.7,Diesel,no,A 170,26,6.85,7.863266724009573,1,1.7,True,False,False,False,False,2599.9999999999977
Mercedes-Benz,222,5.5,Petrol,yes,S 550,20,11.1,10.106428396532818,1,5.5,False,False,True,False,False,24500.0
BMW,116,2.5,Diesel,yes,525,21,5.52,9.588776807696428,1,2.5,False,False,True,False,False,14600.000000000005
Mercedes-Benz,180,3.0,Diesel,yes,Vito,17,10.59,9.735068900911164,1,3.0,False,False,False,False,True,16899.999999999993
Volkswagen,173,2.5,Diesel,yes,Touareg,20,8.65,9.581903928408666,0,0.0,False,False,False,False,False,14500.000000000004
Volkswagen,0,2.0,Diesel,yes,Passat B8,9,0.0,10.554900864611763,0,0.0,False,False,True,False,False,38364.99999999992
Renault,200,1.4,Petrol,yes,Clio,18,11.11,8.517193191416238,0,0.0,False,False,True,False,False,5000.000000000004
Toyota,97,4.0,Petrol,yes,4Runner,15,6.47,10.645424897265505,0,0.0,False,False,False,False,False,41999.99999999998
BMW,67,3.0,Petrol,yes,535,14,4.79,10.477287975463508,1,3.0,False,False,True,False,False,35500.00000000002
BMW,190,2.0,Petrol,no,520,25,7.6,8.006367567650246,1,2.0,False,False,True,False,False,2999.9999999999977
BMW,69,3.0,Petrol,no,X6,12,5.75,10.025705185260378,1,3.0,False,False,False,False,False,22600.00000000002
Volkswagen,142,2.0,Petrol,yes,Eos,18,7.89,9.464982590349765,0,0.0,False,True,False,False,False,12900.000000000015
Mercedes-Benz,240,2.2,Diesel,yes,Vito,20,12.0,8.935903526274423,1,2.2,False,False,False,False,True,7600.000000000003
Toyota,47,5.7,Gas,yes,Sequoia,16,2.94,10.537415373436104,0,0.0,False,False,False,False,False,37700.00000000009
Toyota,168,2.0,Petrol,yes,Avensis,21,8.0,9.02401079378469,0,0.0,False,False,True,False,False,8300.000000000007
BMW,1,2.0,Diesel,yes,X5,9,0.11,11.089805421623344,1,2.0,False,False,False,False,False,65500.00000000007
Audi,71,2.8,Petrol,yes,A6,13,5.46,10.448714603019452,1,2.8,False,False,True,False,False,34500.00000000003
Toyota,185,3.0,Gas,yes,Camry,21,8.81,8.922658299524402,0,0.0,False,False,True,False,False,7500.000000000001
Volkswagen,123,1.4,Gas,yes,Touran,12,10.25,9.539644119118783,0,0.0,False,False,False,True,False,13900.000000000002
Renault,194,1.9,Diesel,yes,Kangoo,25,7.76,8.294049640102028,0,0.0,False,False,False,False,True,3999.9999999999995
Audi,250,2.5,Diesel,no,A6,24,10.42,7.7406644019172415,1,2.5,False,False,False,True,False,2300.000000000001
Renault,140,1.4,Petrol,yes,Kangoo,16,8.75,8.639410824140487,0,0.0,False,False,False,False,True,5650.000000000004
Volkswagen,200,1.9,Diesel,yes,T5 (Transporter),18,11.11,9.375854810453756,0,0.0,False,True,False,False,False,11799.999999999998
Audi,1,1.4,Petrol,yes,A5,9,0.11,10.691944912900398,1,1.4,True,False,False,False,False,44000.0
Audi,105,4.2,Gas,yes,Q7,18,5.83,10.060491301345794,1,4.2,False,False,False,False,False,23400.00000000002
BMW,360,2.5,Diesel,no,525,29,12.41,7.888334500738654,1,2.5,False,False,True,False,False,2665.999999999999
BMW,60,2.0,Petrol,yes,X1,12,5.0,10.081633737919605,1,2.0,False,False,False,False,False,23900.000000000062
Toyota,25,2.5,Petrol,yes,Camry,11,2.27,9.546812608597396,0,0.0,False,False,True,False,False,14000.0
BMW,1,2.0,Petrol,yes,X5,9,0.11,11.156236235215168,1,2.0,False,False,False,False,False,69998.99999999997
Mercedes-Benz,0,2.2,Diesel,yes,GLC-Class,9,0.0,10.985275773591676,1,2.2,False,False,False,False,False,58999.00000000001
Audi,71,3.6,Petrol,yes,Q7,18,3.94,10.021270588192513,1,3.6,False,True,False,False,False,22500.00000000003
Toyota,108,1.6,Petrol,yes,Corolla,17,6.35,9.239899174217728,0,0.0,False,False,True,False,False,10300.000000000005
Renault,200,1.5,Diesel,yes,Grand Scenic,16,12.5,9.137769679141348,0,0.0,False,False,False,False,True,9300.000000000007
Audi,126,3.0,Diesel,yes,Q7,15,8.4,10.54006438160768,1,3.0,False,True,False,False,False,37800.00000000003
Toyota,144,1.3,Petrol,yes,Corolla,13,11.08,9.249561085129464,0,0.0,False,False,True,False,False,10400.000000000002
Renault,160,1.5,Diesel,yes,Kangoo,13,12.31,8.809862805379057,0,0.0,False,False,False,False,True,6699.9999999999945
Renault,156,1.5,Diesel,yes,Kangoo,13,12.0,8.909235279192261,0,0.0,False,False,False,False,True,7400.0
Renault,157,1.5,Diesel,yes,Grand Scenic,13,12.08,9.323669057283183,0,0.0,False,False,False,False,True,11199.99999999997
Toyota,97,4.0,Petrol,yes,Land Cruiser Prado,16,6.06,10.16199824768763,0,0.0,False,False,False,False,False,25900.0
Mercedes-Benz,381,2.2,Diesel,yes,Vito,19,20.05,9.35010231435134,1,2.2,False,False,False,False,True,11499.999999999976
Renault,230,1.5,Diesel,yes,Megane,13,17.69,9.35010231435134,0,0.0,False,False,False,True,False,11499.999999999976
Toyota,218,2.2,Petrol,yes,Camry,31,7.03,7.863266724009573,0,0.0,False,False,True,False,False,2599.9999999999977
Mercedes-Benz,40,4.6,Petrol,yes,ML 500,12,3.33,10.915088464214609,1,4.6,False,False,False,False,False,55000.00000000005
Renault,274,1.5,Diesel,yes,Scenic,19,14.42,8.8023721336499,0,0.0,True,False,False,False,False,6650.000000000002
Mercedes-Benz,215,2.2,Diesel,yes,Vito,14,15.36,9.38429367909962,1,2.2,False,False,False,False,True,11899.999999999998
Renault,100,1.5,Diesel,yes,Kangoo,13,7.69,9.0595174822416,0,0.0,False,False,False,False,True,8600.0
Mercedes-Benz,310,2.2,Diesel,yes,Vito,24,12.92,8.809862805379057,1,2.2,False,False,False,False,True,6699.9999999999945
Volkswagen,178,3.0,Diesel,yes,Touareg,17,10.47,9.975808214115752,0,0.0,False,False,False,False,False,21499.999999999945
Toyota,120,2.7,Gas,yes,Land Cruiser Prado,19,6.32,9.785660765922684,0,0.0,False,True,False,False,False,17776.999999999967
BMW,170,2.0,Diesel,yes,520,14,12.14,10.275051108968611,1,2.0,False,False,True,False,False,29000.00000000001
Volkswagen,125,1.6,Petrol,yes,Golf Plus,20,6.25,8.895629627136483,0,0.0,False,False,True,False,False,7300.000000000002
BMW,64,2.0,Diesel,yes,X5,10,6.4,10.968198289528557,1,2.0,False,False,False,False,False,58000.00000000002
Toyota,1,2.8,Diesel,yes,Hilux,9,0.11,10.691922185369403,0,0.0,False,True,False,False,False,43999.00000000003
Volkswagen,143,2.0,Diesel,yes,T5 (Transporter) ,13,11.0,9.708080756193516,0,0.0,False,False,False,False,True,16449.99999999996
Toyota,118,2.7,Petrol,yes,Land Cruiser Prado,14,8.43,10.19988156558993,0,0.0,False,False,False,False,False,26899.999999999985
BMW,262,4.0,Diesel,yes,740,22,11.91,9.539644119118783,1,4.0,False,False,True,False,False,13900.000000000002
Mercedes-Benz,250,2.7,Diesel,no,E-Class,22,11.36,8.612503371220562,1,2.7,False,False,True,False,False,5499.999999999999
Volkswagen,223,1.9,Diesel,yes,Caddy,28,7.96,8.116715624819111,0,0.0,False,True,False,False,False,3349.9999999999973
Volkswagen,98,1.6,Gas,yes,Golf V,15,6.53,9.190137664658664,0,0.0,True,False,False,False,False,9800.000000000007
Mercedes-Benz,232,3.0,Diesel,yes,Vito,18,12.89,9.53957217408476,1,3.0,True,False,False,False,False,13899.000000000035
Mercedes-Benz,195,3.0,Diesel,yes,E-Class,18,10.83,9.629050706834368,1,3.0,False,False,True,False,False,15200.000000000007
Toyota,87,1.6,Petrol,yes,Corolla,17,5.12,9.093806555720231,0,0.0,False,False,True,False,False,8900.000000000002
Mitsubishi,111,2.4,Petrol,yes,Outlander XL,14,7.93,9.786953736280177,0,0.0,False,False,False,False,False,17800.000000000007
Audi,270,2.5,Diesel,no,A6,24,11.25,7.882314918980268,1,2.5,False,False,False,True,False,2650.0
Mitsubishi,102,2.0,Gas,yes,Lancer X,17,6.0,9.230142999272362,0,0.0,False,False,True,False,False,10199.99999999999
Toyota,150,2.4,Petrol,yes,Camry,18,8.33,9.433483923290392,0,0.0,False,False,True,False,False,12500.0
Audi,200,1.6,Petrol,no,A3,26,7.69,7.824046010856292,1,1.6,True,False,False,False,False,2499.9999999999995
Toyota,219,2.7,Petrol,yes,Land Cruiser Prado,19,11.53,9.692766521220475,0,0.0,False,False,False,False,False,16200.0
BMW,127,2.5,Petrol,yes,523,15,8.47,10.23995978915734,1,2.5,False,False,True,False,False,27999.999999999953
Mercedes-Benz,240,2.2,Diesel,no,E-Class,21,11.43,8.517193191416238,1,2.2,False,False,True,False,False,5000.000000000004
Toyota,154,1.6,Gas,yes,Corolla,17,9.06,9.093806555720231,0,0.0,False,False,True,False,False,8900.000000000002
BMW,182,3.0,Petrol,yes,X6,17,10.71,10.305613759378778,1,3.0,False,False,False,False,False,29900.0
Mercedes-Benz,199,2.2,Diesel,yes,Vito,13,15.31,9.468851067127684,1,2.2,False,True,False,False,False,12950.0
Volkswagen,152,2.0,Diesel,yes,Sharan,13,11.69,9.903437551286084,0,0.0,False,False,False,False,True,19998.999999999945
Audi,131,1.8,Petrol,yes,A4,20,6.55,9.210340371976184,1,1.8,False,False,True,False,False,10000.00000000001
BMW,93,2.0,Diesel,yes,525,13,7.15,10.584055950889214,1,2.0,False,False,False,True,False,39500.00000000002
Volkswagen,123,1.4,Petrol,yes,Polo,17,7.24,8.974618038455112,0,0.0,False,True,False,False,False,7899.999999999996
Mercedes-Benz,216,5.0,Petrol,yes,E-Class,18,12.0,9.674074388208323,1,5.0,False,False,True,False,False,15900.000000000007
Mitsubishi,155,1.6,Gas,yes,Lancer,18,8.61,8.809862805379057,0,0.0,False,False,True,False,False,6699.9999999999945
Renault,189,2.0,Diesel,yes,Trafic,15,12.6,9.159047077588632,0,0.0,False,False,False,False,True,9499.999999999995
Audi,374,2.5,Diesel,no,A8,24,15.58,8.1886891244442,1,2.5,False,False,True,False,False,3599.999999999998
Renault,220,2.0,Diesel,yes,Trafic,18,12.22,9.121509158269568,0,0.0,False,False,False,False,True,9150.000000000007
Mercedes-Benz,185,2.2,Diesel,yes,Vito,14,13.21,9.464982590349765,1,2.2,False,False,False,False,True,12900.000000000015
Renault,175,1.5,Diesel,yes,Megane,14,12.5,9.35010231435134,0,0.0,False,False,False,True,False,11499.999999999976
Toyota,1,2.8,Diesel,yes,Hilux,9,0.11,10.584055950889214,0,0.0,False,True,False,False,False,39500.00000000002
Renault,310,1.4,Petrol,yes,Symbol,22,14.09,8.34283980427146,0,0.0,False,False,True,False,False,4200.0
BMW,26,3.0,Diesel,no,530,24,1.08,8.318742252692399,1,3.0,False,False,True,False,False,4099.999999999999
Volkswagen,248,1.9,Diesel,yes,T5 (Transporter) ,18,13.78,9.126958763037132,0,0.0,False,False,False,False,True,9200.000000000005
Audi,250,2.5,Diesel,yes,A6 Allroad,20,12.5,9.341368634382588,1,2.5,False,False,False,False,False,11400.000000000018
Volkswagen,3,1.6,Diesel,yes,Jetta,9,0.33,10.085809109330082,0,0.0,False,False,True,False,False,23999.999999999985
Renault,1,1.4,Gas,yes,11,37,0.03,7.495541943884256,0,0.0,True,False,False,False,False,1800.0000000000005
Mercedes-Benz,210,2.0,Petrol,yes,200,30,7.0,8.242493153187626,1,2.0,False,False,True,False,False,3799.000000000001
Mercedes-Benz,0,3.0,Diesel,yes,GLS 350,9,0.0,11.608235644774552,1,3.0,False,False,False,False,False,109999.99999999991
BMW,213,3.0,Diesel,yes,530,18,11.83,9.74090979777877,1,3.0,False,False,False,True,False,16998.999999999996
Audi,340,2.6,Gas,yes,A6,28,12.14,8.809862805379057,1,2.6,False,False,True,False,False,6699.9999999999945
Toyota,50,2.0,Petrol,yes,Carina,34,1.47,7.696212639346407,0,0.0,True,False,False,False,False,2199.9999999999995
Toyota,238,1.8,Petrol,yes,Carina,29,8.21,8.411832675758411,0,0.0,False,False,True,False,False,4500.000000000001
BMW,225,3.0,Diesel,yes,530,22,10.23,9.305559638557115,1,3.0,False,False,True,False,False,10998.999999999985
BMW,380,2.0,Petrol,yes,320,34,11.18,8.294049640102028,1,2.0,False,False,True,False,False,3999.9999999999995
Volkswagen,250,1.6,Petrol,yes,Golf IV,22,11.36,8.594154232552366,0,0.0,False,False,False,True,False,5400.000000000003
Mercedes-Benz,300,2.0,Gas,no,E-Class,27,11.11,7.438383530044307,1,2.0,False,False,True,False,False,1699.9999999999993
Audi,320,2.8,Petrol,yes,100,33,9.7,8.294049640102028,1,2.8,False,False,True,False,False,3999.9999999999995
Mercedes-Benz,127,5.5,Petrol,yes,G 55 AMG,17,7.47,10.915088464214609,1,5.5,False,False,False,False,False,55000.00000000005
BMW,44,2.5,Diesel,no,525,28,1.57,7.824046010856292,1,2.5,False,False,True,False,False,2499.9999999999995
Mitsubishi,149,3.0,Gas,yes,Pajero Wagon,17,8.76,9.680281499268713,0,0.0,False,False,False,False,False,15999.00000000001
Mercedes-Benz,125,2.3,Petrol,yes,C-Class,24,5.21,8.961879012677683,1,2.3,True,False,False,False,False,7799.999999999996
Volkswagen,0,1.6,Petrol,yes,Polo,9,0.0,9.402145979314374,0,0.0,False,False,True,False,False,12114.349999999997
Volkswagen,118,1.6,Diesel,yes,Golf VI,14,8.43,9.433483923290392,0,0.0,False,False,True,False,False,12500.0
Renault,160,1.5,Diesel,yes,Grand Scenic,15,10.67,9.35010231435134,0,0.0,False,False,False,False,True,11499.999999999976
Volkswagen,240,2.5,Diesel,yes,LT,20,12.0,9.305559638557115,0,0.0,False,True,False,False,False,10998.999999999985
Mercedes-Benz,234,2.2,Diesel,yes,Sprinter 315,17,13.76,9.635608107380529,1,2.2,False,True,False,False,False,15300.000000000031
Mercedes-Benz,300,2.2,Diesel,yes,E-Class,22,13.64,9.417354541360508,1,2.2,False,False,True,False,False,12299.999999999989
Volkswagen,248,2.5,Diesel,yes,T5 (Transporter),18,13.78,9.425451751593128,0,0.0,False,True,False,False,False,12399.999999999996
Mercedes-Benz,30,3.5,Diesel,yes,ML 350,12,2.5,10.835651633566574,1,3.5,False,False,False,False,False,50800.00000000003
Renault,119,1.5,Diesel,yes,Kangoo,13,9.15,8.824677891164198,0,0.0,False,False,False,False,True,6799.999999999999
BMW,282,2.0,Petrol,yes,520,30,9.4,8.76389700713946,1,2.0,False,False,True,False,False,6399.000000000003
Audi,196,2.8,Petrol,no,A8,28,7.0,8.174702882469461,1,2.8,False,False,True,False,False,3549.999999999998
BMW,115,3.0,Diesel,yes,5 Series GT,15,7.67,10.367221568768269,1,3.0,False,False,True,False,False,31800.00000000002
Volkswagen,247,1.4,Petrol,no,Golf IV,26,9.5,7.438383530044307,0,0.0,True,False,False,False,False,1699.9999999999993
Mercedes-Benz,171,3.2,Gas,yes,E-Class,19,9.0,9.60911649193355,1,3.2,False,False,True,False,False,14899.999999999995
Mercedes-Benz,295,3.0,Diesel,yes,E-Class,31,9.52,8.536995818712418,1,3.0,False,False,True,False,False,5100.000000000005
Renault,125,1.1,Diesel,yes,Laguna,13,9.62,9.457200449907708,0,0.0,True,False,False,False,False,12799.99999999999
BMW,284,2.0,Petrol,yes,520,27,10.52,8.639410824140487,1,2.0,False,False,True,False,False,5650.000000000004
Audi,250,1.8,Other,yes,A4,29,8.62,8.556413904569519,1,1.8,False,False,True,False,False,5200.000000000001
Renault,190,2.0,Diesel,yes,Trafic,13,14.62,9.22029070282935,0,0.0,False,False,False,True,False,10099.999999999998
Mercedes-Benz,220,3.0,Diesel,yes,E-Class,20,11.0,9.598998361767968,1,3.0,False,False,True,False,False,14750.000000000036
Volkswagen,230,2.0,Gas,yes,Passat B4,29,7.93,8.411832675758411,0,0.0,False,False,True,False,False,4500.000000000001
Audi,186,4.2,Petrol,yes,Q7,19,9.79,9.87816974455184,1,4.2,False,False,False,False,False,19500.000000000044
BMW,250,3.0,Petrol,no,X5,22,11.36,8.594154232552366,1,3.0,False,False,False,False,False,5400.000000000003
Mercedes-Benz,255,2.7,Diesel,yes,E-Class,22,11.59,9.464982590349765,1,2.7,False,False,True,False,False,12900.000000000015
Mitsubishi,138,3.0,Gas,yes,Pajero Wagon,17,8.12,9.674074388208323,0,0.0,False,False,False,False,False,15900.000000000007
Renault,179,1.5,Diesel,yes,Megane,13,13.77,9.375854810453756,0,0.0,False,True,False,False,False,11799.999999999998
BMW,45,2.0,Petrol,yes,320,12,3.75,10.448714603019452,1,2.0,False,False,True,False,False,34500.00000000003
Renault,228,2.5,Diesel,yes,Trafic,20,11.4,8.732304571033183,0,0.0,False,False,False,False,True,6199.999999999998
Mercedes-Benz,107,2.2,Diesel,yes,Vito,15,7.13,9.711115659888671,1,2.2,False,True,False,False,False,16499.999999999985
Toyota,12,2.5,Petrol,yes,Camry,11,1.09,10.021270588192513,0,0.0,False,False,True,False,False,22500.00000000003
Audi,202,3.7,Gas,yes,A8,27,7.48,9.071078304642676,1,3.7,False,False,True,False,False,8700.000000000004
Audi,105,2.0,Diesel,yes,A6,11,9.55,10.48849257447637,1,2.0,False,False,True,False,False,35899.99999999997
Mercedes-Benz,242,2.2,Diesel,yes,Vito,26,9.31,8.824677891164198,1,2.2,False,False,False,False,True,6799.999999999999
Mitsubishi,135,3.0,Gas,yes,Pajero Wagon,16,8.44,9.825526011066415,0,0.0,False,False,False,False,False,18499.999999999985
BMW,140,2.0,Petrol,yes,318,20,7.0,9.417354541360508,1,2.0,False,False,True,False,False,12299.999999999989
Toyota,89,1.8,Petrol,yes,Avensis,13,6.85,9.84161214881804,0,0.0,False,False,False,True,False,18799.999999999993
Mercedes-Benz,284,4.0,Diesel,yes,ML 400,21,13.52,9.367344120785848,1,4.0,False,False,False,False,False,11700.000000000007
Audi,183,3.6,Petrol,no,Q7,18,10.17,9.60911649193355,1,3.6,False,False,False,False,False,14899.999999999995
Volkswagen,144,1.6,Petrol,yes,Polo,12,12.0,9.093806555720231,0,0.0,False,False,True,False,False,8900.000000000002
Volkswagen,223,2.5,Diesel,yes,T5 (Transporter),18,12.39,9.104979856318357,0,0.0,False,False,True,False,False,9000.000000000004
BMW,300,2.8,Petrol,yes,528,26,11.54,8.88875674784872,1,2.8,False,False,True,False,False,7250.000000000001
Mercedes-Benz,254,5.0,Gas,yes,G 500,21,12.1,10.48849257447637,1,5.0,False,False,False,False,False,35899.99999999997
Toyota,110,3.5,Petrol,yes,Camry,17,6.47,9.60911649193355,0,0.0,False,False,True,False,False,14899.999999999995
Volkswagen,170,1.6,Diesel,yes,Touran,13,13.08,9.60911649193355,0,0.0,False,False,False,False,True,14899.999999999995
Mercedes-Benz,127,5.0,Petrol,yes,G 500,17,7.47,10.747207591575448,1,5.0,False,False,False,False,False,46500.0
Mercedes-Benz,206,2.2,Diesel,yes,Vito,21,9.81,8.974618038455112,1,2.2,False,True,False,False,False,7899.999999999996
Toyota,102,4.0,Petrol,yes,Land Cruiser Prado,14,7.29,10.49124643927466,0,0.0,False,False,False,False,False,35999.0
Volkswagen,240,1.9,Diesel,yes,Caddy,20,12.0,8.895629627136483,0,0.0,False,False,False,False,True,7300.000000000002
BMW,219,3.6,Petrol,yes,735,23,9.52,9.441452092939569,1,3.6,False,False,True,False,False,12599.999999999995
BMW,225,2.2,Gas,yes,320,23,9.78,9.104979856318357,1,2.2,False,False,True,False,False,9000.000000000004
BMW,115,3.0,Diesel,yes,X5,14,8.21,10.524064040261235,1,3.0,False,True,False,False,False,37199.999999999905
Audi,0,2.0,Petrol,yes,A6,9,0.0,11.054059580134949,1,2.0,False,False,True,False,False,63199.999999999985
Mercedes-Benz,410,2.2,Diesel,yes,E-Class,27,15.19,8.318742252692399,1,2.2,False,False,True,False,False,4099.999999999999
Mercedes-Benz,215,3.2,Petrol,yes,E-Class,22,9.77,9.375854810453756,1,3.2,False,False,True,False,False,11799.999999999998
Audi,300,2.5,Diesel,no,A6,24,12.5,8.294049640102028,1,2.5,False,False,False,True,False,3999.9999999999995
Volkswagen,149,1.6,Diesel,yes,Caddy,12,12.42,9.20029003612268,0,0.0,False,False,False,False,True,9899.999999999995
BMW,271,3.0,Diesel,yes,530,24,11.29,9.21024036697585,1,3.0,False,False,True,False,False,9999.0
Volkswagen,118,2.0,Petrol,yes,Passat B6,18,6.56,9.35010231435134,0,0.0,False,False,True,False,False,11499.999999999976
BMW,280,3.0,Diesel,no,730,26,10.77,8.48673398393153,1,3.0,False,False,True,False,False,4850.000000000002
Mitsubishi,130,1.3,Petrol,yes,Colt,20,6.5,8.674196940225903,0,0.0,True,False,False,False,False,5850.000000000003
BMW,138,3.0,Petrol,yes,X6,16,8.62,10.373491181781864,1,3.0,False,False,False,False,False,32000.000000000007
Toyota,68,4.5,Diesel,yes,Land Cruiser 200,13,5.23,11.034728360695963,0,0.0,False,False,False,False,False,61989.99999999988
Toyota,172,1.8,Gas,yes,Avensis,20,8.6,9.092457331319466,0,0.0,False,False,True,False,False,8887.999999999998
Mitsubishi,110,2.4,Gas,yes,Outlander XL,17,6.47,9.449357272446685,0,0.0,False,False,False,False,False,12700.000000000027
Toyota,16,2.5,Petrol,yes,Camry,10,1.6,10.257659366256744,0,0.0,False,False,True,False,False,28500.00000000007
BMW,142,3.0,Other,yes,X6,14,10.14,10.774299631131251,1,3.0,False,False,False,False,False,47776.99999999993
BMW,150,2.0,Diesel,yes,520,17,8.82,9.723163998404846,1,2.0,False,False,True,False,False,16699.999999999996
Toyota,134,2.4,Gas,yes,Camry,18,7.44,9.464982590349765,0,0.0,False,False,True,False,False,12900.000000000015
Volkswagen,300,2.5,Diesel,yes,T5 (Transporter),18,16.67,9.20029003612268,0,0.0,False,False,False,False,True,9899.999999999995
Toyota,70,3.0,Diesel,yes,Land Cruiser Prado,10,7.0,10.849337086651827,0,0.0,False,False,False,False,False,51499.999999999985
Volkswagen,180,2.0,Diesel,yes,Caddy,20,9.0,8.732304571033183,0,0.0,False,False,False,False,True,6199.999999999998
Audi,178,2.0,Diesel,yes,A6,17,10.47,9.49799744411546,1,2.0,False,True,False,False,False,13333.00000000003
Volkswagen,214,2.0,Other,yes,Caddy,18,11.89,8.958925938694943,0,0.0,False,True,False,False,False,7776.999999999997
Volkswagen,107,1.8,Petrol,yes,Passat CC,13,8.23,9.933046354777671,0,0.0,False,False,True,False,False,20599.999999999975
Volkswagen,188,1.9,Diesel,yes,T5 (Transporter),19,9.89,9.159047077588632,0,0.0,False,False,False,False,True,9499.999999999995
Mercedes-Benz,220,3.0,Diesel,yes,Vito,13,16.92,9.769956159911606,1,3.0,False,False,False,False,True,17500.000000000015
Volkswagen,178,1.9,Diesel,yes,Jetta,16,11.12,9.104979856318357,0,0.0,False,False,True,False,False,9000.000000000004
Volkswagen,246,2.5,Diesel,yes,T5 (Transporter),19,12.95,9.259130536145614,0,0.0,False,False,False,False,True,10499.999999999993
Mercedes-Benz,363,3.2,Gas,yes,E-Class,21,17.29,9.332558004700433,1,3.2,False,False,True,False,False,11300.000000000007
Renault,12,1.2,Petrol,yes,Sandero,12,1.0,9.126958763037132,0,0.0,True,False,False,False,False,9200.000000000005
BMW,114,2.0,Gas,yes,520,17,6.71,9.825526011066415,1,2.0,False,False,True,False,False,18499.999999999985
Volkswagen,0,2.0,Diesel,yes,Golf VII,10,0.0,10.265131381095443,0,0.0,True,False,False,False,False,28713.750000000015
BMW,130,3.0,Diesel,yes,X5,15,8.67,10.357742824813725,1,3.0,False,False,False,False,False,31500.000000000015
Toyota,139,3.5,Petrol,yes,Camry,17,8.18,9.392578591964387,0,0.0,False,False,True,False,False,11998.99999999998
BMW,0,2.0,Diesel,yes,X5,9,0.0,11.118860131812935,1,2.0,False,False,False,False,False,67430.9999999999
Volkswagen,220,2.0,Petrol,yes,Golf III,31,7.1,8.160518247477505,0,0.0,True,False,False,False,False,3499.9999999999995
Renault,94,2.0,Diesel,yes,Trafic,13,7.23,9.137769679141348,0,0.0,False,False,False,False,True,9300.000000000007
BMW,1,2.0,Diesel,yes,X5,9,0.11,11.03488966402723,1,2.0,False,False,False,False,False,62000.000000000044
BMW,47,3.0,Diesel,yes,X6,11,4.27,10.950806546816688,1,3.0,False,False,False,False,False,57000.000000000044
Volkswagen,229,1.9,Diesel,yes,T4 (Transporter),24,9.54,8.974618038455112,0,0.0,False,False,False,False,True,7899.999999999996
BMW,300,2.0,Petrol,yes,520,30,10.0,8.389359819906353,1,2.0,False,False,True,False,False,4400.000000000004
BMW,1,2.0,Diesel,yes,X5,9,0.11,11.049301442688533,1,2.0,False,False,False,False,False,62900.00000000005
Mercedes-Benz,124,1.8,Petrol,yes,E-Class,13,9.54,10.081633737919605,1,1.8,False,False,True,False,False,23900.000000000062
Audi,114,3.2,Petrol,yes,A5,16,7.12,9.994241915804592,1,3.2,False,True,False,False,False,21899.999999999993
BMW,144,3.0,Petrol,yes,530,21,6.86,9.632334782035558,1,3.0,False,True,False,False,False,15250.00000000001
Mercedes-Benz,280,1.8,Petrol,yes,C-Class,32,8.75,8.366370301681654,1,1.8,False,False,True,False,False,4300.0
Mercedes-Benz,217,2.2,Diesel,yes,Vito,13,16.69,9.588776807696428,1,2.2,False,False,False,False,True,14600.000000000005
Toyota,184,2.7,Gas,yes,Land Cruiser Prado,20,9.2,9.615805480084347,0,0.0,False,False,False,False,False,15000.000000000004
Mercedes-Benz,212,2.2,Diesel,yes,Vito,25,8.48,8.575462099540212,1,2.2,False,False,False,False,True,5299.999999999996
Mercedes-Benz,190,2.6,Petrol,yes,210,24,7.92,8.85366542803745,1,2.6,False,False,True,False,False,6999.999999999999
BMW,80,3.0,Petrol,yes,330,23,3.48,9.539644119118783,1,3.0,False,True,False,False,False,13900.000000000002
Toyota,120,4.0,Gas,yes,Land Cruiser Prado,17,7.06,10.275051108968611,0,0.0,False,False,False,False,False,29000.00000000001
Volkswagen,25,2.0,Diesel,yes,Jetta,10,2.5,9.947504437952905,0,0.0,False,False,True,False,False,20900.000000000044
Toyota,152,4.0,Gas,yes,Land Cruiser Prado,17,8.94,10.043206015705213,0,0.0,False,False,False,False,False,22999.00000000006
Audi,30,5.2,Petrol,yes,R8,15,2.0,11.461632170582678,1,5.2,False,True,False,False,False,95000.00000000006
Volkswagen,88,1.6,Petrol,yes,Polo,11,8.0,9.169414205363536,0,0.0,False,False,True,False,False,9598.999999999987
Volkswagen,299,2.5,Diesel,yes,Syncro,23,13.0,9.259130536145614,0,0.0,False,False,False,False,True,10499.999999999993
Mercedes-Benz,204,3.5,Petrol,yes,S 350,17,12.0,10.085767441795335,1,3.5,False,False,True,False,False,23998.99999999997
Renault,149,1.5,Diesel,yes,Kangoo,12,12.42,9.230142999272362,0,0.0,False,False,False,False,True,10199.99999999999
Toyota,142,1.8,Petrol,yes,Avensis,17,8.35,9.20532783015264,0,0.0,False,False,True,False,False,9950.00000000002
Toyota,69,3.5,Petrol,yes,Highlander,17,4.06,9.998752276761907,0,0.0,False,False,False,False,False,21998.999999999956
Mercedes-Benz,180,3.5,Petrol,yes,ML 350,17,10.59,9.825526011066415,1,3.5,False,False,False,False,False,18499.999999999985
Mercedes-Benz,54,5.5,Petrol,yes,GL 500,14,3.86,10.60905725309463,1,5.5,False,False,False,False,False,40499.99999999996
Volkswagen,390,1.8,Petrol,yes,Passat B3,35,11.14,8.039157390473237,0,0.0,False,False,True,False,False,3099.9999999999986
BMW,175,3.0,Gas,no,X5,20,8.75,8.99961934066053,1,3.0,False,False,False,False,False,8099.999999999999
Audi,302,2.5,Diesel,yes,A6,25,12.08,8.99961934066053,1,2.5,False,False,False,True,False,8099.999999999999
Volkswagen,288,1.8,Petrol,yes,Passat B3,35,8.23,7.863266724009573,0,0.0,False,False,False,True,False,2599.9999999999977
Renault,160,2.0,Petrol,yes,Megane,18,8.89,8.895492631451633,0,0.0,False,False,True,False,False,7299.000000000006
Volkswagen,107,1.6,Gas,yes,Polo,14,7.64,9.169518377455928,0,0.0,False,False,True,False,False,9600.000000000004
Renault,250,1.5,Diesel,yes,Megane,14,17.86,9.259130536145614,0,0.0,False,False,False,True,False,10499.999999999993
Mercedes-Benz,160,2.2,Diesel,yes,E-Class,11,14.55,10.196157166498947,1,2.2,False,False,False,True,False,26799.99999999998
Audi,107,3.0,Diesel,yes,A8,16,6.69,10.373459931293572,1,3.0,False,False,True,False,False,31999.00000000001
Volkswagen,176,2.5,Diesel,yes,T5 (Transporter),17,10.35,9.464982590349765,0,0.0,False,False,False,False,True,12900.000000000015
BMW,122,2.2,Petrol,yes,520,20,6.1,9.711115659888671,1,2.2,False,True,False,False,False,16499.999999999985
Mitsubishi,118,1.3,Petrol,yes,Colt,19,6.21,8.699514748210191,0,0.0,True,False,False,False,False,5999.999999999995
Toyota,140,1.4,Petrol,yes,Corolla,13,10.77,9.20532783015264,0,0.0,False,False,True,False,False,9950.00000000002
Volkswagen,199,1.8,Petrol,yes,Sharan,26,7.65,8.648221453822641,0,0.0,False,False,False,True,False,5699.999999999998
Audi,90,3.0,Diesel,yes,Q7,12,7.5,10.778956289890028,1,3.0,False,False,False,False,False,47999.99999999998
Mitsubishi,220,2.4,Gas,yes,Outlander,21,10.48,8.987196820661973,0,0.0,False,False,False,False,False,8000.0
Mitsubishi,48,1.6,Petrol,yes,Lancer X,13,3.69,9.433483923290392,0,0.0,False,True,False,False,False,12500.0
Mercedes-Benz,61,4.6,Petrol,yes,S 500,13,4.69,10.950806546816688,1,4.6,False,False,True,False,False,57000.000000000044
Mercedes-Benz,36,5.5,Petrol,yes,CLS 63 AMG,11,3.27,11.350406535472452,1,5.5,False,False,True,False,False,84999.99999999984
Renault,180,1.4,Petrol,yes,Symbol,22,8.18,8.34283980427146,0,0.0,False,False,True,False,False,4200.0
BMW,285,2.0,Diesel,yes,520,18,15.83,9.268609280100158,1,2.0,False,False,True,False,False,10599.999999999993
Audi,65,2.99,Diesel,yes,A6 Allroad,12,5.42,10.915088464214609,1,2.99,False,False,False,False,False,55000.00000000005
Mercedes-Benz,95,2.2,Diesel,yes,Vito,12,7.92,10.357742824813725,1,2.2,False,False,False,False,True,31500.000000000015
Audi,186,2.8,Petrol,yes,A6,25,7.44,9.137769679141348,1,2.8,False,False,True,False,False,9300.000000000007
Renault,300,1.5,Diesel,yes,Kangoo,22,13.64,8.366137716496281,0,0.0,False,False,False,True,False,4298.999999999998
Audi,82,4.2,Petrol,yes,R8,18,4.56,10.797532675462964,1,4.2,False,True,False,False,False,48900.00000000004
Toyota,131,2.4,Gas,yes,Camry,17,7.71,9.495519314209846,0,0.0,False,True,False,False,False,13300.000000000005
Audi,207,4.2,Petrol,yes,A8,21,9.86,9.495519314209846,1,4.2,False,False,True,False,False,13300.000000000005
BMW,82,3.0,Petrol,yes,640,13,6.31,10.81777628173961,1,3.0,False,True,False,False,False,49899.999999999985
BMW,276,3.0,Diesel,yes,530,21,13.14,9.525151111816216,1,3.0,False,False,True,False,False,13699.999999999996
Volkswagen,300,1.8,Gas,yes,Sharan,26,11.54,8.699348067653093,0,0.0,False,False,False,False,True,5998.999999999996
Toyota,38,1.6,Petrol,yes,Auris,17,2.24,9.071078304642676,0,0.0,True,False,False,False,False,8700.000000000004
Volkswagen,155,2.0,Diesel,yes,Tiguan,14,11.07,9.798127036878302,0,0.0,False,False,False,False,False,18000.000000000007
BMW,90,3.0,Diesel,yes,X5 M,12,7.5,10.924138299734526,1,3.0,False,False,False,False,False,55500.00000000002
BMW,1,2.0,Diesel,no,320,23,0.04,8.039157390473237,1,2.0,False,False,False,True,False,3099.9999999999986
Toyota,15,2.5,Petrol,yes,Camry,10,1.5,10.338511462885837,0,0.0,False,False,True,False,False,30900.0
Mercedes-Benz,200,5.5,Petrol,yes,S 550,17,11.76,10.06475570013225,1,5.5,False,False,True,False,False,23500.00000000001
Volkswagen,156,1.9,Diesel,yes,Golf Variant,16,9.75,9.126958763037132,0,0.0,False,True,False,False,False,9200.000000000005
Volkswagen,140,2.0,Petrol,yes,Jetta,19,7.37,9.472704636443671,0,0.0,False,False,True,False,False,12999.999999999967
Mercedes-Benz,120,5.5,Petrol,yes,G 55 AMG,17,7.06,10.915088464214609,1,5.5,False,False,False,False,False,55000.00000000005
Audi,74,2.0,Diesel,yes,A5,14,5.29,10.221941283654663,1,2.0,False,False,True,False,False,27500.000000000022
BMW,220,2.8,Petrol,yes,520,30,7.33,8.68270762989381,1,2.8,False,False,False,True,False,5899.999999999999
Mercedes-Benz,152,6.3,Petrol,yes,ML 63 AMG,18,8.44,10.221941283654663,1,6.3,False,False,False,False,False,27500.000000000022
Renault,285,1.9,Diesel,yes,Trafic,23,12.39,8.881836305004146,0,0.0,False,False,False,False,True,7199.999999999996
Renault,140,1.5,Diesel,yes,Kangoo,13,10.77,8.817297783866575,0,0.0,False,False,False,False,True,6749.999999999997
Mitsubishi,122,3.2,Diesel,yes,Pajero Wagon,16,7.62,9.95227771670556,0,0.0,False,False,False,False,False,20999.999999999985
Volkswagen,77,1.4,Petrol,yes,Jetta,13,5.92,9.674074388208323,0,0.0,False,False,True,False,False,15900.000000000007
Volkswagen,56,1.8,Petrol,no,Passat B7,10,5.6,9.210340371976184,0,0.0,False,False,True,False,False,10000.00000000001
Renault,1,1.5,Diesel,yes,Kangoo,18,0.06,8.411832675758411,0,0.0,False,True,False,False,False,4500.000000000001
Mercedes-Benz,139,3.5,Gas,yes,ML 350,16,8.69,10.275051108968611,1,3.5,False,False,False,False,False,29000.00000000001
Mercedes-Benz,80,2.3,Petrol,yes,C-Class,23,3.48,9.21024036697585,1,2.3,False,False,True,False,False,9999.0
BMW,152,3.0,Diesel,yes,X5,17,8.94,10.388995368317827,1,3.0,False,False,False,False,False,32499.99999999995
Mercedes-Benz,0,3.0,Diesel,yes,GL 350,9,0.0,11.626245221665943,1,3.0,False,False,False,False,False,111999.00000000003
Mercedes-Benz,253,5.0,Petrol,yes,G 500,22,11.5,10.292145542327912,1,5.0,False,False,False,False,False,29500.000000000025
Audi,280,2.5,Diesel,no,A6,26,10.77,7.955074273262696,1,2.5,False,False,False,True,False,2849.9999999999986
Mitsubishi,83,1.6,Other,yes,Lancer,18,4.61,8.881836305004146,0,0.0,False,False,True,False,False,7199.999999999996
Volkswagen,170,1.4,Petrol,yes,Golf IV,24,7.08,8.740336742730447,0,0.0,True,False,False,False,False,6249.999999999999
Volkswagen,74,2.0,Petrol,no,Jetta,14,5.29,8.779557455883728,0,0.0,False,False,True,False,False,6499.999999999995
Volkswagen,271,1.8,Petrol,yes,Passat B5,25,10.84,8.699514748210191,0,0.0,False,False,True,False,False,5999.999999999995
Mitsubishi,140,2.4,Gas,yes,Outlander,18,7.78,9.159047077588632,0,0.0,False,False,False,False,False,9499.999999999995
Mercedes-Benz,180,3.0,Diesel,yes,320,19,9.47,9.752664662801545,1,3.0,False,False,True,False,False,17200.000000000004
Volkswagen,23,1.4,Petrol,yes,Golf VI,12,1.92,9.809176873064889,0,0.0,True,False,False,False,False,18200.000000000036
Mercedes-Benz,235,2.9,Diesel,yes,E-Class,28,8.39,8.83927669058535,1,2.9,False,False,False,True,False,6899.999999999999
Toyota,105,1.5,Gas,yes,Scion,20,5.25,9.230142999272362,0,0.0,False,True,False,False,False,10199.99999999999
Toyota,0,1.33,Petrol,yes,Yaris,9,0.0,9.763885772334325,0,0.0,True,False,False,False,False,17394.09000000002
Audi,99,2.0,Other,yes,A5,15,6.6,10.021270588192513,1,2.0,False,False,True,False,False,22500.00000000003
Mercedes-Benz,40,1.8,Petrol,yes,C-Class,11,3.64,10.27332548300114,1,1.8,False,False,True,False,False,28949.99999999994
BMW,89,2.0,Diesel,no,520,13,6.85,9.64859530290734,1,2.0,False,False,True,False,False,15500.000000000036
Renault,164,1.5,Diesel,yes,Grand Scenic,12,13.67,9.517825071724143,0,0.0,False,False,False,True,False,13599.999999999998
Mitsubishi,380,1.8,Petrol,yes,Galant,32,11.88,8.086410275323782,0,0.0,False,False,True,False,False,3249.9999999999973
BMW,158,2.0,Diesel,yes,320,15,10.53,9.740968623038354,1,2.0,False,False,False,True,False,17000.00000000001
Renault,159,2.0,Diesel,yes,Trafic,15,10.6,9.421411342056125,0,0.0,False,False,False,False,True,12350.000000000018
Mercedes-Benz,163,5.5,Gas,yes,S 550,18,9.06,10.106428396532818,1,5.5,False,False,True,False,False,24500.0
BMW,218,2.0,Petrol,yes,320,19,11.47,9.375854810453756,1,2.0,False,False,True,False,False,11799.999999999998
Toyota,85,2.7,Gas,yes,Land Cruiser Prado,15,5.67,10.308952660644293,0,0.0,False,False,False,False,False,30000.000000000007
Audi,270,2.6,Petrol,yes,A6,30,9.0,8.48673398393153,1,2.6,False,False,True,False,False,4850.000000000002
Volkswagen,132,1.4,Petrol,yes,Golf VI,14,9.43,9.38429367909962,0,0.0,False,False,False,True,False,11899.999999999998
Renault,127,1.5,Diesel,yes,Kangoo,14,9.07,8.779557455883728,0,0.0,False,False,False,False,True,6499.999999999995
Mercedes-Benz,298,5.0,Petrol,yes,S 500,21,14.19,9.392661928770137,1,5.0,False,False,True,False,False,11999.999999999993
BMW,200,2.0,Diesel,no,320,23,8.7,8.366370301681654,1,2.0,False,False,True,False,False,4300.0
Renault,112,1.5,Diesel,yes,Kangoo,19,5.89,8.630521876723241,0,0.0,False,False,False,True,False,5600.000000000005
Mercedes-Benz,77,1.8,Petrol,yes,C-Class,14,5.5,10.106428396532818,1,1.8,False,True,False,False,False,24500.0
BMW,170,3.0,Diesel,yes,X5,17,10.0,10.19988156558993,1,3.0,False,False,False,False,False,26899.999999999985
Mercedes-Benz,180,2.2,Diesel,yes,Vito,14,12.86,9.35010231435134,1,2.2,False,False,False,False,True,11499.999999999976
Mitsubishi,247,2.4,Gas,yes,Grandis,17,14.53,9.179881164491476,0,0.0,False,False,False,False,True,9700.000000000022
Renault,180,1.5,Diesel,yes,Megane,13,13.85,9.296518068217235,0,0.0,False,False,False,True,False,10900.000000000002
Mercedes-Benz,77,3.5,Petrol,yes,ML 350,17,4.53,10.146433731146518,1,3.5,False,False,False,False,False,25500.0
Volkswagen,80,1.4,Petrol,yes,Jetta,12,6.67,9.64859530290734,0,0.0,False,False,True,False,False,15500.000000000036
Volkswagen,159,1.9,Diesel,yes,Caddy,16,9.94,9.185022563991891,0,0.0,False,False,False,False,True,9749.999999999985
BMW,194,3.0,Diesel,yes,X5,21,9.24,9.686574550972557,1,3.0,False,False,False,False,False,16100.000000000038
Volkswagen,171,1.6,Petrol,yes,Caddy,17,10.06,9.126958763037132,0,0.0,False,False,False,True,False,9200.000000000005
Volkswagen,240,2.0,Diesel,yes,Caddy,20,12.0,8.546751993657782,0,0.0,False,False,False,False,True,5150.000000000002
Toyota,0,4.5,Diesel,yes,Land Cruiser 200,9,0.0,11.512925464970229,0,0.0,False,False,False,False,False,100000.00000000001
Renault,126,2.0,Diesel,yes,Trafic,13,9.69,9.104868739033948,0,0.0,False,True,False,False,False,8999.0
Mercedes-Benz,125,1.8,Petrol,yes,C-Class,17,7.35,9.72913416539135,1,1.8,False,False,True,False,False,16800.000000000004
Mercedes-Benz,280,2.4,Gas,yes,E-Class,28,10.0,9.011889433252344,1,2.4,False,False,True,False,False,8199.999999999998
Mercedes-Benz,60,1.8,Petrol,yes,C-Class,12,5.0,10.124629101179664,1,1.8,False,True,False,False,False,24949.99999999999
Audi,0,3.0,Diesel,yes,Q7,9,0.0,11.302192087899355,1,3.0,False,False,False,False,False,80999.00000000001
Mercedes-Benz,207,2.2,Diesel,yes,Vito,22,9.41,8.895629627136483,1,2.2,False,False,False,False,True,7300.000000000002
BMW,105,3.0,Petrol,yes,335,17,6.18,9.9681041956221,1,3.0,False,True,False,False,False,21334.999999999996
BMW,80,3.0,Petrol,yes,X6,14,5.71,10.714417768752456,1,3.0,False,False,False,False,False,44999.999999999985
Renault,155,1.5,Diesel,yes,Kangoo,13,11.92,8.817297783866575,0,0.0,False,False,False,False,True,6749.999999999997
Renault,210,1.5,Diesel,yes,Kangoo,20,10.5,8.85366542803745,0,0.0,False,False,False,False,True,6999.999999999999
BMW,145,1.6,Petrol,yes,116,15,9.67,9.400133943608838,1,1.6,True,False,False,False,False,12089.99999999999
BMW,38,2.0,Petrol,yes,320,12,3.17,10.236381967809455,1,2.0,False,False,True,False,False,27899.999999999956
Renault,237,1.9,Diesel,no,Laguna,24,9.88,7.649692623711514,0,0.0,False,False,False,True,False,2100.0
Renault,152,1.6,Petrol,yes,Megane,18,8.44,8.824677891164198,0,0.0,False,False,True,False,False,6799.999999999999
Volkswagen,163,2.5,Diesel,yes,T5 (Transporter),17,9.59,9.35010231435134,0,0.0,False,False,False,False,True,11499.999999999976
Toyota,35,1.6,Petrol,yes,Corolla,11,3.18,9.792555991828849,0,0.0,False,False,True,False,False,17900.00000000004
BMW,1,3.5,Petrol,yes,535,26,0.04,8.779557455883728,1,3.5,False,False,True,False,False,6499.999999999995
Volkswagen,124,2.0,Diesel,yes,T5 (Transporter) ,12,10.33,9.51044496442652,0,0.0,False,False,False,False,True,13499.999999999996
