Brand,Price,Body,Mileage,EngineV,Engine Type,Registration,Year,Model,Car_Age,Mileage_per_Year,log_price,is_luxury,Luxury_EngineV_Interaction
BMW,4200.0,sedan,277,2.0,Petrol,yes,1991,320,34,8.15,8.34283980427146,1,2.0
Mercedes-Benz,7900.0,van,427,2.9,Diesel,yes,1999,Sprinter 212,26,16.42,8.974618038455112,1,2.9
Mercedes-Benz,13300.0,sedan,358,5.0,Gas,yes,2003,S 500,22,16.27,9.495519314209846,1,5.0
Audi,23000.0,crossover,240,4.2,Petrol,yes,2007,Q7,18,13.33,10.043249494911286,1,4.2
Toyota,18300.0,crossover,120,2.0,Petrol,yes,2011,Rav 4,14,8.57,9.814656338829513,0,0.0
Audi,14200.0,vagon,200,2.7,Diesel,yes,2006,A6,19,10.53,9.560997243589352,1,2.7
Renault,10799.0,vagon,193,1.5,Diesel,yes,2012,Megane,13,14.85,9.28720881623276,0,0.0
Volkswagen,1400.0,other,212,1.8,Gas,no,1999,Golf IV,26,8.15,7.24422751560335,0,0.0
Renault,11950.0,vagon,177,1.5,Diesel,yes,2011,Megane,14,12.64,9.388486557359657,0,0.0
Renault,2500.0,sedan,260,1.79,Petrol,yes,1994,19,31,8.39,7.824046010856292,0,0.0
Audi,9500.0,vagon,165,2.7,Gas,yes,2003,A6 Allroad,22,7.5,9.159047077588632,1,2.7
Volkswagen,10500.0,sedan,100,1.8,Petrol,yes,2008,Passat B6,17,5.88,9.259130536145614,0,0.0
Toyota,16000.0,crossover,250,4.7,Gas,yes,2001,Land Cruiser 100,24,10.42,9.680344001221918,0,0.0
Renault,8600.0,hatch,84,1.5,Diesel,yes,2012,Clio,13,6.46,9.0595174822416,0,0.0
BMW,2990.0,other,203,2.0,Petrol,no,2001,318,24,8.46,8.003028666384733,1,2.0
Toyota,26500.0,crossover,21,2.0,Petrol,yes,2013,Rav 4,12,1.75,10.184900011974314,0,0.0
Audi,3500.0,vagon,250,2.5,Diesel,no,1998,A6,27,9.26,8.160518247477505,1,2.5
Toyota,38233.0,other,0,2.4,Diesel,yes,2016,Hilux,9,0.0,10.551454296015532,0,0.0
Volkswagen,7500.0,hatch,132,1.4,Diesel,yes,2006,Polo,19,6.95,8.922658299524402,0,0.0
Audi,6800.0,sedan,225,2.4,Gas,yes,1998,A6,27,8.33,8.824677891164198,1,2.4
Mitsubishi,10500.0,crossover,130,2.4,Gas,yes,2006,Outlander,19,6.84,9.259130536145614,0,0.0
Audi,24900.0,sedan,163,4.2,Diesel,yes,2008,A8,17,9.59,10.1226230824528,1,4.2
Volkswagen,20800.0,crossover,151,3.0,Diesel,yes,2008,Touareg,17,8.88,9.94270826568941,0,0.0
Audi,6500.0,sedan,330,2.4,Petrol,yes,1999,A6,26,12.69,8.779557455883728,1,2.4
Mercedes-Benz,13566.0,other,171,2.2,Other,no,2011,Vito,14,12.21,9.515321941506025,1,2.2
Mitsubishi,8500.0,hatch,65,1.3,Petrol,yes,2010,Colt,15,4.33,9.047821442478408,0,0.0
Audi,2900.0,sedan,1,2.3,Gas,yes,1989,100,36,0.03,7.9724660159745655,1,2.3
BMW,21500.0,other,72,3.0,Petrol,yes,2007,Z4,18,4.0,9.975808214115753,1,3.0
Mitsubishi,17900.0,crossover,87,3.8,Gas,yes,2008,Pajero Wagon,17,5.12,9.792555991828847,0,0.0
BMW,28500.0,crossover,160,4.8,Gas,yes,2008,X5,17,9.41,10.257659366256743,1,4.8
Volkswagen,9800.0,van,160,1.9,Diesel,yes,2009,Caddy,16,10.0,9.190137664658664,0,0.0
Toyota,14500.0,sedan,147,2.4,Gas,yes,2006,Camry,19,7.74,9.581903928408666,0,0.0
BMW,6000.0,sedan,300,2.8,Petrol,yes,1996,528,29,10.34,8.699514748210191,1,2.8
BMW,67500.0,crossover,1,2.5,Diesel,yes,2016,X5,9,0.11,11.119882876860622,1,2.5
Audi,33900.0,other,14,1.8,Petrol,yes,2014,TT,11,1.27,10.431170293368542,1,1.8
Mercedes-Benz,9800.0,van,230,2.15,Diesel,yes,2004,Vito,21,10.95,9.190137664658664,1,2.15
Mercedes-Benz,63000.0,crossover,86,5.5,Petrol,yes,2009,G 55 AMG,16,5.38,11.05089000537367,1,5.5
BMW,7700.0,sedan,326,2.8,Petrol,yes,1998,528,27,12.07,8.948975607841776,1,2.8
Mercedes-Benz,9600.0,van,30,2.2,Diesel,yes,2006,Vito,19,1.58,9.169518377455928,1,2.2
Toyota,12800.0,sedan,181,2.4,Petrol,yes,2008,Camry,17,10.65,9.457200449907708,0,0.0
BMW,41000.0,crossover,80,3.0,Petrol,yes,2012,X6,13,6.15,10.621327345686446,1,3.0
BMW,3700.0,sedan,231,2.5,Petrol,yes,1990,525,35,6.6,8.216088098632316,1,2.5
Mercedes-Benz,29500.0,sedan,134,5.0,Petrol,yes,2008,S 500,17,7.88,10.292145542327912,1,5.0
BMW,6500.0,sedan,335,2.8,Petrol,yes,1996,528,29,11.55,8.779557455883728,1,2.8
Renault,8250.0,van,66,1.5,Diesel,yes,2014,Kangoo,11,6.0,9.017968479328726,0,0.0
Mercedes-Benz,19500.0,crossover,172,3.5,Other,yes,2008,ML 350,17,10.12,9.878169744551839,1,3.5
Mercedes-Benz,13500.0,sedan,317,5.0,Petrol,yes,2001,S 500,24,13.21,9.51044496442652,1,5.0
Mercedes-Benz,9200.0,van,266,2.2,Diesel,yes,2008,Vito,17,15.65,9.126958763037132,1,2.2
Volkswagen,5000.0,vagon,265,2.0,Diesel,no,2006,Passat B6,19,13.95,8.517193191416238,0,0.0
BMW,23900.0,crossover,162,4.8,Petrol,yes,2007,X5,18,9.0,10.081633737919603,1,4.8
BMW,36900.0,sedan,81,3.0,Diesel,yes,2010,730,15,5.4,10.515966830028619,1,3.0
BMW,8900.0,other,253,1.8,Petrol,yes,1995,318,30,8.43,9.093806555720231,1,1.8
Renault,7800.0,van,200,1.9,Diesel,yes,2002,Trafic,23,8.7,8.961879012677683,0,0.0
BMW,1650.0,sedan,270,1.8,Petrol,no,1995,318,30,9.0,7.408530566894626,1,1.8
Mercedes-Benz,50000.0,sedan,240,3.5,Petrol,yes,2006,S 350,19,12.63,10.819778284410283,1,3.5
Renault,9700.0,van,245,2.0,Diesel,yes,2008,Trafic,17,14.41,9.179881164491475,0,0.0
Mercedes-Benz,9999.0,van,127,2.2,Diesel,yes,2005,Vito,20,6.35,9.21024036697585,1,2.2
Audi,69999.0,crossover,21,3.0,Petrol,yes,2015,A6 Allroad,10,2.1,11.156236235215168,1,3.0
Mitsubishi,6500.0,sedan,152,1.6,Petrol,yes,2007,Lancer,18,8.44,8.779557455883728,0,0.0
Audi,4300.0,sedan,267,1.9,Diesel,no,2003,A6,22,12.14,8.366370301681654,1,1.9
Audi,3000.0,sedan,267,2.5,Diesel,no,1999,A6,26,10.27,8.006367567650246,1,2.5
Mercedes-Benz,8700.0,sedan,240,2.2,Diesel,yes,2000,E-Class,25,9.6,9.071078304642676,1,2.2
Renault,9000.0,vagon,178,2.0,Petrol,yes,2008,Scenic,17,10.47,9.104979856318357,0,0.0
Mercedes-Benz,20400.0,sedan,190,1.8,Gas,yes,2011,E-Class,14,13.57,9.923290179832307,1,1.8
BMW,9000.0,sedan,175,3.0,Petrol,no,2006,330,19,9.21,9.104979856318357,1,3.0
Mercedes-Benz,13400.0,sedan,105,1.8,Petrol,yes,2006,E-Class,19,5.53,9.503009985939002,1,1.8
Volkswagen,3700.0,sedan,195,1.9,Diesel,no,2001,Passat B5,24,8.12,8.216088098632316,0,0.0
Volkswagen,9850.0,van,126,2.0,Diesel,yes,2012,Caddy,13,9.69,9.195226734166134,0,0.0
Audi,3700.0,hatch,420,2.0,Diesel,no,2004,A3,21,20.0,8.216088098632316,1,2.0
Toyota,15700.0,crossover,195,4.0,Gas,yes,2003,Land Cruiser Prado,22,8.86,9.6614159913364,0,0.0
Mercedes-Benz,24500.0,sedan,180,2.2,Diesel,yes,2012,E-Class,13,13.85,10.106428396532818,1,2.2
Mitsubishi,7500.0,sedan,195,1.6,Gas,yes,2007,Lancer,18,10.83,8.922658299524402,0,0.0
Volkswagen,11990.0,van,231,2.5,Diesel,yes,2002,Caravelle,23,10.04,9.39182824802156,0,0.0
Volkswagen,13708.5,hatch,51,1.4,Petrol,yes,2014,Polo,11,4.64,9.525771357380366,0,0.0
BMW,8200.0,sedan,287,2.5,Gas,yes,1999,525,26,11.04,9.011889433252344,1,2.5
Renault,6999.0,van,222,1.5,Diesel,yes,2009,Kangoo,16,13.88,8.85352256068954,0,0.0
Renault,6750.0,vagon,214,1.5,Diesel,yes,2004,Megane,21,10.19,8.817297783866575,0,0.0
Audi,18500.0,sedan,245,3.0,Diesel,yes,2006,A8,19,12.89,9.825526011066415,1,3.0
Toyota,14299.0,sedan,83,2.0,Petrol,yes,2009,Avensis,16,5.19,9.567944883732848,0,0.0
Mercedes-Benz,28500.0,crossover,210,3.2,Diesel,yes,2007,GL 320,18,11.67,10.257659366256743,1,3.2
Mitsubishi,17000.0,crossover,89,3.8,Petrol,yes,2008,Pajero Wagon,17,5.24,9.740968623038354,0,0.0
Mercedes-Benz,25700.0,crossover,130,4.7,Gas,yes,2008,GL 450,17,7.65,10.154246270883311,1,4.7
Audi,2650.0,vagon,333,2.5,Diesel,no,2000,A6,25,13.32,7.882314918980268,1,2.5
Mitsubishi,8500.0,sedan,116,1.5,Petrol,yes,2008,Lancer X,17,6.82,9.047821442478408,0,0.0
Mercedes-Benz,4000.0,sedan,405,2.0,Diesel,yes,1992,200,33,12.27,8.294049640102028,1,2.0
Renault,11000.0,other,131,1.5,Diesel,yes,2011,Kangoo,14,9.36,9.305650551780507,0,0.0
Mercedes-Benz,14500.0,sedan,138,2.0,Petrol,yes,2007,E-Class,18,7.67,9.581903928408666,1,2.0
BMW,4099.0,sedan,50,2.5,Petrol,yes,1988,520,37,1.35,8.318498320504338,1,2.5
Volkswagen,31500.0,crossover,1,2.0,Petrol,yes,2014,Tiguan,11,0.09,10.357742824813725,0,0.0
Renault,4500.0,van,207,1.5,Diesel,yes,2003,Kangoo,22,9.41,8.411832675758411,0,0.0
Volkswagen,6700.0,other,207,1.9,Diesel,yes,2004,Caddy,21,9.86,8.809862805379057,0,0.0
Mitsubishi,20800.0,crossover,31,2.4,Petrol,yes,2011,Outlander XL,14,2.21,9.94270826568941,0,0.0
Mercedes-Benz,107999.0,crossover,0,2.98,Diesel,yes,2016,GLS 350,9,0.0,11.58987724680423,1,2.98
BMW,3500.0,sedan,334,2.0,Diesel,no,1999,320,26,12.85,8.160518247477505,1,2.0
Audi,39000.0,sedan,18,1.8,Other,yes,2015,A5,10,1.8,10.571316925111784,1,1.8
Toyota,13500.0,crossover,150,4.7,Gas,yes,2002,Land Cruiser 100,23,6.52,9.51044496442652,0,0.0
Mitsubishi,6150.0,sedan,175,1.6,Petrol,yes,2007,Lancer,18,9.72,8.724207360800564,0,0.0
BMW,45500.0,crossover,76,4.4,Petrol,yes,2010,X6 M,15,5.07,10.725467604939041,1,4.4
BMW,4900.0,sedan,295,2.0,Petrol,yes,1994,520,31,9.52,8.496990484098719,1,2.0
BMW,47000.0,other,5,2.0,Petrol,yes,2014,Z4,11,0.45,10.757902880692196,1,2.0
Toyota,19200.0,crossover,190,2.7,Gas,yes,2005,Land Cruiser Prado,20,9.5,9.862665558015873,0,0.0
Mitsubishi,11100.0,crossover,119,2.4,Gas,yes,2008,Outlander,17,7.0,9.314700387300425,0,0.0
Mitsubishi,8200.0,sedan,139,1.5,Other,yes,2012,Lancer X,13,10.69,9.011889433252344,0,0.0
Volkswagen,10300.0,sedan,235,2.0,Petrol,yes,2007,Passat B6,18,13.06,9.239899174217728,0,0.0
Renault,11990.0,van,210,1.1,Diesel,yes,2010,Scenic,15,14.0,9.39182824802156,0,0.0
BMW,46800.0,sedan,33,2.0,Diesel,yes,2014,520,11,3.0,10.753638481905739,1,2.0
Volkswagen,1500.0,other,260,1.8,Gas,no,1994,Golf III,31,8.39,7.313220387090301,0,0.0
BMW,6350.0,crossover,156,4.4,Gas,no,2002,X5,23,6.78,8.756210091886738,1,4.4
Mercedes-Benz,8900.0,hatch,155,1.5,Petrol,yes,2005,A 150,20,7.75,9.093806555720231,1,1.5
Mercedes-Benz,12700.0,van,160,3.0,Diesel,yes,2007,Vito,18,8.89,9.449357272446683,1,3.0
Mitsubishi,8000.0,sedan,207,1.6,Gas,yes,2007,Lancer,18,11.5,8.987196820661973,0,0.0
Toyota,29500.0,crossover,63,4.0,Petrol,yes,2008,FJ Cruiser,17,3.71,10.292145542327912,0,0.0
Renault,7100.0,van,208,1.5,Diesel,yes,2008,Kangoo,17,12.24,8.867850063029406,0,0.0
Renault,10850.0,crossover,103,2.5,Gas,yes,2010,Koleos,15,6.87,9.291920358968605,0,0.0
Volkswagen,27000.0,sedan,57,2.0,Diesel,yes,2013,Passat B7,12,4.75,10.203592144986466,0,0.0
Volkswagen,18100.0,other,64,2.0,Petrol,yes,2011,Scirocco,14,4.57,9.803667217253917,0,0.0
BMW,27000.0,sedan,137,5.0,Other,yes,2005,M5,20,6.85,10.203592144986466,1,5.0
BMW,8990.0,other,300,2.2,Petrol,yes,2002,320,23,13.04,9.103868127465667,1,2.2
Toyota,32900.0,crossover,82,2.7,Petrol,yes,2013,Venza,12,6.83,10.401227936753463,0,0.0
BMW,25500.0,other,163,4.8,Petrol,yes,2008,X5,17,9.59,10.146433731146518,1,4.8
Toyota,8900.0,crossover,153,2.0,Petrol,yes,2003,Rav 4,22,6.95,9.093806555720231,0,0.0
Audi,11950.0,sedan,190,3.0,Petrol,yes,2006,A6,19,10.0,9.388486557359657,1,3.0
Mercedes-Benz,22700.0,sedan,125,2.2,Diesel,yes,2010,E-Class,15,8.33,10.030120203469494,1,2.2
BMW,13000.0,sedan,165,2.2,Gas,yes,2003,520,22,7.5,9.472704636443673,1,2.2
Audi,25000.0,other,60,2.0,Petrol,yes,2011,A5,14,4.29,10.126631103850338,1,2.0
Toyota,26900.0,crossover,119,4.0,Gas,yes,2008,Land Cruiser Prado,17,7.0,10.19988156558993,0,0.0
Mercedes-Benz,87777.0,van,0,2.2,Diesel,yes,2016,V 250,9,0.0,11.382554786308235,1,2.2
Volkswagen,6000.0,van,200,2.0,Diesel,yes,2008,Caddy,17,11.76,8.699514748210191,0,0.0
Audi,9800.0,vagon,257,2.5,Diesel,yes,2003,A6,22,11.68,9.190137664658664,1,2.5
Audi,13900.0,other,197,2.0,Diesel,yes,2006,A6,19,10.37,9.539644119118783,1,2.0
Renault,12200.0,van,164,2.5,Diesel,yes,2009,Trafic,16,10.25,9.409191230721348,0,0.0
Mercedes-Benz,13500.0,crossover,205,2.7,Diesel,yes,2005,ML 270,20,10.25,9.51044496442652,1,2.7
BMW,18100.0,crossover,200,4.8,Petrol,yes,2005,X5,20,10.0,9.803667217253917,1,4.8
BMW,33000.0,crossover,200,3.0,Diesel,yes,2010,X5,15,13.33,10.404262840448617,1,3.0
Volkswagen,16900.0,crossover,145,1.4,Petrol,yes,2011,Tiguan,14,10.36,9.735068900911164,0,0.0
Mercedes-Benz,22000.0,sedan,110,1.8,Petrol,yes,2011,C-Class,14,7.86,9.998797732340453,1,1.8
Volkswagen,10700.0,sedan,195,3.2,Petrol,yes,2007,Passat B6,18,10.83,9.277999020449997,0,0.0
Mercedes-Benz,7800.0,sedan,226,2.2,Diesel,yes,2000,E-Class,25,9.04,8.961879012677683,1,2.2
Mercedes-Benz,17300.0,sedan,184,1.8,Gas,yes,2008,E-Class,17,10.82,9.75846178048587,1,1.8
BMW,70000.0,sedan,16,3.0,Diesel,yes,2014,730,11,1.45,11.156250521031495,1,3.0
Volkswagen,2200.0,hatch,118,1.4,Petrol,no,2001,Lupo,24,4.92,7.696212639346407,0,0.0
BMW,8900.0,sedan,256,2.2,Petrol,yes,2002,5 Series,23,11.13,9.093806555720231,1,2.2
Mercedes-Benz,31600.0,sedan,33,1.6,Petrol,yes,2013,CLA 200,12,2.75,10.360912399575003,1,1.6
Volkswagen,7900.0,other,168,1.9,Diesel,yes,2006,T5 (Transporter),19,8.84,8.974618038455112,0,0.0
Toyota,28500.0,crossover,97,3.5,Petrol,yes,2012,Highlander,13,7.46,10.257659366256743,0,0.0
Renault,6900.0,van,140,1.5,Diesel,yes,2012,Kangoo,13,10.77,8.83927669058535,0,0.0
BMW,8850.0,vagon,280,2.5,Diesel,yes,2000,525,25,11.2,9.088172738001974,1,2.5
Renault,3100.0,van,164,1.4,Petrol,yes,1999,Kangoo,26,6.31,8.039157390473237,0,0.0
BMW,8900.0,sedan,250,2.5,Petrol,yes,2000,525,25,10.0,9.093806555720231,1,2.5
Renault,6100.0,sedan,130,1.4,Petrol,yes,2005,Megane,20,6.5,8.716044050161402,0,0.0
BMW,1400.0,sedan,260,1.8,Petrol,no,1996,318,29,8.97,7.24422751560335,1,1.8
Volkswagen,8800.0,van,93,1.6,Diesel,yes,2012,Caddy,13,7.15,9.082507000466299,0,0.0
Renault,10299.0,other,176,2.0,Diesel,yes,2013,Trafic,12,14.67,9.239802082125802,0,0.0
Renault,6500.0,sedan,170,1.6,Petrol,yes,2004,Megane,21,8.1,8.779557455883728,0,0.0
Toyota,9100.0,sedan,151,1.6,Gas,yes,2007,Corolla,18,8.39,9.116029692504942,0,0.0
Volkswagen,9950.0,hatch,95,1.4,Petrol,yes,2010,Polo,15,6.33,9.205327830152639,0,0.0
Toyota,24500.0,crossover,260,4.7,Gas,yes,2003,Land Cruiser 100,22,11.82,10.106428396532818,0,0.0
Audi,51500.0,crossover,27,3.0,Diesel,yes,2013,Q7,12,2.25,10.849337086651827,1,3.0
Volkswagen,12900.0,van,290,1.9,Diesel,yes,2008,T5 (Transporter),17,17.06,9.464982590349763,0,0.0
Mercedes-Benz,8000.0,van,250,2.2,Diesel,yes,2006,Vito,19,13.16,8.987196820661973,1,2.2
Mitsubishi,8100.0,sedan,112,2.4,Petrol,yes,2007,Galant,18,6.22,8.99961934066053,0,0.0
Renault,10100.0,van,164,2.0,Diesel,yes,2012,Trafic,13,12.62,9.22029070282935,0,0.0
BMW,1900.0,sedan,300,2.5,Diesel,no,1997,5 Series,28,10.71,7.549609165154532,1,2.5
Renault,10800.0,van,187,2.0,Diesel,yes,2012,Trafic,13,14.38,9.287301413112312,0,0.0
Audi,8000.0,sedan,234,4.2,Gas,no,2004,A8,21,11.14,8.987196820661973,1,4.2
Mercedes-Benz,15300.0,other,120,2.6,Petrol,yes,2004,CLK 240,21,5.71,9.635608107380527,1,2.6
Volkswagen,2350.0,hatch,182,1.9,Diesel,no,1998,Golf IV,27,6.74,7.762170607138205,0,0.0
BMW,38888.0,vagon,5,0.65,Other,yes,2015,I3,10,0.5,10.568440998725292,1,0.65
Toyota,99999.0,crossover,0,4.5,Diesel,yes,2016,Land Cruiser 200,9,0.0,11.512915464920228,0,0.0
Volkswagen,17650.0,sedan,110,1.8,Petrol,yes,2012,Passat B7,13,8.46,9.778491062361443,0,0.0
Volkswagen,12999.0,van,237,2.5,Diesel,yes,2005,Multivan,20,11.85,9.47262771040802,0,0.0
Mercedes-Benz,18500.0,other,90,1.8,Petrol,yes,2008,C-Class,17,5.29,9.825526011066415,1,1.8
Volkswagen,9200.0,sedan,195,2.0,Petrol,yes,2006,Passat B6,19,10.26,9.126958763037132,0,0.0
Volkswagen,14500.0,sedan,1,1.6,Other,yes,2016,Polo,9,0.11,9.581903928408666,0,0.0
Volkswagen,18000.0,vagon,18,1.6,Diesel,yes,2011,Passat B7,14,1.29,9.798127036878302,0,0.0
Mercedes-Benz,6800.0,van,250,1.7,Diesel,yes,2003,Vaneo,22,11.36,8.824677891164198,1,1.7
BMW,20500.0,crossover,73,2.0,Petrol,yes,2011,X1,14,5.21,9.9281801651265,1,2.0
BMW,28000.0,other,100,5.0,Petrol,yes,2005,M5,20,5.0,10.239959789157341,1,5.0
Volkswagen,10650.0,van,130,2.0,Diesel,yes,2011,T5 (Transporter) ,14,9.29,9.273315171137572,0,0.0
Volkswagen,20300.0,other,30,1.4,Petrol,yes,2013,Scirocco,12,2.5,9.918376165029878,0,0.0
Volkswagen,3000.0,vagon,267,1.9,Diesel,no,1999,Passat B5,26,10.27,8.006367567650246,0,0.0
Toyota,25250.0,crossover,112,4.5,Gas,yes,2007,Land Cruiser 100,18,6.22,10.136581434703507,0,0.0
Mitsubishi,1389.0,hatch,245,1.3,Petrol,no,1996,Colt,29,8.45,7.236339342754344,0,0.0
Mercedes-Benz,17600.0,sedan,174,4.0,Diesel,yes,2005,S 400,20,8.7,9.775654181026242,1,4.0
Mercedes-Benz,14200.0,van,180,2.2,Diesel,yes,2007,Vito,18,10.0,9.560997243589352,1,2.2
BMW,13700.0,crossover,270,4.6,Gas,yes,2004,X5,21,12.86,9.525151111816216,1,4.6
Mercedes-Benz,23900.0,sedan,187,5.5,Petrol,yes,2007,S 550,18,10.39,10.081633737919603,1,5.5
Volkswagen,32000.0,sedan,144,3.6,Petrol,yes,2013,Passat CC,12,12.0,10.373491181781864,0,0.0
BMW,4599.0,sedan,267,2.0,Gas,yes,1991,520,34,7.85,8.433594167539924,1,2.0
Volkswagen,2350.0,sedan,300,1.9,Diesel,no,1998,Passat B5,27,11.11,7.762170607138205,0,0.0
Audi,19999.0,vagon,160,2.0,Petrol,yes,2010,A4 Allroad,15,10.67,9.903437551286085,1,2.0
BMW,28900.0,sedan,78,2.0,Petrol,yes,2012,528,13,6.0,10.271596874100524,1,2.0
Volkswagen,3800.0,sedan,300,2.8,Gas,yes,1996,Passat B4,29,10.34,8.242756345714477,0,0.0
Volkswagen,1800.0,other,300,1.3,Petrol,yes,1989,Golf II,36,8.33,7.495541943884256,0,0.0
Volkswagen,9700.0,sedan,201,2.0,Petrol,yes,2007,Passat B6,18,11.17,9.179881164491475,0,0.0
Mitsubishi,25342.2,other,1,2.5,Diesel,yes,2016,L 200,9,0.11,10.140226269364646,0,0.0
Volkswagen,24900.0,sedan,1,1.6,Diesel,yes,2016,Jetta,9,0.11,10.1226230824528,0,0.0
Renault,4999.0,sedan,140,1.4,Petrol,yes,2011,Logan,14,10.0,8.51699317141357,0,0.0
BMW,4700.0,sedan,390,2.5,Petrol,yes,1991,525,34,11.47,8.45531778769815,1,2.5
Mercedes-Benz,4999.0,sedan,1,2.8,Petrol,yes,1997,E-Class,28,0.04,8.51699317141357,1,2.8
Mercedes-Benz,9299.0,sedan,350,2.7,Diesel,yes,2000,E-Class,25,14.0,9.137662146478197,1,2.7
Mercedes-Benz,25000.0,sedan,130,5.5,Petrol,yes,2007,S 550,18,7.22,10.126631103850338,1,5.5
Mitsubishi,12900.0,crossover,148,3.0,Gas,yes,2008,Pajero Sport,17,8.71,9.464982590349763,0,0.0
Audi,9700.0,vagon,189,2.5,Diesel,yes,2003,A6,22,8.59,9.179881164491475,1,2.5
Renault,10100.0,van,64,2.0,Diesel,yes,2014,Trafic,11,5.82,9.22029070282935,0,0.0
BMW,2800.0,sedan,296,3.0,Diesel,no,2001,730,24,12.33,7.937374696163295,1,3.0
Mercedes-Benz,13500.0,van,350,2.9,Diesel,yes,2000,Sprinter 312,25,14.0,9.51044496442652,1,2.9
Mitsubishi,8900.0,hatch,125,1.8,Petrol,yes,2009,Lancer X Sportback,16,7.81,9.093806555720231,0,0.0
Mercedes-Benz,109999.0,crossover,0,3.0,Diesel,yes,2016,GLS 350,9,0.0,11.60822655382414,1,3.0
Mercedes-Benz,11500.0,sedan,180,3.2,Gas,yes,2004,E-Class,21,8.57,9.350102314351341,1,3.2
BMW,36900.0,crossover,82,3.0,Petrol,yes,2010,X6,15,5.47,10.515966830028619,1,3.0
Toyota,33200.0,crossover,150,4.0,Gas,yes,2010,Land Cruiser Prado,15,10.0,10.410305154904579,0,0.0
Volkswagen,10200.0,van,253,2.5,Diesel,yes,2008,T5 (Transporter),17,14.88,9.230142999272362,0,0.0
Volkswagen,16999.0,sedan,0,1.6,Petrol,yes,2016,Jetta,9,0.0,9.74090979777877,0,0.0
Toyota,10800.0,sedan,179,3.0,Gas,yes,2005,Camry,20,8.95,9.287301413112312,0,0.0
Mercedes-Benz,35500.0,other,99,2.99,Diesel,yes,2011,E-Class,14,7.07,10.477287975463508,1,2.99
Volkswagen,9900.0,hatch,156,1.6,Petrol,yes,2007,Golf Plus,18,8.67,9.20029003612268,0,0.0
Renault,7900.0,vagon,91,1.5,Diesel,yes,2008,Scenic,17,5.35,8.974618038455112,0,0.0
Mercedes-Benz,13900.0,sedan,216,2.2,Diesel,yes,2007,E-Class,18,12.0,9.539644119118783,1,2.2
Volkswagen,20000.0,sedan,102,1.8,Petrol,yes,2011,Passat CC,14,7.29,9.903487552536127,0,0.0
Toyota,28500.0,crossover,38,2.2,Diesel,yes,2015,Rav 4,10,3.8,10.257659366256743,0,0.0
Mitsubishi,7200.0,sedan,178,1.6,Petrol,yes,2007,Lancer,18,9.89,8.881836305004146,0,0.0
Mitsubishi,9000.0,crossover,200,2.0,Gas,yes,2006,Outlander,19,10.53,9.104979856318357,0,0.0
Audi,36500.0,crossover,115,3.0,Diesel,yes,2010,Q7,15,7.67,10.505067539570582,1,3.0
Volkswagen,8000.0,hatch,41,1.0,Petrol,yes,2012,Up,13,3.15,8.987196820661973,0,0.0
Audi,43000.0,other,11,1.8,Petrol,yes,2015,A6,10,1.1,10.668955394675699,1,1.8
Toyota,13700.0,sedan,48,1.4,Diesel,yes,2013,Corolla,12,4.0,9.525151111816216,0,0.0
Toyota,7899.0,sedan,165,1.8,Gas,yes,2006,Avensis,19,8.68,8.97449144816442,0,0.0
Renault,13999.0,van,180,2.0,Diesel,yes,2012,Trafic,13,13.85,9.546741177474825,0,0.0
Volkswagen,10500.0,van,176,1.6,Diesel,yes,2012,Caddy,13,13.54,9.259130536145614,0,0.0
Volkswagen,20800.0,other,160,2.0,Diesel,yes,2012,Amarok,13,12.31,9.94270826568941,0,0.0
Mercedes-Benz,32000.0,crossover,176,3.2,Gas,yes,2003,G 320,22,8.0,10.373491181781864,1,3.2
Mercedes-Benz,14500.0,sedan,220,5.0,Petrol,yes,2004,S 500,21,10.48,9.581903928408666,1,5.0
Toyota,16900.0,hatch,20,1.6,Petrol,yes,2014,Auris,11,1.82,9.735068900911164,0,0.0
Mercedes-Benz,13600.0,van,172,2.2,Diesel,yes,2013,Vito,12,14.33,9.517825071724143,1,2.2
Audi,2600.0,vagon,273,2.5,Diesel,no,1999,A6,26,10.5,7.8632667240095735,1,2.5
BMW,12000.0,sedan,237,3.0,Diesel,yes,2003,530,22,10.77,9.392661928770137,1,3.0
Volkswagen,18800.0,vagon,106,1.6,Diesel,yes,2013,Passat B7,12,8.83,9.84161214881804,0,0.0
Toyota,35500.0,crossover,85,3.0,Diesel,yes,2012,Land Cruiser Prado,13,6.54,10.477287975463508,0,0.0
Mercedes-Benz,29900.0,other,71,5.5,Petrol,yes,2007,CL 500,18,3.94,10.305613759378778,1,5.5
Renault,6750.0,other,110,1.5,Diesel,yes,2012,Kangoo,13,8.46,8.817297783866575,0,0.0
BMW,34900.0,crossover,117,3.0,Petrol,yes,2011,X5,14,8.36,10.460242108190519,1,3.0
Volkswagen,7700.0,van,177,1.9,Diesel,yes,2008,T5 (Transporter) ,17,10.41,8.948975607841776,0,0.0
Renault,9250.0,vagon,220,1.5,Diesel,yes,2010,Megane,15,14.67,9.132378830506472,0,0.0
Renault,8400.0,hatch,84,1.5,Diesel,yes,2011,Kangoo,14,6.0,9.035986984831405,0,0.0
Toyota,11750.0,sedan,93,1.6,Petrol,yes,2013,Corolla,12,7.75,9.371608519572305,0,0.0
Mercedes-Benz,5800.0,van,368,2.2,Diesel,yes,2000,Vito,25,14.72,8.66561319653451,1,2.2
Toyota,5900.0,crossover,180,3.0,Diesel,no,2003,Land Cruiser Prado,22,8.18,8.68270762989381,0,0.0
BMW,44999.0,crossover,87,3.0,Diesel,yes,2011,X6,14,6.21,10.714395546283317,1,3.0
Volkswagen,10500.0,van,170,1.6,Diesel,yes,2013,Caddy,12,14.17,9.259130536145614,0,0.0
Mercedes-Benz,17900.0,sedan,190,3.0,Diesel,yes,2007,E-Class,18,10.56,9.792555991828847,1,3.0
Audi,9999.0,sedan,190,3.0,Petrol,yes,2007,A6,18,10.56,9.21024036697585,1,3.0
Audi,9999.0,sedan,190,2.5,Diesel,yes,2003,A6,22,8.64,9.21024036697585,1,2.5
Volkswagen,61000.0,crossover,2,3.0,Diesel,yes,2016,Touareg,9,0.22,11.018629143155449,0,0.0
Toyota,38300.0,crossover,130,5.7,Gas,yes,2009,Land Cruiser 200,16,8.12,10.553205175168737,0,0.0
Toyota,17700.0,sedan,30,1.6,Petrol,yes,2014,Corolla,11,2.73,9.78131991856192,0,0.0
Volkswagen,55555.0,van,50,2.0,Diesel,yes,2013,Multivan,12,4.17,10.92512880001811,0,0.0
BMW,18000.0,crossover,280,3.0,Diesel,yes,2005,X5,20,14.0,9.798127036878302,1,3.0
Renault,7600.0,other,125,1.5,Diesel,yes,2013,Kangoo,12,10.42,8.935903526274423,0,0.0
Renault,6900.0,sedan,68,1.5,Diesel,yes,2013,Logan,12,5.67,8.83927669058535,0,0.0
Renault,15635.1,vagon,0,1.5,Diesel,yes,2016,Dokker,9,0.0,9.657273665778108,0,0.0
Renault,10550.0,van,195,2.0,Diesel,yes,2011,Trafic,14,13.93,9.263881138904212,0,0.0
Volkswagen,12500.0,van,190,1.9,Diesel,yes,2008,T5 (Transporter),17,11.18,9.433483923290392,0,0.0
Audi,13000.0,sedan,157,3.0,Petrol,yes,2006,A6,19,8.26,9.472704636443673,1,3.0
BMW,7400.0,sedan,285,4.4,Gas,yes,1997,540,28,10.18,8.909235279192261,1,4.4
Renault,9500.0,hatch,100,1.5,Diesel,yes,2009,Megane,16,6.25,9.159047077588632,0,0.0
Audi,18800.0,crossover,197,4.2,Petrol,yes,2007,Q7,18,10.94,9.84161214881804,1,4.2
Toyota,8000.0,sedan,176,3.0,Petrol,yes,2002,Camry,23,7.65,8.987196820661973,0,0.0
Volkswagen,8700.0,vagon,250,1.9,Diesel,yes,2002,Passat B5,23,10.87,9.071078304642676,0,0.0
Mercedes-Benz,9999.0,crossover,300,3.2,Petrol,yes,1998,ML 320,27,11.11,9.21024036697585,1,3.2
Volkswagen,16700.0,sedan,175,2.0,Petrol,yes,2011,Passat CC,14,12.5,9.723163998404846,0,0.0
Toyota,13900.0,hatch,90,1.6,Petrol,yes,2012,Auris,13,6.92,9.539644119118783,0,0.0
Volkswagen,18700.0,other,145,2.0,Diesel,yes,2011,T5 (Transporter) ,14,10.36,9.836278802842678,0,0.0
Mitsubishi,6200.0,sedan,152,1.6,Petrol,yes,2006,Lancer,19,8.0,8.732304571033183,0,0.0
Renault,3600.0,van,22,1.9,Diesel,yes,2001,Kangoo,24,0.92,8.1886891244442,0,0.0
Renault,7500.0,vagon,98,1.4,Petrol,yes,2007,Kangoo,18,5.44,8.922658299524402,0,0.0
Renault,2300.0,van,200,1.9,Diesel,yes,2002,Kangoo,23,8.7,7.7406644019172415,0,0.0
Volkswagen,16900.0,crossover,133,2.5,Diesel,yes,2007,Touareg,18,7.39,9.735068900911164,0,0.0
Mitsubishi,13499.0,crossover,116,2.4,Petrol,yes,2008,Outlander XL,17,6.82,9.510370887608827,0,0.0
Renault,5700.0,van,180,1.5,Diesel,yes,2007,Kangoo,18,10.0,8.648221453822641,0,0.0
Mitsubishi,17900.0,crossover,140,3.8,Gas,yes,2007,Pajero Wagon,18,7.78,9.792555991828847,0,0.0
Volkswagen,13900.0,other,170,1.9,Diesel,yes,2006,Multivan,19,8.95,9.539644119118783,0,0.0
Audi,7950.0,vagon,167,2.5,Diesel,yes,2000,A6,25,6.68,8.980927207648378,1,2.5
BMW,9700.0,sedan,250,2.0,Petrol,yes,2003,318,22,11.36,9.179881164491475,1,2.0
Volkswagen,7500.0,sedan,240,1.8,Petrol,yes,2002,Passat B5,23,10.43,8.922658299524402,0,0.0
Audi,19999.0,crossover,117,4.2,Petrol,yes,2007,Q7,18,6.5,9.903437551286085,1,4.2
BMW,9100.0,sedan,230,2.0,Gas,yes,2004,318,21,10.95,9.116029692504942,1,2.0
Volkswagen,13300.0,hatch,73,1.4,Petrol,yes,2011,Golf VI,14,5.21,9.495519314209846,0,0.0
Volkswagen,21000.0,hatch,22,1.2,Other,yes,2014,Golf VII,11,2.0,9.95227771670556,0,0.0
Audi,6600.0,sedan,360,1.8,Petrol,yes,1998,A6,27,13.33,8.794824928014517,1,1.8
Audi,7600.0,vagon,226,3.0,Diesel,no,2006,A6,19,11.89,8.935903526274423,1,3.0
Mercedes-Benz,3500.0,hatch,258,1.7,Diesel,no,2002,A 170,23,11.22,8.160518247477505,1,1.7
Volkswagen,3500.0,sedan,3,1.8,Petrol,yes,1991,Passat B3,34,0.09,8.160518247477505,0,0.0
Mercedes-Benz,17900.0,van,167,2.2,Diesel,yes,2012,Vito,13,12.85,9.792555991828847,1,2.2
Renault,1950.0,vagon,286,1.9,Diesel,no,2001,Laguna,24,11.92,7.575584651557793,0,0.0
Volkswagen,7990.0,sedan,90,1.4,Petrol,yes,2003,New Beetle,22,4.09,8.98594603876032,0,0.0
Volkswagen,6500.0,sedan,320,1.9,Diesel,yes,2001,Passat B5,24,13.33,8.779557455883728,0,0.0
Mitsubishi,3500.0,sedan,300,2.0,Diesel,yes,1996,Galant,29,10.34,8.160518247477505,0,0.0
Toyota,14100.0,sedan,113,2.4,Gas,yes,2009,Camry,16,7.06,9.55393007636626,0,0.0
Toyota,2999.0,other,300,1.6,Petrol,yes,1991,Corolla,34,8.82,8.00603417874901,0,0.0
BMW,66900.0,crossover,70,3.0,Diesel,yes,2014,X5,11,6.36,11.11095424611632,1,3.0
Toyota,13100.0,sedan,200,3.5,Gas,yes,2006,Camry,19,10.53,9.480367509189243,0,0.0
Volkswagen,6900.0,sedan,300,1.8,Petrol,yes,1998,Passat B5,27,11.11,8.83927669058535,0,0.0
Volkswagen,23999.0,sedan,80,2.0,Diesel,yes,2014,Passat B7,11,7.27,10.085767441795337,0,0.0
Mitsubishi,6990.0,crossover,225,2.5,Petrol,yes,1997,Pajero,28,8.04,8.852235835227855,0,0.0
Toyota,13999.0,sedan,198,2.4,Gas,yes,2009,Camry,16,12.38,9.546741177474825,0,0.0
Renault,7600.0,van,108,1.0,Diesel,yes,2013,Kangoo,12,9.0,8.935903526274423,0,0.0
Renault,11100.0,vagon,180,1.5,Diesel,yes,2012,Megane,13,13.85,9.314700387300425,0,0.0
Mercedes-Benz,16500.0,other,260,2.2,Diesel,yes,2011,Sprinter 319,14,18.57,9.711115659888671,1,2.2
Mercedes-Benz,44000.0,other,82,5.5,Petrol,yes,2010,S 500,15,5.47,10.691944912900398,1,5.5
Audi,39900.0,other,12,1.8,Petrol,yes,2014,A5,11,1.09,10.594131602877955,1,1.8
Mercedes-Benz,20500.0,sedan,173,1.8,Gas,yes,2011,E-Class,14,12.36,9.9281801651265,1,1.8
BMW,8000.0,crossover,214,4.4,Petrol,no,2000,X5,25,8.56,8.987196820661973,1,4.4
BMW,11600.0,sedan,142,2.0,Petrol,yes,2005,320,20,7.1,9.358760377094455,1,2.0
Renault,11500.0,vagon,170,1.5,Diesel,yes,2012,Megane,13,13.08,9.350102314351341,0,0.0
Volkswagen,13700.0,other,103,2.0,Diesel,yes,2011,Passat B6,14,7.36,9.525151111816216,0,0.0
Mercedes-Benz,13700.0,van,198,3.2,Gas,yes,2006,Viano,19,10.42,9.525151111816216,1,3.2
Renault,7700.0,vagon,200,1.5,Diesel,yes,2007,Megane,18,11.11,8.948975607841776,0,0.0
Mercedes-Benz,5800.0,sedan,231,2.2,Petrol,yes,1994,E-Class,31,7.45,8.66561319653451,1,2.2
Volkswagen,9500.0,sedan,95,2.0,Petrol,yes,2007,Passat B6,18,5.28,9.159047077588632,0,0.0
Mercedes-Benz,24900.0,sedan,140,5.5,Petrol,yes,2009,S 550,16,8.75,10.1226230824528,1,5.5
Volkswagen,55500.0,crossover,47,3.0,Diesel,yes,2016,Touareg,9,5.22,10.924138299734526,0,0.0
Volkswagen,6500.0,van,186,2.8,Petrol,yes,2000,Sharan,25,7.44,8.779557455883728,0,0.0
Mercedes-Benz,8300.0,sedan,175,3.2,Diesel,no,2006,E-Class,19,9.21,9.02401079378469,1,3.2
Mitsubishi,12000.0,crossover,130,3.0,Gas,yes,2007,Pajero Sport,18,7.22,9.392661928770137,0,0.0
Mercedes-Benz,15000.0,crossover,185,3.7,Gas,yes,2005,ML 350,20,9.25,9.615805480084347,1,3.7
BMW,8100.0,sedan,246,3.0,Diesel,yes,2000,530,25,9.84,8.99961934066053,1,3.0
Renault,8000.0,sedan,175,2.0,Gas,yes,2005,Megane,20,8.75,8.987196820661973,0,0.0
Mercedes-Benz,5500.0,van,285,2.3,Diesel,yes,1999,Vito,26,10.96,8.612503371220562,1,2.3
Renault,9600.0,vagon,184,1.5,Diesel,yes,2011,Megane,14,13.14,9.169518377455928,0,0.0
BMW,10800.0,sedan,180,2.0,Petrol,yes,2002,318,23,7.83,9.287301413112312,1,2.0
Mercedes-Benz,10999.0,van,263,2.2,Diesel,yes,2005,Vito,20,13.15,9.305559638557117,1,2.2
BMW,44000.0,crossover,80,3.0,Diesel,yes,2012,X5,13,6.15,10.691944912900398,1,3.0
Toyota,19200.0,hatch,54,1.4,Other,yes,2012,Prius,13,4.15,9.862665558015873,0,0.0
Mercedes-Benz,19600.0,van,127,1.8,Diesel,yes,2013,B 180,12,10.58,9.883284845218608,1,1.8
Volkswagen,9000.0,sedan,135,1.6,Gas,yes,2011,Polo,14,9.64,9.104979856318357,0,0.0
BMW,10900.0,sedan,245,3.0,Diesel,yes,2003,530,22,11.14,9.296518068217235,1,3.0
Volkswagen,12900.0,van,180,2.0,Diesel,yes,2012,T5 (Transporter) ,13,13.85,9.464982590349763,0,0.0
BMW,6600.0,sedan,285,2.5,Petrol,yes,1999,525,26,10.96,8.794824928014517,1,2.5
Renault,15820.35,sedan,0,1.5,Diesel,yes,2016,Fluence,9,0.0,9.669052364970721,0,0.0
Toyota,10200.0,sedan,180,2.4,Petrol,yes,2003,Camry,22,8.18,9.230142999272362,0,0.0
Mercedes-Benz,6000.0,sedan,366,3.2,Gas,yes,1994,E-Class,31,11.81,8.699514748210191,1,3.2
Audi,3500.0,sedan,1,2.0,Other,yes,1988,90,37,0.03,8.160518247477505,1,2.0
Volkswagen,7800.0,van,380,2.5,Diesel,yes,1999,T4 (Transporter),26,14.62,8.961879012677683,0,0.0
Toyota,35900.0,crossover,84,3.0,Diesel,yes,2013,Land Cruiser Prado,12,7.0,10.48849257447637,0,0.0
Renault,11700.0,crossover,90,1.5,Diesel,yes,2011,Duster,14,6.43,9.367344120785848,0,0.0
Volkswagen,15200.0,crossover,58,2.0,Petrol,yes,2008,Tiguan,17,3.41,9.629050706834368,0,0.0
Mercedes-Benz,2500.0,sedan,111,2.3,Gas,yes,1992,E-Class,33,3.36,7.824046010856292,1,2.3
Volkswagen,16800.0,other,164,2.0,Diesel,yes,2010,T5 (Transporter),15,10.93,9.72913416539135,0,0.0
BMW,50499.0,sedan,128,3.0,Diesel,yes,2013,730,12,10.67,10.82970881308719,1,3.0
BMW,2250.0,sedan,300,2.5,Petrol,no,1997,523,28,10.71,7.718685495198466,1,2.5
Mercedes-Benz,9300.0,sedan,270,2.7,Diesel,yes,2001,E-Class,24,11.25,9.137769679141348,1,2.7
Toyota,11500.0,van,161,2.5,Diesel,yes,2002,Hiace,23,7.0,9.350102314351341,0,0.0
BMW,13000.0,sedan,304,4.4,Other,yes,2002,745,23,13.22,9.472704636443673,1,4.4
Mercedes-Benz,7500.0,sedan,319,3.2,Gas,yes,1997,S 320,28,11.39,8.922658299524402,1,3.2
Mercedes-Benz,17999.0,other,38,2.0,Petrol,yes,2009,CLC 200,16,2.38,9.798071479779479,1,2.0
Renault,7300.0,vagon,162,1.5,Diesel,yes,2006,Megane,19,8.53,8.895629627136483,0,0.0
Toyota,29900.0,crossover,117,3.0,Diesel,yes,2008,Land Cruiser Prado,17,6.88,10.305613759378778,0,0.0
Renault,4950.0,vagon,170,1.5,Diesel,yes,2004,Kangoo,21,8.1,8.507142855562735,0,0.0
Audi,36000.0,vagon,40,3.0,Diesel,yes,2010,Q7,15,2.67,10.491274217438248,1,3.0
Audi,1700.0,sedan,177,1.6,Petrol,no,1996,A4,29,6.1,7.438383530044307,1,1.6
Audi,12450.0,vagon,1,2.0,Diesel,yes,2008,A4,17,0.06,9.429475901892854,1,2.0
Volkswagen,13893.75,sedan,0,1.6,Petrol,yes,2016,Polo,9,0.0,9.539194377712507,0,0.0
Volkswagen,44600.0,crossover,60,3.0,Diesel,yes,2013,Touareg,12,5.0,10.705489138008156,0,0.0
Toyota,35138.29,crossover,0,2.0,Petrol,yes,2016,Rav 4,9,0.0,10.467046698064145,0,0.0
BMW,3500.0,sedan,313,2.5,Diesel,yes,1994,325,31,10.1,8.160518247477505,1,2.5
Mercedes-Benz,12800.0,other,260,2.7,Diesel,yes,2005,Sprinter 316,20,13.0,9.457200449907708,1,2.7
Volkswagen,27000.0,sedan,85,2.0,Diesel,yes,2013,Passat CC,12,7.08,10.203592144986466,0,0.0
Volkswagen,14800.0,sedan,143,2.0,Diesel,yes,2010,Passat B6,15,9.53,9.602382459752207,0,0.0
Renault,2200.0,other,155,1.6,Petrol,no,2004,Scenic,21,7.38,7.696212639346407,0,0.0
Volkswagen,2900.0,van,433,2.4,Diesel,no,1995,T4 (Transporter),30,14.43,7.9724660159745655,0,0.0
Audi,12000.0,sedan,200,6.0,Petrol,yes,2004,A8,21,9.52,9.392661928770137,1,6.0
Volkswagen,41000.0,crossover,180,3.0,Diesel,yes,2013,Touareg,12,15.0,10.621327345686446,0,0.0
Audi,16300.0,vagon,180,3.2,Petrol,yes,2006,A6 Allroad,19,9.47,9.698920386794853,1,3.2
Renault,5300.0,van,145,1.5,Other,yes,2010,Kangoo,15,9.67,8.575462099540212,0,0.0
Mercedes-Benz,40500.0,sedan,39,2.2,Diesel,yes,2015,E-Class,10,3.9,10.60905725309463,1,2.2
Mercedes-Benz,4300.0,van,300,2.2,Diesel,no,2005,Vito,20,15.0,8.366370301681654,1,2.2
Volkswagen,4000.0,crossover,137,2.5,Diesel,no,2004,Touareg,21,6.52,8.294049640102028,0,0.0
Volkswagen,9600.0,hatch,132,1.6,Petrol,yes,2007,Golf V,18,7.33,9.169518377455928,0,0.0
Mitsubishi,18000.0,crossover,112,3.0,Gas,yes,2008,Pajero Wagon,17,6.59,9.798127036878302,0,0.0
Renault,11300.0,vagon,184,1.5,Diesel,yes,2011,Megane,14,13.14,9.332558004700433,0,0.0
Volkswagen,4999.0,hatch,131,1.4,Petrol,yes,2002,Polo,23,5.7,8.51699317141357,0,0.0
Mercedes-Benz,24999.0,sedan,112,2.2,Diesel,yes,2012,C-Class,13,8.62,10.126591103050316,1,2.2
Toyota,23300.0,crossover,93,2.7,Other,yes,2011,Venza,14,6.64,10.056208639553791,0,0.0
Toyota,14900.0,crossover,124,4.0,Petrol,yes,2006,Fortuner,19,6.53,9.60911649193355,0,0.0
Audi,22800.0,sedan,184,2.7,Diesel,yes,2010,A6,15,12.27,10.034515814942532,1,2.7
Mercedes-Benz,35500.0,sedan,137,3.0,Diesel,yes,2011,E-Class,14,9.79,10.477287975463508,1,3.0
Volkswagen,15000.0,other,280,2.8,Diesel,yes,2006,LT,19,14.74,9.615805480084347,0,0.0
Toyota,8650.0,sedan,132,1.6,Petrol,yes,2008,Corolla,17,7.76,9.065314599925925,0,0.0
Mitsubishi,22400.0,crossover,96,2.5,Diesel,yes,2011,Pajero Sport,14,6.86,10.01681623784313,0,0.0
Mitsubishi,10400.0,sedan,123,2.0,Petrol,yes,2009,Lancer X,16,7.69,9.249561085129464,0,0.0
Audi,10500.0,vagon,198,4.2,Gas,yes,2005,A6 Allroad,20,9.9,9.259130536145614,1,4.2
Renault,11900.0,crossover,68,1.5,Diesel,yes,2011,Duster,14,4.86,9.38429367909962,0,0.0
BMW,36900.0,sedan,17,2.0,Petrol,yes,2013,520,12,1.42,10.515966830028619,1,2.0
BMW,24500.0,crossover,170,3.0,Diesel,yes,2006,X5,19,8.95,10.106428396532818,1,3.0
Volkswagen,4700.0,van,400,2.4,Diesel,yes,1999,T4 (Transporter),26,15.38,8.45531778769815,0,0.0
Toyota,18100.0,hatch,30,1.6,Petrol,yes,2013,Auris,12,2.5,9.803667217253917,0,0.0
Mercedes-Benz,115000.0,sedan,47,4.6,Petrol,yes,2013,S 500,12,3.92,11.652687407345388,1,4.6
Mercedes-Benz,10900.0,sedan,217,3.2,Diesel,yes,2002,E-Class,23,9.43,9.296518068217235,1,3.2
BMW,7000.0,sedan,280,3.0,Petrol,yes,2001,530,24,11.67,8.85366542803745,1,3.0
Volkswagen,9999.0,vagon,161,2.0,Diesel,yes,2008,Passat B6,17,9.47,9.21024036697585,0,0.0
Mitsubishi,12300.0,other,160,2.5,Diesel,yes,2008,L 200,17,9.41,9.417354541360508,0,0.0
Volkswagen,67622.55,crossover,0,3.0,Diesel,yes,2016,Touareg,9,0.0,11.121696786287314,0,0.0
Volkswagen,18900.0,other,45,2.0,Diesel,yes,2013,Passat B7,12,3.75,9.846917201047734,0,0.0
Volkswagen,6999.0,sedan,248,1.8,Petrol,yes,2002,Passat B5,23,10.78,8.85352256068954,0,0.0
Mercedes-Benz,10250.0,sedan,261,1.8,Petrol,yes,2003,E-Class,22,11.86,9.235032984566555,1,1.8
Toyota,3500.0,sedan,286,1.6,Petrol,yes,2000,Corolla,25,11.44,8.160518247477505,0,0.0
BMW,13500.0,crossover,250,3.0,Diesel,no,2006,X5,19,13.16,9.51044496442652,1,3.0
BMW,2450.0,sedan,328,2.5,Diesel,no,1996,525,29,11.31,7.803843303538772,1,2.5
Volkswagen,7500.0,van,180,2.5,Diesel,yes,2004,T5 (Transporter) ,21,8.57,8.922658299524402,0,0.0
Volkswagen,4900.0,vagon,263,2.0,Diesel,no,2007,Passat B6,18,14.61,8.496990484098719,0,0.0
Mercedes-Benz,5000.0,vagon,248,2.0,Gas,yes,1996,E-Class,29,8.55,8.517193191416238,1,2.0
BMW,29900.0,crossover,235,3.0,Diesel,yes,2009,X5,16,14.69,10.305613759378778,1,3.0
Renault,7000.0,sedan,110,1.4,Petrol,yes,2012,Symbol,13,8.46,8.85366542803745,0,0.0
Mitsubishi,11800.0,sedan,1,1.5,Gas,yes,2010,Lancer X,15,0.07,9.375854810453756,0,0.0
Mercedes-Benz,16500.0,van,223,2.2,Diesel,yes,2009,Vito,16,13.94,9.711115659888671,1,2.2
BMW,5300.0,sedan,147,2.2,Gas,no,2001,320,24,6.12,8.575462099540212,1,2.2
Mercedes-Benz,7200.0,van,200,2.2,Diesel,yes,2004,Vito,21,9.52,8.881836305004146,1,2.2
Volkswagen,8500.0,van,230,1.9,Diesel,yes,2008,Caddy,17,13.53,9.047821442478408,0,0.0
BMW,39000.0,crossover,180,3.0,Diesel,yes,2011,X5,14,12.86,10.571316925111784,1,3.0
Volkswagen,1850.0,vagon,270,1.9,Diesel,yes,2000,Passat B5,25,10.8,7.52294091807237,0,0.0
Audi,36100.0,sedan,75,3.0,Diesel,yes,2011,A7,14,5.36,10.494048144320972,1,3.0
Mitsubishi,3149.25,hatch,330,2.0,Gas,yes,1993,Galant,32,10.31,8.054919608232412,0,0.0
Renault,5800.0,van,159,1.5,Diesel,yes,2007,Kangoo,18,8.83,8.66561319653451,0,0.0
BMW,6700.0,sedan,370,2.0,Petrol,yes,1997,320,28,13.21,8.809862805379057,1,2.0
Renault,18988.13,crossover,0,1.5,Diesel,yes,2016,Duster,9,0.0,9.851569326077096,0,0.0
Volkswagen,28660.0,van,0,1.6,Diesel,yes,2016,Caddy,9,0.0,10.263257701382162,0,0.0
BMW,2999.0,sedan,210,2.0,Other,no,1999,320,26,8.08,8.00603417874901,1,2.0
BMW,64500.0,crossover,1,2.0,Diesel,yes,2016,X5,9,0.11,11.074420502783864,1,2.0
Toyota,21500.0,crossover,135,2.0,Gas,yes,2007,Land Cruiser Prado,18,7.5,9.975808214115753,0,0.0
BMW,85555.0,sedan,10,3.0,Diesel,yes,2015,640,10,1.0,11.35691472296607,1,3.0
Volkswagen,8650.0,van,108,1.6,Diesel,yes,2013,Caddy,12,9.0,9.065314599925925,0,0.0
BMW,10600.0,sedan,1,3.0,Diesel,yes,2000,530,25,0.04,9.268609280100158,1,3.0
Toyota,6900.0,hatch,109,1.3,Gas,yes,2007,Yaris,18,6.06,8.83927669058535,0,0.0
Mercedes-Benz,2900.0,other,248,2.0,Petrol,no,1999,CLK 200,26,9.54,7.9724660159745655,1,2.0
Mercedes-Benz,12250.0,other,185,2.2,Diesel,yes,2012,Vito,13,14.23,9.413281215972873,1,2.2
BMW,21700.0,crossover,101,2.5,Gas,yes,2007,X3,18,5.61,9.98506753952855,1,2.5
Mercedes-Benz,2000.0,sedan,320,2.2,Diesel,no,1998,E-Class,27,11.85,7.600902459542082,1,2.2
Audi,9900.0,vagon,284,2.5,Diesel,yes,2004,A6,21,13.52,9.20029003612268,1,2.5
Mercedes-Benz,5850.0,van,240,2.2,Diesel,yes,2001,Vito,24,10.0,8.674196940225903,1,2.2
Toyota,8200.0,vagon,204,1.4,Diesel,yes,2005,Corolla,20,10.2,9.011889433252344,0,0.0
Renault,7300.0,vagon,200,1.5,Diesel,yes,2008,Megane,17,11.76,8.895629627136483,0,0.0
Mitsubishi,8000.0,sedan,145,2.0,Gas,yes,2007,Lancer,18,8.06,8.987196820661973,0,0.0
Renault,6600.0,van,184,1.5,Diesel,yes,2012,Kangoo,13,14.15,8.794824928014517,0,0.0
Mercedes-Benz,22500.0,sedan,164,1.8,Gas,yes,2012,E-Class,13,12.62,10.021270588192511,1,1.8
Mercedes-Benz,13200.0,other,196,2.2,Other,yes,2012,Sprinter 313,13,15.08,9.487972108574462,1,2.2
Volkswagen,1200.0,other,300,1.4,Gas,yes,2000,Caddy,25,12.0,7.090076835776092,0,0.0
Volkswagen,8900.0,van,264,2.5,Diesel,yes,2003,T4 (Transporter),22,12.0,9.093806555720231,0,0.0
Mitsubishi,9200.0,sedan,163,2.0,Petrol,yes,2008,Lancer X,17,9.59,9.126958763037132,0,0.0
Mercedes-Benz,10200.0,sedan,154,2.5,Petrol,yes,2006,C-Class,19,8.11,9.230142999272362,1,2.5
Mercedes-Benz,9500.0,sedan,246,6.0,Petrol,yes,1997,S 600,28,8.79,9.159047077588632,1,6.0
Mitsubishi,26850.0,crossover,84,3.2,Diesel,yes,2012,Pajero Wagon,13,6.46,10.19802109993701,0,0.0
Audi,21900.0,crossover,183,4.2,Petrol,yes,2007,Q7,18,10.17,9.994241915804592,1,4.2
Volkswagen,1700.0,hatch,250,1.4,Petrol,no,1998,Polo,27,9.26,7.438383530044307,0,0.0
Volkswagen,6500.0,hatch,225,1.4,Petrol,yes,2000,Golf IV,25,9.0,8.779557455883728,0,0.0
Renault,5000.0,vagon,34,1.5,Diesel,yes,2013,Logan,12,2.83,8.517193191416238,0,0.0
BMW,38000.0,sedan,74,2.0,Diesel,yes,2014,520,11,6.73,10.545341438708522,1,2.0
Volkswagen,9599.0,sedan,140,1.8,Petrol,yes,2008,Passat B6,17,8.24,9.169414205363537,0,0.0
Mercedes-Benz,10800.0,other,230,1.8,Petrol,yes,2006,C-Class,19,12.11,9.287301413112312,1,1.8
Toyota,18800.0,crossover,105,2.0,Gas,yes,2011,Rav 4,14,7.5,9.84161214881804,0,0.0
Mitsubishi,7650.0,sedan,133,1.5,Gas,yes,2008,Lancer,17,7.82,8.942460926820582,0,0.0
Renault,6300.0,vagon,125,2.0,Petrol,yes,2003,Laguna,22,5.68,8.748304912379623,0,0.0
BMW,5000.0,other,75,1.9,Petrol,no,1998,Z3,27,2.78,8.517193191416238,1,1.9
Toyota,28500.0,crossover,107,3.5,Gas,yes,2011,Highlander,14,7.64,10.257659366256743,0,0.0
BMW,13000.0,sedan,193,3.6,Petrol,yes,2003,735,22,8.77,9.472704636443673,1,3.6
Toyota,16999.0,crossover,157,2.7,Gas,yes,2007,Land Cruiser Prado,18,8.72,9.74090979777877,0,0.0
BMW,34500.0,other,160,3.0,Diesel,yes,2011,X5,14,11.43,10.448714603019452,1,3.0
Volkswagen,10900.0,vagon,204,2.0,Diesel,yes,2007,Passat B6,18,11.33,9.296518068217235,0,0.0
Mitsubishi,18999.0,crossover,121,3.8,Gas,yes,2008,Pajero Wagon,17,7.12,9.85214162518454,0,0.0
BMW,9800.0,sedan,350,3.0,Diesel,yes,2001,530,24,14.58,9.190137664658664,1,3.0
Volkswagen,4300.0,vagon,298,1.8,Petrol,yes,1998,Golf III,27,11.04,8.366370301681654,0,0.0
Audi,3900.0,vagon,260,2.5,Diesel,no,2003,A6,22,11.82,8.268731832117737,1,2.5
Volkswagen,13499.0,van,154,2.0,Diesel,yes,2013,T5 (Transporter) ,12,12.83,9.510370887608827,0,0.0
Audi,19990.0,sedan,127,2.8,Petrol,yes,2010,A6,15,8.47,9.902987427494446,1,2.8
Renault,3400.0,van,260,2.2,Diesel,no,2005,Espace,20,13.0,8.131530710604252,0,0.0
Toyota,27800.0,sedan,157,3.5,Petrol,yes,2011,Camry,14,11.21,10.232791299678729,0,0.0
Volkswagen,2300.0,hatch,320,1.6,Gas,yes,1989,Golf II,36,8.89,7.7406644019172415,0,0.0
Renault,7650.0,van,151,1.5,Diesel,yes,2012,Kangoo,13,11.62,8.942460926820582,0,0.0
Volkswagen,10000.0,van,220,1.9,Diesel,yes,2008,Caddy,17,12.94,9.210340371976184,0,0.0
Volkswagen,9700.0,vagon,130,1.6,Gas,yes,2008,Golf Variant,17,7.65,9.179881164491475,0,0.0
Audi,3800.0,sedan,270,2.5,Diesel,no,2000,A6,25,10.8,8.242756345714477,1,2.5
Toyota,26900.0,crossover,115,4.0,Gas,yes,2008,Land Cruiser Prado,17,6.76,10.19988156558993,0,0.0
Toyota,12600.0,sedan,205,2.4,Gas,yes,2006,Camry,19,10.79,9.441452092939569,0,0.0
Volkswagen,14899.0,van,158,2.0,Diesel,yes,2012,T5 (Transporter) ,13,12.15,9.60904937558734,0,0.0
Renault,4999.0,vagon,252,1.5,Diesel,yes,2007,Kangoo,18,14.0,8.51699317141357,0,0.0
BMW,57777.0,other,40,4.0,Diesel,yes,2012,X6,13,3.08,10.964346051592322,1,4.0
Volkswagen,12350.0,van,167,1.4,Petrol,yes,2011,Touran,14,11.93,9.421411342056123,0,0.0
Audi,7999.0,sedan,177,2.7,Gas,yes,2003,A6,22,8.05,8.987071812848821,1,2.7
BMW,21600.0,crossover,200,4.8,Other,yes,2007,X5,18,11.11,9.980448593672257,1,4.8
Mitsubishi,8000.0,sedan,67,1.5,Petrol,yes,2009,Lancer X,16,4.19,8.987196820661973,0,0.0
Volkswagen,6799.0,hatch,1,1.4,Gas,yes,1998,Golf IV,27,0.04,8.82453082152646,0,0.0
Toyota,25749.75,sedan,0,2.5,Petrol,yes,2016,Camry,9,0.0,10.156180197306888,0,0.0
Volkswagen,8899.0,vagon,198,1.9,Other,yes,2004,Passat B5,21,9.43,9.093694189856862,0,0.0
Mercedes-Benz,26800.0,sedan,162,5.5,Petrol,yes,2007,S 500,18,9.0,10.196157166498947,1,5.5
Toyota,25555.0,crossover,128,4.7,Gas,yes,2004,Land Cruiser 100,21,6.1,10.14858827120238,0,0.0
Audi,25000.0,crossover,112,3.2,Petrol,yes,2010,Q5,15,7.47,10.126631103850338,1,3.2
Volkswagen,15800.0,van,194,2.0,Diesel,yes,2012,T5 (Transporter) ,13,14.92,9.667765219015058,0,0.0
BMW,3150.0,sedan,200,2.0,Diesel,no,1999,320,26,7.69,8.055157731819678,1,2.0
Toyota,12300.0,sedan,157,2.4,Gas,yes,2007,Camry,18,8.72,9.417354541360508,0,0.0
Toyota,45500.0,crossover,45,3.5,Petrol,yes,2015,Highlander,10,4.5,10.725467604939041,0,0.0
Renault,6500.0,other,406,2.5,Diesel,yes,2004,Master,21,19.33,8.779557455883728,0,0.0
Toyota,18999.0,crossover,95,2.0,Petrol,yes,2011,Rav 4,14,6.79,9.85214162518454,0,0.0
BMW,8500.0,sedan,260,2.2,Gas,yes,2001,520,24,10.83,9.047821442478408,1,2.2
Mercedes-Benz,8500.0,van,350,2.2,Diesel,yes,2004,Sprinter 211,21,16.67,9.047821442478408,1,2.2
Toyota,13500.0,crossover,126,4.0,Petrol,no,2011,Land Cruiser Prado,14,9.0,9.51044496442652,0,0.0
Volkswagen,2200.0,sedan,180,1.9,Diesel,no,2003,Passat B5,22,8.18,7.696212639346407,0,0.0
Volkswagen,18500.0,vagon,125,2.0,Diesel,yes,2011,Passat B7,14,8.93,9.825526011066415,0,0.0
Toyota,8420.0,other,150,2.7,Gas,yes,2005,Tacoma,20,7.5,9.038365107236372,0,0.0
Audi,17500.0,vagon,144,2.0,Diesel,yes,2010,A4,15,9.6,9.769956159911606,1,2.0
Audi,9000.0,sedan,158,2.0,Gas,yes,2003,A4,22,7.18,9.104979856318357,1,2.0
Volkswagen,4400.0,hatch,238,1.6,Petrol,yes,1994,Golf III,31,7.68,8.389359819906353,0,0.0
Renault,7500.0,van,200,2.2,Diesel,yes,2002,Espace,23,8.7,8.922658299524402,0,0.0
Toyota,17950.0,sedan,87,2.4,Petrol,yes,2010,Camry,15,5.8,9.795345393916424,0,0.0
BMW,51500.0,crossover,23,3.0,Petrol,yes,2013,X6,12,1.92,10.849337086651827,1,3.0
Mitsubishi,10800.0,crossover,165,3.0,Gas,yes,2007,Pajero Sport,18,9.17,9.287301413112312,0,0.0
Volkswagen,33700.0,van,11,1.4,Petrol,yes,2016,Touran,9,1.22,10.425253116340453,0,0.0
Volkswagen,17000.0,crossover,158,2.5,Diesel,yes,2007,Touareg,18,8.78,9.740968623038354,0,0.0
Volkswagen,11200.0,crossover,1,4.2,Petrol,yes,2004,Touareg,21,0.05,9.323669057283185,0,0.0
BMW,4500.0,sedan,140,3.0,Diesel,no,2000,530,25,5.6,8.411832675758411,1,3.0
Toyota,43999.0,other,0,2.8,Diesel,yes,2016,Hilux,9,0.0,10.691922185369403,0,0.0
Audi,39800.0,sedan,180,4.2,Other,yes,2012,A8,13,13.85,10.59162219127253,1,4.2
BMW,6500.0,sedan,272,2.8,Petrol,yes,1996,328,29,9.38,8.779557455883728,1,2.8
Volkswagen,18700.0,vagon,196,2.0,Diesel,yes,2011,Passat B7,14,14.0,9.836278802842678,0,0.0
Audi,38500.0,vagon,75,2.0,Diesel,yes,2013,Q3,12,6.25,10.558413520275876,1,2.0
BMW,8200.0,sedan,241,2.0,Petrol,yes,1998,320,27,8.93,9.011889433252344,1,2.0
Audi,7500.0,vagon,240,2.0,Petrol,yes,2002,A4,23,10.43,8.922658299524402,1,2.0
Toyota,11550.0,sedan,95,2.4,Petrol,yes,2007,Camry,18,5.28,9.35444071594994,0,0.0
Mercedes-Benz,39500.0,sedan,30,1.6,Petrol,yes,2014,C-Class,11,2.73,10.584055950889214,1,1.6
Volkswagen,6200.0,sedan,161,4.2,Gas,no,2004,Phaeton,21,7.67,8.732304571033183,0,0.0
BMW,17200.0,crossover,308,4.6,Gas,yes,2003,X5,22,14.0,9.752664662801545,1,4.6
BMW,2900.0,sedan,280,2.5,Diesel,no,1997,525,28,10.0,7.9724660159745655,1,2.5
Renault,14600.0,other,169,2.3,Diesel,yes,2013,Master,12,14.08,9.588776807696428,0,0.0
BMW,34900.0,crossover,110,4.4,Petrol,yes,2010,X6,15,7.33,10.460242108190519,1,4.4
Mercedes-Benz,7000.0,other,170,2.2,Petrol,no,2001,CLK 220,24,7.08,8.85366542803745,1,2.2
Mercedes-Benz,32000.0,van,255,3.0,Diesel,yes,2008,Sprinter 318,17,15.0,10.373491181781864,1,3.0
Renault,7500.0,vagon,168,1.5,Diesel,yes,2005,Grand Scenic,20,8.4,8.922658299524402,0,0.0
Volkswagen,9000.0,other,217,2.5,Diesel,yes,2005,T5 (Transporter),20,10.85,9.104979856318357,0,0.0
Mitsubishi,7000.0,sedan,180,1.6,Gas,yes,2004,Lancer,21,8.57,8.85366542803745,0,0.0
Audi,2700.0,sedan,234,2.5,Other,no,2000,A6,25,9.36,7.90100705199242,1,2.5
Volkswagen,10950.0,van,165,2.0,Diesel,yes,2012,Caddy,13,12.69,9.301094735244646,0,0.0
Toyota,15500.0,sedan,120,3.5,Petrol,yes,2008,Camry,17,7.06,9.648595302907339,0,0.0
Mercedes-Benz,8700.0,sedan,210,5.0,Petrol,yes,1997,S 500,28,7.5,9.071078304642676,1,5.0
Mercedes-Benz,6000.0,van,200,2.2,Diesel,yes,2000,Vito,25,8.0,8.699514748210191,1,2.2
Mitsubishi,16950.0,crossover,135,3.0,Gas,yes,2008,Pajero Wagon,17,7.94,9.738023112808596,0,0.0
Mercedes-Benz,15000.0,crossover,400,3.0,Diesel,yes,1997,Sprinter 212,28,14.29,9.615805480084347,1,3.0
Toyota,26500.0,crossover,102,2.5,Diesel,yes,2013,Hilux,12,8.5,10.184900011974314,0,0.0
Mercedes-Benz,3100.0,vagon,400,2.2,Diesel,no,2002,C-Class,23,17.39,8.039157390473237,1,2.2
Toyota,59900.0,crossover,90,4.5,Diesel,yes,2012,Land Cruiser 200,13,6.92,11.00043178410354,0,0.0
Toyota,63000.0,crossover,3,4.2,Diesel,yes,2013,Land Cruiser 76,12,0.25,11.05089000537367,0,0.0
Mercedes-Benz,19800.0,crossover,218,3.0,Diesel,yes,2006,ML 280,19,11.47,9.893437216682626,1,3.0
Volkswagen,13000.0,van,110,1.9,Diesel,yes,2009,T5 (Transporter),16,6.88,9.472704636443673,0,0.0
Audi,12200.0,sedan,130,2.4,Petrol,yes,2006,A6,19,6.84,9.409191230721348,1,2.4
Mitsubishi,5700.0,other,170,1.3,Petrol,yes,2006,Colt,19,8.95,8.648221453822641,0,0.0
Audi,2550.0,sedan,370,2.5,Diesel,no,1998,A6,27,13.7,7.843848638152472,1,2.5
Toyota,13500.0,sedan,144,3.5,Gas,yes,2007,Camry,18,8.0,9.51044496442652,0,0.0
Renault,10200.0,van,183,2.0,Diesel,yes,2012,Trafic,13,14.08,9.230142999272362,0,0.0
Audi,13000.0,other,161,1.8,Gas,yes,2001,TT,24,6.71,9.472704636443673,1,1.8
Volkswagen,10500.0,sedan,210,5.0,Diesel,yes,2004,Phaeton,21,10.0,9.259130536145614,0,0.0
BMW,3100.0,sedan,315,2.5,Diesel,no,1998,525,27,11.67,8.039157390473237,1,2.5
BMW,9400.0,sedan,221,4.4,Gas,yes,2004,745,21,10.52,9.148464968258095,1,4.4
Audi,10000.0,sedan,206,2.5,Diesel,yes,2003,A6,22,9.36,9.210340371976184,1,2.5
Mitsubishi,4200.0,sedan,270,2.0,Gas,yes,1998,Galant,27,10.0,8.34283980427146,0,0.0
Renault,7500.0,sedan,131,1.6,Petrol,yes,2009,Megane,16,8.19,8.922658299524402,0,0.0
Mercedes-Benz,38600.0,other,12,1.8,Petrol,yes,2012,E-Class,13,0.92,10.561007555452923,1,1.8
Toyota,8900.0,hatch,140,1.6,Petrol,yes,2008,Auris,17,8.24,9.093806555720231,0,0.0
Toyota,24000.0,crossover,270,4.2,Diesel,yes,1994,Land Cruiser 80,31,8.71,10.085809109330082,0,0.0
Mercedes-Benz,51500.0,other,75,6.3,Petrol,yes,2009,CL 63 AMG,16,4.69,10.849337086651827,1,6.3
Mercedes-Benz,5100.0,sedan,270,3.2,Diesel,no,2001,S 320,24,11.25,8.536995818712418,1,3.2
Mitsubishi,4999.0,sedan,60,1.6,Petrol,yes,2007,Lancer,18,3.33,8.51699317141357,0,0.0
Mitsubishi,9450.0,sedan,125,2.0,Gas,yes,2008,Lancer X,17,7.35,9.153770020487789,0,0.0
Audi,3850.0,vagon,215,2.5,Diesel,no,2002,A6,23,9.35,8.25582842728183,1,2.5
Renault,7800.0,vagon,170,1.5,Diesel,no,2013,Megane,12,14.17,8.961879012677683,0,0.0
Audi,49700.0,crossover,80,3.0,Diesel,yes,2013,Q7,12,6.67,10.81376021208472,1,3.0
Mitsubishi,9000.0,sedan,78,2.4,Gas,yes,2006,Galant,19,4.11,9.104979856318357,0,0.0
Toyota,18990.0,crossover,95,2.0,Petrol,yes,2011,Rav 4,14,6.79,9.85166780380633,0,0.0
Mitsubishi,7200.0,sedan,102,1.6,Petrol,yes,2007,Lancer,18,5.67,8.881836305004146,0,0.0
Volkswagen,11900.0,other,112,2.0,Diesel,yes,2011,T6 (Transporter) ,14,8.0,9.38429367909962,0,0.0
Toyota,2800.0,sedan,287,1.3,Petrol,yes,1995,Corolla,30,9.57,7.937374696163295,0,0.0
Volkswagen,2200.0,sedan,272,1.9,Diesel,no,1998,Passat B5,27,10.07,7.696212639346407,0,0.0
Mitsubishi,17500.0,crossover,170,3.8,Gas,yes,2008,Pajero Wagon,17,10.0,9.769956159911606,0,0.0
Audi,49900.0,other,79,4.2,Petrol,yes,2007,R8,18,4.39,10.81777628173961,1,4.2
Volkswagen,8650.0,van,238,2.5,Diesel,yes,2002,T4 (Transporter),23,10.35,9.065314599925925,0,0.0
Audi,8800.0,sedan,205,1.8,Petrol,yes,2003,A4,22,9.32,9.082507000466299,1,1.8
Mercedes-Benz,69999.0,crossover,0,2.2,Diesel,yes,2016,GLE-Class,9,0.0,11.156236235215168,1,2.2
Volkswagen,8910.53,hatch,103,1.4,Petrol,yes,2012,Polo,13,7.92,9.094989002421919,0,0.0
Toyota,15500.0,crossover,165,2.7,Gas,yes,2005,Land Cruiser Prado,20,8.25,9.648595302907339,0,0.0
Audi,19500.0,crossover,175,3.6,Petrol,yes,2007,Q7,18,9.72,9.878169744551839,1,3.6
Toyota,27700.0,sedan,21,2.5,Petrol,yes,2015,Camry,10,2.1,10.22918769217543,0,0.0
Volkswagen,9600.0,van,255,1.9,Diesel,yes,2004,T5 (Transporter),21,12.14,9.169518377455928,0,0.0
BMW,12500.0,crossover,176,3.0,Gas,yes,2002,X5,23,7.65,9.433483923290392,1,3.0
Audi,4799.0,vagon,260,2.5,Diesel,no,2002,A6 Allroad,23,11.3,8.476162841858246,1,2.5
Toyota,20900.0,sedan,70,2.5,Petrol,yes,2012,Camry,13,5.38,9.947504437952903,0,0.0
Audi,14900.0,sedan,203,2.8,Petrol,yes,2008,A6,17,11.94,9.60911649193355,1,2.8
Toyota,12750.0,hatch,164,1.4,Diesel,yes,2012,Auris,13,12.62,9.453286550586572,0,0.0
BMW,5900.0,hatch,243,2.0,Petrol,no,2006,116,19,12.79,8.68270762989381,1,2.0
Mercedes-Benz,2700.0,sedan,400,2.9,Diesel,yes,1997,E-Class,28,14.29,7.90100705199242,1,2.9
Audi,4700.0,sedan,400,2.6,Petrol,yes,1996,A6,29,13.79,8.45531778769815,1,2.6
BMW,77000.0,other,64,4.4,Petrol,yes,2012,M6,13,4.92,11.251560700835821,1,4.4
Renault,5900.0,van,250,1.9,Diesel,yes,2005,Trafic,20,12.5,8.68270762989381,0,0.0
Volkswagen,24000.0,sedan,67,1.8,Petrol,yes,2012,Passat CC,13,5.15,10.085809109330082,0,0.0
Audi,18400.0,vagon,151,2.0,Diesel,yes,2010,A4,15,10.07,9.820105943597078,1,2.0
Mercedes-Benz,56800.0,sedan,74,6.3,Petrol,yes,2010,S 63 AMG,15,4.93,10.947291604709243,1,6.3
Renault,8000.0,hatch,50,1.6,Petrol,yes,2012,Sandero,13,3.85,8.987196820661973,0,0.0
Mercedes-Benz,5000.0,sedan,382,2.0,Petrol,yes,1994,E-Class,31,12.32,8.517193191416238,1,2.0
Mitsubishi,9900.0,sedan,98,2.0,Petrol,yes,2009,Lancer X,16,6.12,9.20029003612268,0,0.0
Mercedes-Benz,18900.0,other,111,2.5,Petrol,yes,2009,C-Class,16,6.94,9.846917201047734,1,2.5
Toyota,20500.0,crossover,139,4.0,Gas,yes,2005,Land Cruiser Prado,20,6.95,9.9281801651265,0,0.0
Volkswagen,2500.0,vagon,232,1.6,Petrol,no,2001,Golf IV,24,9.67,7.824046010856292,0,0.0
Renault,9000.0,vagon,179,1.5,Diesel,yes,2010,Megane,15,11.93,9.104979856318357,0,0.0
Renault,7700.0,sedan,100,1.6,Gas,yes,2008,Megane,17,5.88,8.948975607841776,0,0.0
Audi,32300.0,hatch,54,2.8,Petrol,yes,2011,A6,14,3.86,10.382822509210747,1,2.8
Mercedes-Benz,72700.0,van,42,2.2,Diesel,yes,2014,V 250,11,3.82,11.194096663521611,1,2.2
Renault,6200.0,sedan,246,1.4,Petrol,yes,2005,Megane,20,12.3,8.732304571033183,0,0.0
Audi,4000.0,sedan,400,2.0,Petrol,yes,1992,100,33,12.12,8.294049640102028,1,2.0
Toyota,9003.15,sedan,43,1.3,Petrol,yes,2014,Corolla,11,3.91,9.105329795082644,0,0.0
Mercedes-Benz,14900.0,other,195,3.2,Gas,yes,1999,CLK 320,26,7.5,9.60911649193355,1,3.2
BMW,65393.25,crossover,0,2.0,Diesel,yes,2016,X5,9,0.0,11.088174321109493,1,2.0
Renault,9000.0,van,158,2.0,Diesel,yes,2012,Trafic,13,12.15,9.104979856318357,0,0.0
Audi,8500.0,sedan,253,2.5,Diesel,yes,2001,A6,24,10.54,9.047821442478408,1,2.5
Renault,5900.0,hatch,171,1.5,Other,yes,2005,Megane,20,8.55,8.68270762989381,0,0.0
Mitsubishi,5100.0,hatch,250,1.3,Gas,yes,2006,Colt,19,13.16,8.536995818712418,0,0.0
Mercedes-Benz,40500.0,sedan,108,5.5,Petrol,yes,2010,S 500,15,7.2,10.60905725309463,1,5.5
Audi,8600.0,sedan,154,1.8,Petrol,yes,2001,A6,24,6.42,9.0595174822416,1,1.8
Mitsubishi,5900.0,sedan,142,1.6,Gas,yes,2005,Lancer,20,7.1,8.68270762989381,0,0.0
Volkswagen,17900.0,other,123,1.8,Petrol,yes,2010,Passat CC,15,8.2,9.792555991828847,0,0.0
BMW,34400.0,crossover,37,2.0,Diesel,yes,2013,X1,12,3.08,10.44581184336149,1,2.0
BMW,13500.0,sedan,138,2.5,Petrol,yes,2004,525,21,6.57,9.51044496442652,1,2.5
Renault,9600.0,van,175,2.0,Diesel,yes,2007,Trafic,18,9.72,9.169518377455928,0,0.0
Mercedes-Benz,15000.0,other,82,1.8,Petrol,yes,2004,SLK 200,21,3.9,9.615805480084347,1,1.8
Mercedes-Benz,22000.0,other,53,3.0,Petrol,yes,2007,CLK 280,18,2.94,9.998797732340453,1,3.0
Volkswagen,13700.0,other,200,2.5,Diesel,yes,2005,Touareg,20,10.0,9.525151111816216,0,0.0
Toyota,18800.0,sedan,47,2.4,Petrol,yes,2009,Camry,16,2.94,9.84161214881804,0,0.0
Volkswagen,7600.0,hatch,127,1.4,Petrol,yes,2007,Polo,18,7.06,8.935903526274423,0,0.0
Toyota,11950.0,hatch,120,1.4,Petrol,yes,2013,Auris,12,10.0,9.388486557359657,0,0.0
Audi,11300.0,sedan,202,2.7,Diesel,no,2008,A6,17,11.88,9.332558004700433,1,2.7
Volkswagen,13500.0,van,43,2.0,Diesel,yes,2014,T5 (Transporter) ,11,3.91,9.51044496442652,0,0.0
Toyota,11990.0,sedan,129,2.4,Petrol,yes,2007,Camry,18,7.17,9.39182824802156,0,0.0
Toyota,16500.0,other,130,2.7,Gas,yes,2004,Land Cruiser Prado,21,6.19,9.711115659888671,0,0.0
BMW,19000.0,crossover,215,3.0,Diesel,yes,2006,X5,19,11.32,9.852194258148577,1,3.0
Renault,5500.0,van,160,1.5,Diesel,yes,2005,Kangoo,20,8.0,8.612503371220562,0,0.0
BMW,39999.0,sedan,45,3.0,Petrol,yes,2011,535,14,3.21,10.596609732783568,1,3.0
Toyota,15500.0,sedan,140,2.4,Gas,yes,2007,Camry,18,7.78,9.648595302907339,0,0.0
Mitsubishi,11700.0,crossover,197,3.0,Gas,yes,2006,Pajero Sport,19,10.37,9.367344120785848,0,0.0
Volkswagen,2750.0,vagon,1,1.9,Diesel,no,2001,Passat B5,24,0.04,7.919356190660617,0,0.0
Renault,7150.0,vagon,1,1.5,Diesel,yes,2005,Megane,20,0.05,8.874867635688053,0,0.0
BMW,10500.0,hatch,220,2.0,Petrol,yes,2005,118,20,11.0,9.259130536145614,1,2.0
Mercedes-Benz,24900.0,sedan,97,1.8,Petrol,yes,2012,E-Class,13,7.46,10.1226230824528,1,1.8
Mercedes-Benz,26000.0,other,22,1.8,Petrol,yes,2014,C-Class,11,2.0,10.165851817003619,1,1.8
Mercedes-Benz,21500.0,crossover,148,6.2,Petrol,yes,2008,ML 63 AMG,17,8.71,9.975808214115753,1,6.2
BMW,2222.0,sedan,268,1.8,Petrol,no,1996,318,29,9.24,7.706162970199576,1,1.8
BMW,2900.0,vagon,236,2.0,Diesel,no,2001,320,24,9.83,7.9724660159745655,1,2.0
Volkswagen,4600.0,hatch,1,1.8,Gas,yes,1996,Golf III,29,0.03,8.433811582477187,0,0.0
Mercedes-Benz,3200.0,sedan,198,2.0,Gas,yes,1992,190,33,6.0,8.070906088787819,1,2.0
Mitsubishi,19400.0,crossover,78,2.4,Petrol,yes,2012,Outlander XL,13,6.0,9.87302834505142,0,0.0
Renault,4000.0,sedan,215,1.9,Diesel,no,2005,Laguna,20,10.75,8.294049640102028,0,0.0
BMW,65099.0,crossover,0,2.0,Diesel,yes,2016,X5,9,0.0,11.083664467095577,1,2.0
BMW,53999.0,sedan,80,2.99,Diesel,yes,2012,550,13,6.15,10.896720806856424,1,2.99
Renault,9200.0,vagon,155,1.5,Diesel,yes,2010,Clio,15,10.33,9.126958763037132,0,0.0
Mercedes-Benz,109999.0,van,0,2.2,Diesel,yes,2016,V 250,9,0.0,11.60822655382414,1,2.2
Mercedes-Benz,23500.0,van,170,2.2,Diesel,yes,2011,Vito,14,12.14,10.06475570013225,1,2.2
Audi,4800.0,sedan,390,2.6,Petrol,yes,1993,100,32,12.19,8.476371196895983,1,2.6
Toyota,13500.0,sedan,100,2.4,Petrol,yes,2007,Camry,18,5.56,9.51044496442652,0,0.0
Toyota,8700.0,sedan,131,1.6,Gas,yes,2007,Corolla,18,7.28,9.071078304642676,0,0.0
Mercedes-Benz,12300.0,sedan,423,5.0,Gas,yes,1997,S 500,28,15.11,9.417354541360508,1,5.0
Mitsubishi,7900.0,other,148,1.8,Petrol,yes,2003,Pajero Pinin,22,6.73,8.974618038455112,0,0.0
Volkswagen,10700.0,van,153,2.0,Diesel,yes,2010,Caddy,15,10.2,9.277999020449997,0,0.0
Renault,6800.0,van,185,1.6,Other,yes,2006,Kangoo,19,9.74,8.824677891164198,0,0.0
Renault,8500.0,van,157,1.5,Diesel,no,2013,Scenic,12,13.08,9.047821442478408,0,0.0
Mitsubishi,18700.0,crossover,97,3.2,Diesel,yes,2009,Pajero Wagon,16,6.06,9.836278802842678,0,0.0
BMW,1900.0,vagon,285,2.5,Diesel,no,1997,525,28,10.18,7.549609165154532,1,2.5
Mercedes-Benz,15500.0,van,75,2.0,Diesel,yes,2011,Vito,14,5.36,9.648595302907339,1,2.0
Volkswagen,8700.0,hatch,148,1.4,Other,yes,2008,Polo,17,8.71,9.071078304642676,0,0.0
Mercedes-Benz,47300.0,sedan,121,3.0,Diesel,yes,2012,S 350,13,9.31,10.764265574480024,1,3.0
BMW,5000.0,sedan,400,2.5,Petrol,yes,1991,525,34,11.76,8.517193191416238,1,2.5
Toyota,24000.0,crossover,73,4.0,Petrol,yes,2008,Land Cruiser Prado,17,4.29,10.085809109330082,0,0.0
Volkswagen,14800.0,sedan,85,1.4,Petrol,yes,2013,Jetta,12,7.08,9.602382459752207,0,0.0
Mercedes-Benz,6400.0,van,290,2.2,Diesel,yes,1999,Vito,26,11.15,8.764053269347762,1,2.2
Mitsubishi,19000.0,crossover,139,2.4,Gas,yes,2011,Outlander XL,14,9.93,9.852194258148577,0,0.0
Mercedes-Benz,11700.0,van,211,2.2,Diesel,yes,2007,Vito,18,11.72,9.367344120785848,1,2.2
Volkswagen,6500.0,vagon,101,2.0,Diesel,yes,2011,Passat B6,14,7.21,8.779557455883728,0,0.0
Volkswagen,4999.0,sedan,145,2.0,Petrol,yes,2000,Bora,25,5.8,8.51699317141357,0,0.0
Volkswagen,1900.0,hatch,100,1.6,Petrol,yes,1989,Golf II,36,2.78,7.549609165154532,0,0.0
Renault,8999.0,vagon,100,1.5,Diesel,yes,2009,Kangoo,16,6.25,9.104868739033948,0,0.0
Volkswagen,12700.0,van,164,1.6,Diesel,yes,2012,Touran,13,12.62,9.449357272446683,0,0.0
Mercedes-Benz,2200.0,sedan,168,2.0,Petrol,no,1994,E-Class,31,5.42,7.696212639346407,1,2.0
BMW,32500.0,vagon,65,2.0,Petrol,yes,2014,328,11,5.91,10.388995368317829,1,2.0
Volkswagen,16800.0,vagon,149,1.4,Gas,yes,2013,Passat B7,12,12.42,9.72913416539135,0,0.0
Mercedes-Benz,8999.0,van,360,2.2,Diesel,yes,2006,Vito,19,18.95,9.104868739033948,1,2.2
Audi,2500.0,sedan,407,2.8,Gas,no,1999,A6,26,15.65,7.824046010856292,1,2.8
BMW,37000.0,sedan,95,4.4,Petrol,yes,2011,750,14,6.79,10.51867319162636,1,4.4
Volkswagen,19500.0,sedan,82,1.8,Petrol,yes,2011,Passat B7,14,5.86,9.878169744551839,0,0.0
Volkswagen,10900.0,van,240,2.5,Diesel,yes,2007,T5 (Transporter),18,13.33,9.296518068217235,0,0.0
BMW,36500.0,sedan,33,2.0,Diesel,yes,2014,328,11,3.0,10.505067539570582,1,2.0
Renault,7300.0,van,154,1.5,Diesel,yes,2012,Kangoo,13,11.85,8.895629627136483,0,0.0
BMW,17500.0,vagon,125,3.0,Diesel,yes,2006,530,19,6.58,9.769956159911606,1,3.0
Audi,24500.0,sedan,122,4.0,Diesel,yes,2008,A8,17,7.18,10.106428396532818,1,4.0
Toyota,15500.0,crossover,146,2.4,Gas,yes,2008,Rav 4,17,8.59,9.648595302907339,0,0.0
Mitsubishi,25000.0,crossover,0,2.0,Petrol,yes,2016,Outlander,9,0.0,10.126631103850338,0,0.0
Mercedes-Benz,11900.0,sedan,167,1.8,Petrol,yes,2005,C-Class,20,8.35,9.38429367909962,1,1.8
Mercedes-Benz,8000.0,van,40,2.9,Diesel,yes,1999,Sprinter 212,26,1.54,8.987196820661973,1,2.9
Mitsubishi,16900.0,crossover,126,3.0,Gas,yes,2008,Pajero Wagon,17,7.41,9.735068900911164,0,0.0
Toyota,8800.0,crossover,205,2.0,Petrol,yes,2002,Rav 4,23,8.91,9.082507000466299,0,0.0
BMW,13000.0,sedan,220,2.5,Petrol,yes,2005,523,20,11.0,9.472704636443673,1,2.5
Renault,7500.0,van,43,1.5,Diesel,yes,2013,Kangoo,12,3.58,8.922658299524402,0,0.0
Toyota,8300.0,sedan,140,3.0,Petrol,yes,2002,Camry,23,6.09,9.02401079378469,0,0.0
Toyota,18700.0,crossover,250,4.7,Gas,yes,2004,Land Cruiser 100,21,11.9,9.836278802842678,0,0.0
Toyota,28787.85,sedan,0,2.5,Petrol,yes,2016,Camry,9,0.0,10.267708702109744,0,0.0
Mercedes-Benz,16500.0,sedan,190,2.2,Diesel,yes,2007,C-Class,18,10.56,9.711115659888671,1,2.2
Mitsubishi,13900.0,crossover,127,3.0,Petrol,yes,2008,Outlander XL,17,7.47,9.539644119118783,0,0.0
Audi,1350.0,vagon,400,1.9,Diesel,no,1994,80,31,12.9,7.2078598714324755,1,1.9
Toyota,20859.15,crossover,1,2.0,Petrol,yes,2016,Rav 4,9,0.11,9.945547979881786,0,0.0
Mitsubishi,28800.0,crossover,100,3.2,Diesel,yes,2013,Pajero Wagon,12,8.33,10.268130666124037,0,0.0
Mercedes-Benz,34900.0,crossover,64,2.2,Diesel,yes,2013,GLK 220,12,5.33,10.460242108190519,1,2.2
BMW,37500.0,other,45,2.0,Petrol,yes,2013,520,12,3.75,10.532096211958502,1,2.0
Mercedes-Benz,19700.0,sedan,220,2.2,Diesel,yes,2009,E-Class,16,13.75,9.88837391472608,1,2.2
Mercedes-Benz,12800.0,other,116,2.2,Diesel,yes,2013,Vito,12,9.67,9.457200449907708,1,2.2
Renault,4600.0,van,265,1.5,Diesel,yes,2008,Kangoo,17,15.59,8.433811582477187,0,0.0
Mercedes-Benz,17977.0,van,322,3.0,Diesel,yes,2007,Sprinter 318,18,17.89,9.796848442046416,1,3.0
Volkswagen,11962.0,sedan,0,1.6,Petrol,yes,2015,Polo,10,0.0,9.389490237604502,0,0.0
Volkswagen,12500.0,vagon,195,1.6,Diesel,yes,2013,Golf VI,12,16.25,9.433483923290392,0,0.0
Volkswagen,9200.0,van,268,2.5,Diesel,yes,2003,T4 (Transporter),22,12.18,9.126958763037132,0,0.0
Mercedes-Benz,28500.0,sedan,148,2.2,Diesel,yes,2011,E-Class,14,10.57,10.257659366256743,1,2.2
Volkswagen,16950.0,sedan,38,2.0,Diesel,yes,2014,Jetta,11,3.45,9.738023112808596,0,0.0
Mercedes-Benz,24750.0,sedan,212,5.5,Petrol,yes,2006,S 500,19,11.16,10.116580767996837,1,5.5
Mercedes-Benz,57000.0,crossover,3,2.2,Diesel,yes,2015,ML 250,10,0.3,10.950806546816688,1,2.2
Toyota,11300.0,hatch,87,1.0,Petrol,yes,2009,IQ,16,5.44,9.332558004700433,0,0.0
Mercedes-Benz,51000.0,sedan,119,4.7,Petrol,yes,2012,S 500,13,9.15,10.839580911706463,1,4.7
Audi,3000.0,vagon,270,1.9,Diesel,no,2001,A4,24,11.25,8.006367567650246,1,1.9
Toyota,9800.0,other,250,1.8,Petrol,yes,2000,Celica,25,10.0,9.190137664658664,0,0.0
Volkswagen,12850.0,crossover,200,2.5,Diesel,yes,2006,Touareg,19,10.53,9.461099090323366,0,0.0
BMW,52300.0,sedan,55,3.0,Diesel,yes,2013,5 Series GT,12,4.58,10.864751650053014,1,3.0
BMW,3650.0,sedan,300,2.0,Petrol,yes,1990,520,35,8.57,8.202482446576537,1,2.0
BMW,39900.0,crossover,82,3.0,Petrol,yes,2011,X6,14,5.86,10.594131602877955,1,3.0
Renault,7400.0,vagon,200,1.5,Diesel,yes,2007,Megane,18,11.11,8.909235279192261,0,0.0
Volkswagen,13999.0,van,175,2.0,Diesel,yes,2012,T5 (Transporter) ,13,13.46,9.546741177474825,0,0.0
Mercedes-Benz,15500.0,sedan,270,3.2,Diesel,no,2007,S 320,18,15.0,9.648595302907339,1,3.2
Renault,8500.0,vagon,130,1.5,Diesel,yes,2012,Clio,13,10.0,9.047821442478408,0,0.0
BMW,32500.0,other,86,3.0,Petrol,yes,2010,5 Series GT,15,5.73,10.388995368317829,1,3.0
Toyota,14700.0,sedan,131,3.5,Gas,yes,2007,Camry,18,7.28,9.595602772766828,0,0.0
Volkswagen,6500.0,van,310,1.9,Diesel,yes,1997,T4 (Transporter),28,11.07,8.779557455883728,0,0.0
Renault,7800.0,van,139,1.5,Diesel,yes,2013,Kangoo,12,11.58,8.961879012677683,0,0.0
Mercedes-Benz,8700.0,van,290,2.2,Diesel,yes,2005,Vito,20,14.5,9.071078304642676,1,2.2
Renault,9000.0,hatch,56,1.6,Petrol,yes,2011,Megane,14,4.0,9.104979856318357,0,0.0
Mercedes-Benz,14800.0,van,139,3.0,Diesel,yes,2008,Vito,17,8.18,9.602382459752207,1,3.0
Toyota,13400.0,sedan,125,2.4,Petrol,yes,2008,Camry,17,7.35,9.503009985939002,0,0.0
BMW,7777.0,other,375,4.0,Diesel,yes,2000,740,25,15.0,8.958925938694943,1,4.0
Toyota,6900.0,hatch,92,1.3,Petrol,yes,2006,Yaris,19,4.84,8.83927669058535,0,0.0
Volkswagen,10500.0,other,270,2.5,Diesel,yes,2007,T5 (Transporter),18,15.0,9.259130536145614,0,0.0
Audi,7800.0,sedan,90,2.2,Gas,yes,1994,S4,31,2.9,8.961879012677683,1,2.2
Mercedes-Benz,4100.0,sedan,215,4.3,Petrol,no,2001,CLK 430,24,8.96,8.318742252692399,1,4.3
BMW,4400.0,sedan,260,2.0,Gas,yes,1990,520,35,7.43,8.389359819906353,1,2.0
BMW,41500.0,crossover,176,3.0,Diesel,yes,2012,X5,13,13.54,10.63344870621879,1,3.0
Mercedes-Benz,13999.0,van,98,2.2,Diesel,yes,2011,Vito,14,7.0,9.546741177474825,1,2.2
Mercedes-Benz,16800.0,van,116,2.2,Diesel,yes,2013,Vito,12,9.67,9.72913416539135,1,2.2
BMW,58500.0,crossover,80,3.0,Diesel,yes,2013,X5 M,12,6.67,10.976782033219948,1,3.0
Volkswagen,10200.0,sedan,280,1.8,Petrol,yes,2006,Passat B5,19,14.74,9.230142999272362,0,0.0
Mitsubishi,13300.0,crossover,110,2.4,Gas,yes,2008,Outlander XL,17,6.47,9.495519314209846,0,0.0
Renault,6300.0,van,180,1.5,Diesel,yes,2012,Kangoo,13,13.85,8.748304912379623,0,0.0
Audi,16999.0,hatch,69,1.4,Petrol,yes,2012,A1,13,5.31,9.74090979777877,1,1.4
Toyota,20100.0,crossover,48,2.0,Petrol,yes,2012,Rav 4,13,3.69,9.908475094047168,0,0.0
Volkswagen,10800.0,sedan,100,1.8,Petrol,yes,2008,Passat B6,17,5.88,9.287301413112312,0,0.0
Mercedes-Benz,14200.0,sedan,245,2.2,Diesel,yes,2007,E-Class,18,13.61,9.560997243589352,1,2.2
BMW,4700.0,sedan,333,3.0,Petrol,yes,1994,730,31,10.74,8.45531778769815,1,3.0
BMW,5700.0,sedan,252,2.5,Diesel,yes,1997,525,28,9.0,8.648221453822641,1,2.5
BMW,11900.0,sedan,300,2.5,Gas,yes,2004,525,21,14.29,9.38429367909962,1,2.5
Mercedes-Benz,3750.0,vagon,330,2.2,Gas,yes,1995,E-Class,30,11.0,8.229511118964457,1,2.2
Mercedes-Benz,2700.0,sedan,350,3.0,Diesel,yes,1988,300,37,9.46,7.90100705199242,1,3.0
Volkswagen,2999.0,vagon,239,1.9,Diesel,no,2003,Passat B5,22,10.86,8.00603417874901,0,0.0
Mercedes-Benz,8600.0,sedan,240,3.2,Diesel,yes,2001,E-Class,24,10.0,9.0595174822416,1,3.2
Toyota,6950.0,sedan,192,2.0,Petrol,yes,2003,Avensis,22,8.73,8.846496938558838,0,0.0
Mitsubishi,22900.0,crossover,69,2.4,Petrol,yes,2014,Outlander XL,11,6.27,10.03889218954233,0,0.0
Volkswagen,8900.0,sedan,185,1.6,Petrol,yes,2007,Jetta,18,10.28,9.093806555720231,0,0.0
Volkswagen,7500.0,van,317,1.9,Diesel,yes,2008,T5 (Transporter) ,17,18.65,8.922658299524402,0,0.0
BMW,28700.0,sedan,160,3.0,Petrol,yes,2011,528,14,11.43,10.264652401747712,1,3.0
Mercedes-Benz,12000.0,other,218,2.2,Diesel,yes,2007,Vito,18,12.11,9.392661928770137,1,2.2
BMW,10999.0,sedan,150,2.0,Gas,yes,2003,320,22,6.82,9.305559638557117,1,2.0
Audi,23000.0,crossover,167,3.6,Petrol,yes,2008,Q7,17,9.82,10.043249494911286,1,3.6
Audi,2550.0,vagon,1,2.5,Diesel,no,1998,A6,27,0.04,7.843848638152472,1,2.5
Toyota,8800.0,crossover,388,4.2,Diesel,yes,1997,Land Cruiser 80,28,13.86,9.082507000466299,0,0.0
Renault,10000.0,van,220,2.0,Diesel,yes,2007,Trafic,18,12.22,9.210340371976184,0,0.0
Renault,6300.0,van,73,1.5,Diesel,yes,2008,Kangoo,17,4.29,8.748304912379623,0,0.0
Toyota,13800.0,other,160,3.5,Gas,yes,2006,Camry,19,8.42,9.532423871145296,0,0.0
Volkswagen,10750.0,van,176,2.0,Diesel,yes,2012,T5 (Transporter) ,13,13.54,9.28266103355581,0,0.0
Volkswagen,12500.0,van,207,1.9,Diesel,yes,2007,Sharan,18,11.5,9.433483923290392,0,0.0
Mercedes-Benz,5500.0,sedan,250,2.2,Diesel,no,2003,E-Class,22,11.36,8.612503371220562,1,2.2
Volkswagen,13300.0,van,250,2.5,Diesel,yes,2008,T5 (Transporter),17,14.71,9.495519314209846,0,0.0
Volkswagen,20000.0,crossover,115,2.5,Diesel,yes,2008,Touareg,17,6.76,9.903487552536127,0,0.0
Renault,3500.0,van,30,1.4,Gas,yes,2006,Kangoo,19,1.58,8.160518247477505,0,0.0
Renault,9300.0,sedan,94,1.5,Diesel,yes,2011,Fluence,14,6.71,9.137769679141348,0,0.0
Audi,30500.0,sedan,110,3.0,Petrol,yes,2011,A6,14,7.86,10.325481962595504,1,3.0
Audi,18300.0,vagon,190,2.0,Diesel,yes,2011,A6,14,13.57,9.814656338829513,1,2.0
Audi,41000.0,crossover,88,4.2,Diesel,yes,2010,Q7,15,5.87,10.621327345686446,1,4.2
BMW,4100.0,hatch,160,1.6,Petrol,yes,2004,1 Series,21,7.62,8.318742252692399,1,1.6
Volkswagen,22500.0,van,62,2.0,Diesel,yes,2011,Caravelle,14,4.43,10.021270588192511,0,0.0
Volkswagen,8900.0,van,272,1.9,Diesel,yes,2005,Caddy,20,13.6,9.093806555720231,0,0.0
BMW,13950.0,crossover,278,3.0,Diesel,yes,2003,X5,22,12.64,9.543234787249512,1,3.0
Volkswagen,8999.0,van,125,1.6,Diesel,yes,2011,Caddy,14,8.93,9.104868739033948,0,0.0
Toyota,14100.0,hatch,67,1.6,Petrol,yes,2012,Auris,13,5.15,9.55393007636626,0,0.0
Volkswagen,6950.0,sedan,132,1.6,Other,yes,2004,Bora,21,6.29,8.846496938558838,0,0.0
Volkswagen,7350.0,hatch,180,1.4,Petrol,yes,2003,Golf IV,22,8.18,8.902455592206882,0,0.0
Mercedes-Benz,17500.0,other,180,3.0,Diesel,yes,2008,Vito,17,10.59,9.769956159911606,1,3.0
Mercedes-Benz,20500.0,sedan,222,5.5,Petrol,yes,2006,S 500,19,11.68,9.9281801651265,1,5.5
Mercedes-Benz,115000.0,sedan,49,4.7,Petrol,yes,2014,S 500,11,4.45,11.652687407345388,1,4.7
Mitsubishi,11100.0,vagon,132,2.4,Gas,yes,2006,Grandis,19,6.95,9.314700387300425,0,0.0
BMW,29900.0,sedan,175,2.0,Diesel,yes,2011,520,14,12.5,10.305613759378778,1,2.0
Toyota,17595.0,sedan,131,2.0,Petrol,yes,2011,Avensis,14,9.36,9.775370049755686,0,0.0
Volkswagen,6800.0,van,170,2.0,Gas,no,2011,Caddy,14,12.14,8.824677891164198,0,0.0
Audi,4150.0,vagon,249,2.5,Diesel,no,2004,A6,21,11.86,8.330863613224745,1,2.5
Toyota,32950.0,other,50,5.7,Petrol,yes,2013,Tundra,12,4.17,10.402746539930654,0,0.0
Mercedes-Benz,7500.0,other,406,2.2,Diesel,yes,2003,Vito,22,18.45,8.922658299524402,1,2.2
BMW,33700.0,crossover,134,4.4,Petrol,yes,2009,X6,16,8.38,10.425253116340453,1,4.4
Mitsubishi,8350.0,sedan,98,1.5,Petrol,yes,2010,Lancer X,15,6.53,9.030016817844901,0,0.0
BMW,4100.0,sedan,350,2.4,Diesel,yes,1992,525,33,10.61,8.318742252692399,1,2.4
BMW,4700.0,sedan,230,2.5,Petrol,yes,1990,525,35,6.57,8.45531778769815,1,2.5
Mercedes-Benz,14500.0,van,207,2.2,Diesel,yes,2008,Vito,17,12.18,9.581903928408666,1,2.2
Mercedes-Benz,9600.0,van,184,2.2,Diesel,yes,2012,Vito,13,14.15,9.169518377455928,1,2.2
Mercedes-Benz,17800.0,van,162,1.8,Diesel,yes,2012,B 180,13,12.46,9.786953736280177,1,1.8
Mercedes-Benz,40000.0,crossover,152,5.0,Gas,yes,2006,G 500,19,8.0,10.596634733096073,1,5.0
Toyota,24000.0,crossover,152,4.0,Gas,yes,2006,Land Cruiser Prado,19,8.0,10.085809109330082,0,0.0
Volkswagen,8300.0,other,151,2.0,Petrol,yes,2005,T5 (Transporter),20,7.55,9.02401079378469,0,0.0
BMW,3800.0,sedan,278,2.9,Diesel,no,2001,530,24,11.58,8.242756345714477,1,2.9
Audi,27500.0,sedan,150,2.0,Petrol,yes,2013,A6,12,12.5,10.221941283654663,1,2.0
Volkswagen,5200.0,vagon,248,2.0,Diesel,no,2005,Passat B6,20,12.4,8.556413904569519,0,0.0
Volkswagen,8500.0,sedan,220,2.0,Other,yes,2005,Passat B5,20,11.0,9.047821442478408,0,0.0
Mercedes-Benz,43500.0,sedan,59,4.6,Petrol,yes,2011,S 500,14,4.21,10.680516217076775,1,4.6
BMW,14000.0,crossover,240,4.4,Gas,yes,2002,X5,23,10.43,9.546812608597396,1,4.4
Mitsubishi,11500.0,crossover,191,3.0,Gas,yes,2006,Pajero Sport,19,10.05,9.350102314351341,0,0.0
BMW,41000.0,sedan,97,4.4,Petrol,yes,2011,750,14,6.93,10.621327345686446,1,4.4
Mercedes-Benz,62000.0,crossover,150,3.0,Diesel,yes,2013,GL 350,12,12.5,11.03488966402723,1,3.0
Audi,35900.0,crossover,143,3.0,Diesel,yes,2010,Q7,15,9.53,10.48849257447637,1,3.0
Mercedes-Benz,8200.0,other,199,2.2,Diesel,yes,2001,Vito,24,8.29,9.011889433252344,1,2.2
Mercedes-Benz,17300.0,sedan,107,1.8,Petrol,yes,2008,C-Class,17,6.29,9.75846178048587,1,1.8
Audi,30999.0,sedan,2,1.4,Petrol,yes,2016,A3,9,0.22,10.341710224882465,1,1.4
BMW,3099.0,sedan,230,3.0,Diesel,no,2003,530,22,10.45,8.038834757787749,1,3.0
Audi,5700.0,vagon,250,2.0,Diesel,no,2006,A4,19,13.16,8.648221453822641,1,2.0
Volkswagen,7400.0,sedan,178,1.8,Gas,yes,2001,Passat B5,24,7.42,8.909235279192261,0,0.0
Toyota,14500.0,other,180,2.5,Diesel,yes,2007,Hilux,18,10.0,9.581903928408666,0,0.0
Volkswagen,7300.0,van,214,1.9,Diesel,yes,2001,T4 (Transporter),24,8.92,8.895629627136483,0,0.0
Mercedes-Benz,33800.0,crossover,120,3.0,Diesel,yes,2010,ML 350,15,8.0,10.42821608147111,1,3.0
BMW,3900.0,sedan,330,3.0,Diesel,no,2000,530,25,13.2,8.268731832117737,1,3.0
Volkswagen,10700.0,van,274,2.5,Diesel,yes,2001,T4 (Transporter),24,11.42,9.277999020449997,0,0.0
Audi,17800.0,sedan,177,4.2,Petrol,yes,2008,A8,17,10.41,9.786953736280177,1,4.2
Mitsubishi,14500.0,crossover,167,3.0,Gas,yes,2008,Pajero Wagon,17,9.82,9.581903928408666,0,0.0
Mercedes-Benz,29900.0,sedan,83,2.2,Diesel,yes,2012,E-Class,13,6.38,10.305613759378778,1,2.2
Mercedes-Benz,8100.0,van,330,2.2,Diesel,yes,2001,Vito,24,13.75,8.99961934066053,1,2.2
Mercedes-Benz,29500.0,sedan,64,1.6,Petrol,yes,2013,CLA 200,12,5.33,10.292145542327912,1,1.6
Mercedes-Benz,12700.0,other,198,2.2,Diesel,yes,2011,Vito,14,14.14,9.449357272446683,1,2.2
Volkswagen,1199.0,hatch,250,1.9,Diesel,no,1994,Golf III,31,8.06,7.089243155027514,0,0.0
Volkswagen,12999.0,van,250,1.9,Diesel,yes,2009,T5 (Transporter),16,15.62,9.47262771040802,0,0.0
Audi,34419.45,sedan,0,1.4,Petrol,yes,2016,Q3,9,0.0,10.446377090555934,1,1.4
Mitsubishi,8600.0,sedan,145,2.0,Petrol,yes,2009,Lancer X,16,9.06,9.0595174822416,0,0.0
Renault,10450.0,van,106,2.0,Diesel,yes,2013,Trafic,12,8.83,9.254357257392957,0,0.0
Mercedes-Benz,17800.0,van,145,2.2,Diesel,yes,2010,Vito,15,9.67,9.786953736280177,1,2.2
Audi,3550.0,sedan,215,2.5,Diesel,no,2001,A6,24,8.96,8.174702882469461,1,2.5
Mercedes-Benz,114999.0,crossover,0,2.99,Diesel,yes,2016,GLS 350,9,0.0,11.652678711655406,1,2.99
Renault,13400.0,vagon,190,1.5,Diesel,yes,2013,Laguna,12,15.83,9.503009985939002,0,0.0
BMW,2250.0,sedan,350,2.5,Diesel,yes,1998,525,27,12.96,7.718685495198466,1,2.5
Mitsubishi,14999.0,crossover,115,3.0,Petrol,yes,2008,Outlander XL,17,6.76,9.61573881119536,0,0.0
Volkswagen,10600.0,van,140,2.0,Diesel,yes,2011,T6 (Transporter) ,14,10.0,9.268609280100158,0,0.0
Audi,34000.0,crossover,119,2.0,Diesel,yes,2013,Q5,12,9.92,10.4341158035983,1,2.0
BMW,33500.0,sedan,65,2.0,Petrol,yes,2013,520,12,5.42,10.419300717813158,1,2.0
Audi,22800.0,sedan,122,2.0,Petrol,yes,2011,A6,14,8.71,10.034515814942532,1,2.0
BMW,66666.0,crossover,0,2.0,Diesel,yes,2016,X5,9,0.0,11.107450356812064,1,2.0
Audi,18500.0,crossover,185,3.6,Petrol,yes,2008,Q7,17,10.88,9.825526011066415,1,3.6
Volkswagen,17900.0,sedan,192,2.5,Diesel,yes,2007,Multivan,18,10.67,9.792555991828847,0,0.0
Mercedes-Benz,6950.0,other,190,2.2,Diesel,yes,1999,Vito,26,7.31,8.846496938558838,1,2.2
Mercedes-Benz,105000.0,crossover,1,3.0,Diesel,yes,2016,GLS 350,9,0.11,11.56171562913966,1,3.0
Renault,11999.0,van,107,2.0,Diesel,yes,2013,Trafic,12,8.92,9.392578591964389,0,0.0
Renault,8000.0,van,189,1.9,Diesel,yes,2005,Trafic,20,9.45,8.987196820661973,0,0.0
BMW,4600.0,sedan,280,3.0,Other,no,1999,730,26,10.77,8.433811582477187,1,3.0
Renault,7400.0,vagon,242,1.5,Diesel,yes,2007,Megane,18,13.44,8.909235279192261,0,0.0
Audi,27500.0,crossover,147,3.0,Diesel,yes,2008,Q7,17,8.65,10.221941283654663,1,3.0
Toyota,27500.0,crossover,85,4.0,Petrol,yes,2007,Land Cruiser Prado,18,4.72,10.221941283654663,0,0.0
Volkswagen,9800.0,van,196,1.6,Diesel,yes,2011,Caddy,14,14.0,9.190137664658664,0,0.0
Volkswagen,21000.0,crossover,173,3.0,Diesel,yes,2008,Touareg,17,10.18,9.95227771670556,0,0.0
Audi,9000.0,vagon,199,2.7,Petrol,yes,2003,A6 Allroad,22,9.05,9.104979856318357,1,2.7
Audi,55000.0,crossover,100,6.0,Diesel,yes,2009,Q7,16,6.25,10.915088464214607,1,6.0
Mercedes-Benz,38900.0,crossover,65,4.5,Petrol,yes,2010,GL 450,15,4.33,10.568749529606537,1,4.5
Renault,4000.0,sedan,180,1.4,Gas,yes,2006,Logan,19,9.47,8.294049640102028,0,0.0
Toyota,13300.0,sedan,152,2.0,Petrol,yes,2009,Avensis,16,9.5,9.495519314209846,0,0.0
Volkswagen,34500.0,crossover,108,3.0,Diesel,yes,2012,Touareg,13,8.31,10.448714603019452,0,0.0
BMW,24999.0,vagon,24,2.0,Petrol,yes,2012,X1,13,1.85,10.126591103050316,1,2.0
Volkswagen,9750.0,hatch,130,1.4,Petrol,yes,2005,Golf V,20,6.5,9.185022563991893,0,0.0
BMW,5900.0,sedan,390,1.8,Gas,yes,1996,318,29,13.45,8.68270762989381,1,1.8
Volkswagen,6500.0,van,290,1.9,Diesel,yes,2004,T5 (Transporter) ,21,13.81,8.779557455883728,0,0.0
Volkswagen,11000.0,vagon,127,1.6,Diesel,yes,2012,Golf VI,13,9.77,9.305650551780507,0,0.0
Mercedes-Benz,18800.0,sedan,320,5.0,Petrol,yes,1998,S 500,27,11.85,9.84161214881804,1,5.0
Volkswagen,13700.0,van,222,2.0,Diesel,yes,2011,T5 (Transporter) ,14,15.86,9.525151111816216,0,0.0
Volkswagen,8500.0,van,184,2.0,Diesel,yes,2007,Caddy,18,10.22,9.047821442478408,0,0.0
Volkswagen,19100.0,sedan,4,1.6,Other,yes,2016,Jetta,9,0.44,9.857443614034722,0,0.0
Renault,10200.0,hatch,70,1.5,Diesel,yes,2013,Sandero,12,5.83,9.230142999272362,0,0.0
BMW,7800.0,sedan,310,2.0,Gas,yes,2000,520,25,12.4,8.961879012677683,1,2.0
Mercedes-Benz,9150.0,sedan,273,2.7,Diesel,yes,2000,E-Class,25,10.92,9.121509158269568,1,2.7
Renault,7900.0,van,268,1.5,Diesel,yes,2008,Grand Scenic,17,15.76,8.974618038455112,0,0.0
Toyota,72000.0,crossover,40,4.5,Diesel,yes,2014,Land Cruiser 200,11,3.64,11.184421397998193,0,0.0
Mercedes-Benz,49500.0,crossover,52,3.0,Diesel,yes,2013,ML 350,12,4.33,10.809727948556782,1,3.0
Volkswagen,45000.0,sedan,90,3.0,Diesel,yes,2011,Phaeton,14,6.43,10.714417768752456,0,0.0
Renault,8300.0,van,141,2.0,Diesel,yes,2011,Trafic,14,10.07,9.02401079378469,0,0.0
Renault,5100.0,vagon,156,1.5,Diesel,yes,2006,Kangoo,19,8.21,8.536995818712418,0,0.0
Toyota,15300.0,other,116,2.4,Petrol,yes,2009,Camry,16,7.25,9.635608107380527,0,0.0
Volkswagen,7300.0,van,142,2.0,Diesel,yes,2006,Caddy,19,7.47,8.895629627136483,0,0.0
Toyota,14700.0,hatch,98,1.6,Gas,yes,2013,Auris,12,8.17,9.595602772766828,0,0.0
Mercedes-Benz,7900.0,other,197,2.2,Diesel,yes,2003,Vito,22,8.95,8.974618038455112,1,2.2
Volkswagen,2900.0,vagon,243,1.9,Diesel,no,1999,Passat B5,26,9.35,7.9724660159745655,0,0.0
BMW,3200.0,sedan,237,2.5,Petrol,yes,1990,525,35,6.77,8.070906088787819,1,2.5
Mercedes-Benz,4400.0,sedan,160,2.7,Diesel,no,2000,E-Class,25,6.4,8.389359819906353,1,2.7
Toyota,20800.0,crossover,107,4.0,Petrol,yes,2006,Land Cruiser Prado,19,5.63,9.94270826568941,0,0.0
Toyota,27800.0,crossover,98,2.2,Diesel,yes,2013,Rav 4,12,8.17,10.232791299678729,0,0.0
Audi,16500.0,vagon,171,2.0,Diesel,yes,2008,A6,17,10.06,9.711115659888671,1,2.0
Renault,10500.0,van,67,1.6,Petrol,yes,2012,Scenic,13,5.15,9.259130536145614,0,0.0
Mitsubishi,16999.0,crossover,107,3.0,Gas,yes,2008,Pajero Wagon,17,6.29,9.74090979777877,0,0.0
Audi,35000.0,sedan,92,2.8,Petrol,yes,2013,A6,12,7.67,10.46310334047155,1,2.8
Mercedes-Benz,21500.0,crossover,142,3.5,Petrol,yes,2008,ML 350,17,8.35,9.975808214115753,1,3.5
Mercedes-Benz,15800.0,other,264,2.2,Other,yes,2009,Vito,16,16.5,9.667765219015058,1,2.2
BMW,75555.0,sedan,30,4.4,Petrol,yes,2014,550,11,2.73,11.23261614684786,1,4.4
Toyota,8900.0,other,180,2.0,Petrol,yes,2003,Rav 4,22,8.18,9.093806555720231,0,0.0
Renault,6300.0,vagon,189,1.5,Diesel,yes,2008,Kangoo,17,11.12,8.748304912379623,0,0.0
Mitsubishi,20500.0,crossover,109,3.2,Diesel,yes,2009,Pajero Wagon,16,6.81,9.9281801651265,0,0.0
Volkswagen,11300.0,van,165,1.9,Diesel,yes,2010,Caddy,15,11.0,9.332558004700433,0,0.0
Volkswagen,42500.0,crossover,63,3.0,Diesel,yes,2014,Touareg,11,5.73,10.657259354912508,0,0.0
Toyota,28000.0,crossover,95,3.5,Gas,yes,2011,Highlander,14,6.79,10.239959789157341,0,0.0
Mitsubishi,17500.0,crossover,38,1.8,Petrol,yes,2012,ASX,13,2.92,9.769956159911606,0,0.0
Volkswagen,7800.0,van,282,2.5,Diesel,yes,2000,T4 (Transporter),25,11.28,8.961879012677683,0,0.0
Mercedes-Benz,74999.0,crossover,1,2.2,Diesel,yes,2016,GLE-Class,9,0.11,11.225230059096225,1,2.2
Renault,10200.0,other,39,1.5,Diesel,yes,2014,Kangoo,11,3.55,9.230142999272362,0,0.0
BMW,22500.0,sedan,179,3.0,Diesel,yes,2007,730,18,9.94,10.021270588192511,1,3.0
Mercedes-Benz,52777.0,sedan,60,3.0,Diesel,yes,2012,CLS 350,13,4.62,10.873830768729865,1,3.0
Toyota,14250.0,van,127,3.5,Other,yes,2007,Sienna,18,7.06,9.564512185696797,0,0.0
Toyota,26200.0,crossover,156,4.0,Gas,yes,2007,Land Cruiser Prado,18,8.67,10.173514689749188,0,0.0
Volkswagen,9800.0,van,299,2.5,Diesel,yes,2002,T4 (Transporter),23,13.0,9.190137664658664,0,0.0
Mercedes-Benz,47600.0,van,0,2.2,Diesel,yes,2016,Vito,9,0.0,10.770588040219511,1,2.2
Volkswagen,8700.0,other,357,2.5,Diesel,yes,2003,T4 (Transporter) ,22,16.23,9.071078304642676,0,0.0
BMW,30500.0,crossover,147,3.0,Diesel,yes,2008,X5,17,8.65,10.325481962595504,1,3.0
Renault,11700.0,vagon,177,1.5,Diesel,yes,2012,Laguna,13,13.62,9.367344120785848,0,0.0
Mercedes-Benz,6400.0,hatch,177,2.0,Diesel,no,2008,B 200,17,10.41,8.764053269347762,1,2.0
BMW,36400.0,crossover,80,3.0,Petrol,yes,2011,X5,14,5.71,10.502324053624832,1,3.0
Audi,75000.0,crossover,0,3.0,Diesel,yes,2015,Q7,10,0.0,11.225243392518447,1,3.0
Volkswagen,6000.0,hatch,195,1.2,Gas,yes,2004,Polo,21,9.29,8.699514748210191,0,0.0
Mercedes-Benz,4900.0,van,248,2.2,Diesel,yes,2003,Vito,22,11.27,8.496990484098719,1,2.2
Mercedes-Benz,6999.0,sedan,288,3.2,Gas,yes,2001,E-Class,24,12.0,8.85352256068954,1,3.2
Volkswagen,9900.0,other,171,1.6,Diesel,yes,2011,Caddy,14,12.21,9.20029003612268,0,0.0
Volkswagen,3500.0,sedan,189,1.8,Petrol,yes,1993,Vento,32,5.91,8.160518247477505,0,0.0
BMW,1750.0,vagon,200,2.0,Petrol,no,2000,520,25,8.0,7.4673710669175595,1,2.0
Renault,4600.0,sedan,230,1.5,Diesel,yes,2007,Kangoo,18,12.78,8.433811582477187,0,0.0
Volkswagen,9800.0,van,220,1.9,Diesel,yes,2008,Caddy,17,12.94,9.190137664658664,0,0.0
Renault,5950.0,van,135,1.5,Diesel,yes,2012,Kangoo,13,10.38,8.691146498539675,0,0.0
Renault,7400.0,van,120,1.5,Diesel,yes,2012,Kangoo,13,9.23,8.909235279192261,0,0.0
Audi,12800.0,sedan,217,1.8,Petrol,yes,2007,A4,18,12.06,9.457200449907708,1,1.8
Volkswagen,9000.0,sedan,59,1.6,Gas,yes,2013,Polo,12,4.92,9.104979856318357,0,0.0
Mitsubishi,18600.0,crossover,52,2.0,Petrol,yes,2013,Outlander,12,4.33,9.830916859701293,0,0.0
BMW,3900.0,sedan,340,2.5,Diesel,no,2000,525,25,13.6,8.268731832117737,1,2.5
Audi,92222.0,crossover,0,3.0,Diesel,yes,2016,Q7,9,0.0,11.431953992795103,1,3.0
Volkswagen,5400.0,other,314,2.4,Diesel,yes,1993,T4 (Transporter),32,9.81,8.594154232552366,0,0.0
Audi,16000.0,sedan,250,2.0,Diesel,yes,2008,A6,17,14.71,9.680344001221918,1,2.0
Volkswagen,3500.0,other,304,1.9,Diesel,no,2006,Touran,19,16.0,8.160518247477505,0,0.0
Mercedes-Benz,6500.0,sedan,270,2.8,Gas,yes,1999,E-Class,26,10.38,8.779557455883728,1,2.8
Mercedes-Benz,7000.0,sedan,300,4.3,Gas,yes,2000,E-Class,25,12.0,8.85366542803745,1,4.3
Renault,10499.0,vagon,121,1.5,Diesel,yes,2013,Megane,12,10.08,9.259035293514941,0,0.0
Renault,13900.0,crossover,111,2.5,Gas,yes,2010,Koleos,15,7.4,9.539644119118783,0,0.0
BMW,6400.0,other,220,2.5,Petrol,yes,1997,323,28,7.86,8.764053269347762,1,2.5
BMW,10800.0,sedan,246,3.0,Diesel,yes,2003,530,22,11.18,9.287301413112312,1,3.0
BMW,12700.0,hatch,130,2.0,Petrol,yes,2007,118,18,7.22,9.449357272446683,1,2.0
BMW,38500.0,sedan,140,2.0,Diesel,yes,2012,520,13,10.77,10.558413520275876,1,2.0
Mitsubishi,5999.0,sedan,150,1.6,Petrol,yes,2005,Lancer,20,7.5,8.699348067653093,0,0.0
Renault,9500.0,hatch,77,1.6,Petrol,yes,2011,Megane,14,5.5,9.159047077588632,0,0.0
Volkswagen,12000.0,van,196,2.0,Diesel,yes,2011,T5 (Transporter) ,14,14.0,9.392661928770137,0,0.0
Mercedes-Benz,38700.0,sedan,117,5.5,Petrol,yes,2010,S 550,15,7.8,10.563594879017874,1,5.5
Mercedes-Benz,40000.0,other,119,6.3,Petrol,yes,2008,ML 63 AMG,17,7.0,10.596634733096073,1,6.3
Mercedes-Benz,6900.0,other,311,2.2,Diesel,yes,1999,Vito,26,11.96,8.83927669058535,1,2.2
Audi,24300.0,sedan,43,1.8,Petrol,yes,2012,A4,13,3.31,10.09823162932864,1,1.8
Mitsubishi,17700.0,crossover,165,3.0,Gas,yes,2007,Pajero Wagon,18,9.17,9.78131991856192,0,0.0
Toyota,18999.0,crossover,153,2.7,Gas,yes,2006,Land Cruiser Prado,19,8.05,9.85214162518454,0,0.0
BMW,8300.0,sedan,200,4.4,Petrol,yes,2001,740,24,8.33,9.02401079378469,1,4.4
Toyota,25000.0,crossover,80,4.0,Gas,yes,2008,FJ Cruiser,17,4.71,10.126631103850338,0,0.0
Mitsubishi,12499.0,crossover,142,2.4,Gas,yes,2008,Outlander XL,17,8.35,9.433403920090221,0,0.0
BMW,2899.0,sedan,340,2.4,Diesel,yes,1988,524,37,9.19,7.972121128921655,1,2.4
BMW,19900.0,other,95,4.5,Petrol,yes,2005,645,20,4.75,9.898475010712584,1,4.5
Audi,51000.0,crossover,44,3.0,Diesel,yes,2014,Q7,11,4.0,10.839580911706463,1,3.0
Audi,81999.0,crossover,0,2.98,Diesel,yes,2016,Q7,9,0.0,11.314462331050079,1,2.98
BMW,9500.0,sedan,400,3.5,Gas,yes,1999,735,26,15.38,9.159047077588632,1,3.5
Mitsubishi,10200.0,crossover,99,2.0,Gas,yes,2008,Outlander,17,5.82,9.230142999272362,0,0.0
Mercedes-Benz,5500.0,van,260,2.2,Diesel,no,2004,Vito,21,12.38,8.612503371220562,1,2.2
Volkswagen,18500.0,sedan,74,1.8,Petrol,yes,2011,Passat CC,14,5.29,9.825526011066415,0,0.0
Volkswagen,11200.0,van,200,2.5,Diesel,yes,2003,T4 (Transporter),22,9.09,9.323669057283185,0,0.0
BMW,3099.0,sedan,320,2.0,Diesel,no,2000,320,25,12.8,8.038834757787749,1,2.0
Audi,27300.0,other,65,2.0,Petrol,yes,2011,TT,14,4.64,10.21464198117305,1,2.0
Mitsubishi,9700.0,sedan,120,2.4,Gas,yes,2006,Galant,19,6.32,9.179881164491475,0,0.0
Mitsubishi,18900.0,crossover,127,3.0,Gas,yes,2008,Pajero Wagon,17,7.47,9.846917201047734,0,0.0
Audi,33500.0,crossover,67,2.0,Petrol,yes,2011,Q5,14,4.79,10.419300717813158,1,2.0
Volkswagen,5500.0,van,400,1.9,Diesel,yes,1995,T4 (Transporter),30,13.33,8.612503371220562,0,0.0
Volkswagen,5300.0,sedan,270,1.8,Gas,yes,1997,Passat B5,28,9.64,8.575462099540212,0,0.0
Toyota,25500.0,crossover,200,4.0,Petrol,yes,2007,Land Cruiser Prado,18,11.11,10.146433731146518,0,0.0
Toyota,23660.0,crossover,125,3.5,Gas,yes,2013,Highlander,12,10.42,10.071541137532378,0,0.0
Mitsubishi,5900.0,sedan,170,1.6,Petrol,yes,2007,Lancer,18,9.44,8.68270762989381,0,0.0
Volkswagen,15900.0,sedan,150,2.0,Diesel,yes,2012,Passat B7,13,11.54,9.674074388208323,0,0.0
Mercedes-Benz,105999.0,crossover,0,2.98,Diesel,yes,2016,GLE-Class,9,0.0,11.57118493908744,1,2.98
Mercedes-Benz,18500.0,van,170,2.2,Diesel,yes,2010,Vito,15,11.33,9.825526011066415,1,2.2
BMW,86999.0,crossover,0,3.0,Diesel,yes,2016,X6,9,0.0,11.373651903317787,1,3.0
BMW,27800.0,sedan,170,2.0,Diesel,yes,2011,520,14,12.14,10.232791299678729,1,2.0
Volkswagen,9000.0,van,275,2.5,Diesel,yes,2002,T4 (Transporter),23,11.96,9.104979856318357,0,0.0
Toyota,12200.0,sedan,185,3.5,Petrol,yes,2008,Camry,17,10.88,9.409191230721348,0,0.0
Toyota,5800.0,sedan,200,2.2,Petrol,yes,1999,Camry,26,7.69,8.66561319653451,0,0.0
Volkswagen,14499.0,van,164,2.0,Diesel,yes,2013,T5 (Transporter) ,12,13.67,9.581834960513193,0,0.0
Audi,37000.0,other,170,3.0,Diesel,yes,2010,Q7,15,11.33,10.51867319162636,1,3.0
Volkswagen,4500.0,hatch,199,1.8,Petrol,yes,1996,Golf III,29,6.86,8.411832675758411,0,0.0
Audi,6557.85,sedan,327,4.2,Gas,yes,2000,A8,25,13.08,8.788418084315925,1,4.2
Renault,6800.0,sedan,219,1.6,Gas,yes,2007,Megane,18,12.17,8.824677891164198,0,0.0
BMW,37900.0,crossover,97,3.0,Diesel,yes,2010,X6,15,6.47,10.542706391070517,1,3.0
Audi,14200.0,sedan,176,3.0,Diesel,yes,2005,A6,20,8.8,9.560997243589352,1,3.0
Mitsubishi,9350.0,sedan,94,1.5,Gas,yes,2010,Lancer X,15,6.27,9.143131622282732,0,0.0
Toyota,3100.0,hatch,283,1.3,Petrol,yes,1994,Corolla,31,9.13,8.039157390473237,0,0.0
Mitsubishi,8400.0,crossover,100,3.2,Diesel,yes,2011,Pajero Wagon,14,7.14,9.035986984831405,0,0.0
Audi,30650.0,vagon,35,2.0,Petrol,yes,2013,A4 Allroad,12,2.92,10.330387941364357,1,2.0
Audi,8800.0,sedan,298,2.4,Gas,yes,1999,A6,26,11.46,9.082507000466299,1,2.4
Mitsubishi,7699.0,crossover,254,3.0,Petrol,yes,2002,Pajero Sport,23,11.04,8.94884572927805,0,0.0
Renault,6400.0,van,136,1.5,Diesel,yes,2012,Kangoo,13,10.46,8.764053269347762,0,0.0
Volkswagen,16200.0,hatch,44,1.4,Petrol,yes,2012,Golf VI,13,3.38,9.692766521220475,0,0.0
Volkswagen,4100.0,sedan,88,1.8,Gas,yes,1993,Vento,32,2.75,8.318742252692399,0,0.0
Mercedes-Benz,6800.0,sedan,235,2.2,Diesel,yes,1999,C-Class,26,9.04,8.824677891164198,1,2.2
Volkswagen,10600.0,sedan,75,1.6,Petrol,yes,2012,Polo,13,5.77,9.268609280100158,0,0.0
Toyota,13000.0,crossover,149,2.0,Petrol,yes,2006,Rav 4,19,7.84,9.472704636443673,0,0.0
Toyota,6500.0,sedan,248,2.0,Petrol,yes,2001,Avensis,24,10.33,8.779557455883728,0,0.0
Audi,25500.0,vagon,181,3.0,Petrol,yes,2009,A6 Allroad,16,11.31,10.146433731146518,1,3.0
Volkswagen,28000.0,crossover,132,2.0,Diesel,yes,2011,Amarok,14,9.43,10.239959789157341,0,0.0
Audi,3500.0,sedan,200,2.5,Diesel,no,2001,A8,24,8.33,8.160518247477505,1,2.5
Volkswagen,14899.0,van,165,2.0,Diesel,yes,2013,Caddy,12,13.75,9.60904937558734,0,0.0
BMW,3500.0,sedan,300,3.0,Diesel,no,1999,530,26,11.54,8.160518247477505,1,3.0
BMW,3500.0,sedan,272,2.0,Diesel,yes,2000,320,25,10.88,8.160518247477505,1,2.0
Volkswagen,71138.0,crossover,0,3.0,Diesel,yes,2016,Touareg,9,0.0,11.172376931528394,0,0.0
Renault,9658.94,sedan,1,1.2,Petrol,yes,2016,Logan,9,0.11,9.175639190336833,0,0.0
Volkswagen,13000.0,van,178,2.5,Diesel,yes,2007,T6 (Transporter),18,9.89,9.472704636443673,0,0.0
Toyota,8000.0,hatch,115,1.6,Petrol,yes,2007,Corolla,18,6.39,8.987196820661973,0,0.0
BMW,56500.0,crossover,1,2.0,Diesel,yes,2016,X5,9,0.11,10.941995917134532,1,2.0
Renault,9700.0,vagon,114,1.5,Diesel,yes,2012,Kangoo,13,8.77,9.179881164491475,0,0.0
Mercedes-Benz,7300.0,hatch,176,1.4,Petrol,yes,2004,A 140,21,8.38,8.895629627136483,1,1.4
Renault,9000.0,vagon,190,1.5,Diesel,yes,2009,Megane,16,11.88,9.104979856318357,0,0.0
Volkswagen,17900.0,sedan,96,2.5,Petrol,yes,2013,Passat B7,12,8.0,9.792555991828847,0,0.0
Volkswagen,10700.0,sedan,147,2.0,Petrol,yes,2007,Passat B6,18,8.17,9.277999020449997,0,0.0
Mercedes-Benz,11600.0,sedan,186,3.2,Petrol,yes,2003,E-Class,22,8.45,9.358760377094455,1,3.2
Volkswagen,15000.0,van,275,2.5,Diesel,yes,2008,T5 (Transporter),17,16.18,9.615805480084347,0,0.0
Volkswagen,8350.0,hatch,200,1.4,Petrol,yes,2005,Golf V,20,10.0,9.030016817844901,0,0.0
Mercedes-Benz,7700.0,sedan,199,5.0,Petrol,yes,1996,S 500,29,6.86,8.948975607841776,1,5.0
Audi,72000.0,sedan,55,6.3,Petrol,yes,2012,A8,13,4.23,11.184421397998193,1,6.3
Mitsubishi,17499.0,crossover,149,3.0,Gas,yes,2008,Pajero Wagon,17,8.76,9.769899015421748,0,0.0
Renault,11300.0,vagon,141,1.5,Diesel,yes,2013,Megane,12,11.75,9.332558004700433,0,0.0
Toyota,8500.0,sedan,168,1.6,Petrol,yes,2008,Corolla,17,9.88,9.047821442478408,0,0.0
Mercedes-Benz,14490.0,vagon,212,2.2,Diesel,yes,2008,E-Class,17,12.47,9.581214035314728,1,2.2
Volkswagen,11999.0,van,176,2.0,Diesel,yes,2011,T5 (Transporter) ,14,12.57,9.392578591964389,0,0.0
Volkswagen,4300.0,hatch,217,1.6,Gas,yes,1997,Golf III,28,7.75,8.366370301681654,0,0.0
BMW,35500.0,crossover,33,2.0,Diesel,yes,2014,X1,11,3.0,10.477287975463508,1,2.0
Toyota,2800.0,other,421,1.3,Gas,yes,1988,Corolla,37,11.38,7.937374696163295,0,0.0
BMW,37976.25,sedan,0,2.0,Petrol,yes,2016,520,9,0.0,10.544716243314605,1,2.0
Renault,10500.0,van,183,2.5,Diesel,yes,2006,Trafic,19,9.63,9.259130536145614,0,0.0
Toyota,74999.0,crossover,1,4.5,Diesel,yes,2016,Land Cruiser 200,9,0.11,11.225230059096225,0,0.0
Renault,7300.0,van,125,1.5,Diesel,yes,2012,Kangoo,13,9.62,8.895629627136483,0,0.0
Mitsubishi,12200.0,crossover,140,2.4,Petrol,yes,2007,Outlander XL,18,7.78,9.409191230721348,0,0.0
Mercedes-Benz,13600.0,van,199,2.2,Diesel,yes,2009,Vito,16,12.44,9.517825071724143,1,2.2
Audi,5000.0,sedan,280,2.3,Gas,yes,1992,100,33,8.48,8.517193191416238,1,2.3
Renault,12800.0,other,188,2.0,Diesel,yes,2008,Trafic,17,11.06,9.457200449907708,0,0.0
Volkswagen,12499.0,other,184,2.0,Diesel,yes,2012,T6 (Transporter) ,13,14.15,9.433403920090221,0,0.0
Mitsubishi,2800.0,sedan,150,2.0,Gas,yes,1996,Galant,29,5.17,7.937374696163295,0,0.0
Renault,7300.0,van,200,1.5,Diesel,yes,2007,Megane,18,11.11,8.895629627136483,0,0.0
Mitsubishi,6800.0,sedan,82,2.0,Petrol,yes,2007,Lancer,18,4.56,8.824677891164198,0,0.0
Mitsubishi,9500.0,crossover,225,2.4,Gas,yes,2004,Outlander,21,10.71,9.159047077588632,0,0.0
Audi,15900.0,hatch,160,1.4,Petrol,yes,2011,A3,14,11.43,9.674074388208323,1,1.4
Volkswagen,8900.0,other,180,1.9,Diesel,yes,2010,Caddy,15,12.0,9.093806555720231,0,0.0
Toyota,16030.0,sedan,90,2.5,Gas,yes,2012,Camry,13,6.92,9.6822172456036,0,0.0
BMW,28000.0,sedan,170,2.0,Diesel,yes,2011,520,14,12.14,10.239959789157341,1,2.0
Audi,10700.0,vagon,222,2.5,Diesel,yes,2005,A6,20,11.1,9.277999020449997,1,2.5
Mercedes-Benz,7000.0,sedan,230,2.0,Gas,yes,2000,E-Class,25,9.2,8.85366542803745,1,2.0
Volkswagen,8800.0,van,260,2.5,Diesel,yes,2008,T5 (Transporter) ,17,15.29,9.082507000466299,0,0.0
Volkswagen,35000.0,crossover,20,2.0,Diesel,yes,2014,Tiguan,11,1.82,10.46310334047155,0,0.0
Audi,8000.0,vagon,200,2.7,Diesel,yes,2006,A6,19,10.53,8.987196820661973,1,2.7
Mercedes-Benz,15400.0,sedan,260,2.2,Diesel,yes,2008,E-Class,17,15.29,9.642122788401721,1,2.2
Volkswagen,7650.0,sedan,325,1.8,Gas,yes,2003,Passat B5,22,14.77,8.942460926820582,0,0.0
Mitsubishi,10600.0,crossover,52,2.0,Petrol,yes,2008,Outlander,17,3.06,9.268609280100158,0,0.0
Renault,8200.0,vagon,192,1.5,Diesel,yes,2010,Logan,15,12.8,9.011889433252344,0,0.0
BMW,45000.0,sedan,29,2.0,Diesel,yes,2016,520,9,3.22,10.714417768752456,1,2.0
Volkswagen,5699.0,van,258,2.5,Diesel,yes,2001,T4 (Transporter) ,24,10.75,8.648045999835,0,0.0
Mercedes-Benz,13200.0,van,217,3.7,Gas,yes,2005,Viano,20,10.85,9.487972108574462,1,3.7
Volkswagen,11500.0,van,70,2.0,Diesel,yes,2013,Caddy,12,5.83,9.350102314351341,0,0.0
Volkswagen,12700.0,van,213,2.0,Diesel,yes,2012,T5 (Transporter) ,13,16.38,9.449357272446683,0,0.0
Volkswagen,12300.0,hatch,62,1.4,Petrol,yes,2012,Polo,13,4.77,9.417354541360508,0,0.0
Mercedes-Benz,35500.0,sedan,100,3.5,Petrol,yes,2010,S 350,15,6.67,10.477287975463508,1,3.5
Audi,15500.0,sedan,210,2.0,Diesel,yes,2008,A4,17,12.35,9.648595302907339,1,2.0
Mercedes-Benz,33000.0,crossover,109,2.2,Diesel,yes,2012,GLK 220,13,8.38,10.404262840448617,1,2.2
BMW,6500.0,sedan,280,2.0,Petrol,yes,1997,320,28,10.0,8.779557455883728,1,2.0
Volkswagen,2350.0,sedan,11,1.9,Other,no,2000,Passat B5,25,0.44,7.762170607138205,0,0.0
Volkswagen,17900.0,crossover,130,3.6,Gas,yes,2007,Touareg,18,7.22,9.792555991828847,0,0.0
BMW,34500.0,other,160,3.0,Diesel,yes,2010,X5,15,10.67,10.448714603019452,1,3.0
Renault,12300.0,sedan,99,2.5,Petrol,yes,2011,Latitude,14,7.07,9.417354541360508,0,0.0
Mercedes-Benz,20500.0,sedan,193,3.5,Other,yes,2006,CLS 350,19,10.16,9.9281801651265,1,3.5
BMW,75555.0,sedan,30,4.4,Petrol,yes,2014,M5,11,2.73,11.23261614684786,1,4.4
Toyota,12800.0,sedan,145,2.4,Petrol,yes,2008,Camry,17,8.53,9.457200449907708,0,0.0
Mercedes-Benz,12800.0,other,360,2.2,Diesel,yes,2008,Vito,17,21.18,9.457200449907708,1,2.2
Audi,6900.0,sedan,327,3.7,Petrol,yes,1997,A8,28,11.68,8.83927669058535,1,3.7
Volkswagen,17200.0,crossover,220,2.5,Diesel,yes,2006,Touareg,19,11.58,9.752664662801545,0,0.0
Renault,6800.0,sedan,87,1.4,Petrol,yes,2013,Symbol,12,7.25,8.824677891164198,0,0.0
Audi,14300.0,other,80,4.2,Petrol,yes,2004,A8,21,3.81,9.568014816247999,1,4.2
Volkswagen,11600.0,sedan,169,1.4,Gas,no,2013,Passat B7,12,14.08,9.358760377094455,0,0.0
Volkswagen,11990.0,van,231,2.5,Diesel,yes,2002,T4 (Transporter),23,10.04,9.39182824802156,0,0.0
BMW,77777.0,sedan,8,4.4,Petrol,yes,2014,750,11,0.73,11.261601036639322,1,4.4
Mercedes-Benz,28500.0,other,65,1.8,Petrol,yes,2011,E-Class,14,4.64,10.257659366256743,1,1.8
Audi,42700.0,crossover,75,3.0,Diesel,yes,2013,Q7,12,6.25,10.661954199216716,1,3.0
Volkswagen,6950.0,other,217,1.9,Diesel,yes,2006,Caddy,19,11.42,8.846496938558838,0,0.0
Volkswagen,7300.0,hatch,117,1.4,Petrol,yes,2007,Polo,18,6.5,8.895629627136483,0,0.0
Mitsubishi,27565.2,crossover,1,2.5,Diesel,yes,2016,Pajero Sport,9,0.11,10.224309386575188,0,0.0
Volkswagen,12900.0,vagon,145,1.6,Diesel,yes,2011,Golf Variant,14,10.36,9.464982590349763,0,0.0
Volkswagen,5900.0,sedan,217,2.3,Petrol,yes,1999,Bora,26,8.35,8.68270762989381,0,0.0
Mercedes-Benz,2600.0,hatch,111,1.4,Petrol,no,1999,A 140,26,4.27,7.8632667240095735,1,1.4
Audi,2799.0,vagon,390,1.9,Diesel,no,1998,A6,27,14.44,7.937017489515454,1,1.9
Mitsubishi,21000.0,crossover,98,2.5,Diesel,yes,2011,Pajero Sport,14,7.0,9.95227771670556,0,0.0
Audi,4999.0,sedan,231,1.9,Diesel,no,2002,A6,23,10.04,8.51699317141357,1,1.9
Volkswagen,6900.0,sedan,160,1.6,Petrol,yes,2003,Bora,22,7.27,8.83927669058535,0,0.0
Mercedes-Benz,5800.0,sedan,366,3.2,Gas,yes,1991,S 320,34,10.76,8.66561319653451,1,3.2
Mitsubishi,15700.0,other,68,1.8,Petrol,yes,2011,ASX,14,4.86,9.6614159913364,0,0.0
Volkswagen,74500.0,crossover,0,3.0,Diesel,yes,2015,Touareg,10,0.0,11.218554404367652,0,0.0
Mercedes-Benz,22900.0,sedan,131,5.5,Gas,yes,2008,S 500,17,7.71,10.03889218954233,1,5.5
Mercedes-Benz,32000.0,crossover,96,3.5,Petrol,yes,2010,ML 350,15,6.4,10.373491181781864,1,3.5
Mercedes-Benz,35300.0,sedan,3,1.6,Petrol,yes,2014,CLA 200,11,0.27,10.471638242921388,1,1.6
Volkswagen,6900.0,sedan,320,1.8,Gas,yes,2002,Passat B5,23,13.91,8.83927669058535,0,0.0
BMW,7000.0,sedan,286,2.8,Petrol,yes,2001,520,24,11.92,8.85366542803745,1,2.8
Volkswagen,35800.0,crossover,92,3.0,Diesel,yes,2011,Touareg,14,6.57,10.485703172388792,0,0.0
Volkswagen,10700.0,hatch,60,1.4,Petrol,yes,2010,Polo,15,4.0,9.277999020449997,0,0.0
BMW,23999.0,crossover,194,3.0,Petrol,yes,2007,X5,18,10.78,10.085767441795337,1,3.0
Volkswagen,2700.0,hatch,300,1.9,Diesel,no,2000,Golf IV,25,12.0,7.90100705199242,0,0.0
Toyota,18200.0,crossover,146,2.7,Gas,yes,2006,Land Cruiser Prado,19,7.68,9.809176873064887,0,0.0
Audi,2450.0,vagon,325,2.5,Diesel,no,2000,A6,25,13.0,7.803843303538772,1,2.5
Audi,15800.0,hatch,123,1.4,Petrol,yes,2010,A3,15,8.2,9.667765219015058,1,1.4
Volkswagen,9400.0,vagon,176,1.9,Diesel,yes,2005,Passat B5,20,8.8,9.148464968258095,0,0.0
Mitsubishi,5800.0,vagon,230,1.6,Petrol,yes,2005,Space Star,20,11.5,8.66561319653451,0,0.0
Volkswagen,13499.0,sedan,162,1.4,Petrol,yes,2012,Passat B7,13,12.46,9.510370887608827,0,0.0
Volkswagen,39615.0,sedan,0,2.0,Diesel,yes,2016,Passat B8,9,0.0,10.586963113399342,0,0.0
Toyota,23300.0,crossover,40,2.0,Petrol,yes,2014,Rav 4,11,3.64,10.056208639553791,0,0.0
Audi,2100.0,sedan,217,1.9,Diesel,no,1996,A4,29,7.48,7.649692623711514,1,1.9
Mercedes-Benz,2700.0,sedan,337,2.3,Gas,yes,1988,230,37,9.11,7.90100705199242,1,2.3
Volkswagen,6700.0,van,16,2.0,Diesel,yes,2005,Caddy,20,0.8,8.809862805379057,0,0.0
BMW,43163.25,crossover,0,2.0,Diesel,yes,2016,X1,9,0.0,10.672744717741898,1,2.0
Toyota,28350.0,crossover,92,2.2,Diesel,yes,2013,Rav 4,12,7.67,10.252382309155898,0,0.0
Toyota,29500.0,crossover,90,2.7,Gas,yes,2010,Land Cruiser Prado,15,6.0,10.292145542327912,0,0.0
Volkswagen,8200.0,sedan,258,1.9,Diesel,yes,2004,Passat B5,21,12.29,9.011889433252344,0,0.0
Mercedes-Benz,10999.0,other,269,2.2,Diesel,yes,2006,Sprinter 313,19,14.16,9.305559638557117,1,2.2
Renault,8299.0,sedan,19,1.2,Petrol,yes,2013,Logan,12,1.58,9.023890304598448,0,0.0
Toyota,20500.0,sedan,105,2.5,Petrol,yes,2013,Camry,12,8.75,9.9281801651265,0,0.0
Volkswagen,14500.0,van,168,2.0,Diesel,yes,2012,T5 (Transporter) ,13,12.92,9.581903928408666,0,0.0
Toyota,17300.0,other,135,3.5,Gas,yes,2009,Camry,16,8.44,9.75846178048587,0,0.0
Mercedes-Benz,18700.0,sedan,105,5.5,Petrol,yes,2006,S 500,19,5.53,9.836278802842678,1,5.5
Toyota,13200.0,sedan,38,1.33,Petrol,yes,2014,Corolla,11,3.45,9.487972108574462,0,0.0
Volkswagen,2450.0,sedan,200,1.3,Gas,yes,1991,Jetta,34,5.88,7.803843303538772,0,0.0
Audi,55000.0,hatch,24,2.8,Other,yes,2014,A7,11,2.18,10.915088464214607,1,2.8
Toyota,20000.0,van,135,2.4,Gas,yes,2006,Previa,19,7.11,9.903487552536127,0,0.0
Volkswagen,4000.0,hatch,266,1.9,Diesel,yes,1993,Golf III,32,8.31,8.294049640102028,0,0.0
Mitsubishi,16900.0,other,120,3.0,Petrol,yes,2008,Pajero Wagon,17,7.06,9.735068900911164,0,0.0
Mitsubishi,11450.0,sedan,60,1.6,Gas,yes,2012,Lancer X,13,4.62,9.345745008982385,0,0.0
Mercedes-Benz,24500.0,crossover,236,5.0,Petrol,yes,2000,G 500,25,9.44,10.106428396532818,1,5.0
Renault,12350.0,sedan,64,2.0,Gas,yes,2011,Fluence,14,4.57,9.421411342056123,0,0.0
Mercedes-Benz,6900.0,sedan,239,2.3,Petrol,yes,1996,E-Class,29,8.24,8.83927669058535,1,2.3
Toyota,30500.0,crossover,40,2.7,Petrol,yes,2011,Land Cruiser Prado,14,2.86,10.325481962595504,0,0.0
Mitsubishi,8800.0,sedan,105,2.0,Gas,yes,2008,Lancer X,17,6.18,9.082507000466299,0,0.0
Audi,9700.0,sedan,249,2.5,Diesel,yes,2004,A6,21,11.86,9.179881164491475,1,2.5
BMW,63500.0,crossover,33,3.0,Petrol,yes,2015,X5,10,3.3,11.058795184880783,1,3.0
Mitsubishi,8900.0,sedan,96,2.0,Petrol,yes,2008,Lancer X,17,5.65,9.093806555720231,0,0.0
Audi,1950.0,vagon,210,1.8,Gas,no,1996,A4,29,7.24,7.575584651557793,1,1.8
Audi,4400.0,sedan,190,2.5,Diesel,no,2003,A6,22,8.64,8.389359819906353,1,2.5
Toyota,12450.0,sedan,162,3.5,Gas,yes,2007,Camry,18,9.0,9.429475901892854,0,0.0
Audi,3200.0,sedan,295,2.5,Diesel,no,2000,A6,25,11.8,8.070906088787819,1,2.5
Audi,12600.0,sedan,294,3.0,Gas,yes,2004,A8,21,14.0,9.441452092939569,1,3.0
Mercedes-Benz,4400.0,sedan,225,2.0,Gas,yes,1995,E-Class,30,7.5,8.389359819906353,1,2.0
Mercedes-Benz,3900.0,sedan,111,2.5,Diesel,yes,1989,E-Class,36,3.08,8.268731832117737,1,2.5
Volkswagen,8499.0,sedan,101,1.6,Petrol,yes,2012,Polo,13,7.77,9.047703788498627,0,0.0
Mercedes-Benz,8000.0,other,230,2.2,Diesel,yes,2001,Vito,24,9.58,8.987196820661973,1,2.2
Volkswagen,3500.0,hatch,250,1.9,Diesel,no,2000,Beetle,25,10.0,8.160518247477505,0,0.0
Audi,11900.0,sedan,195,2.4,Gas,yes,2005,A6,20,9.75,9.38429367909962,1,2.4
Toyota,24800.0,sedan,43,2.5,Gas,yes,2015,Camry,10,4.3,10.118598932153073,0,0.0
Audi,3800.0,vagon,190,2.5,Diesel,no,2002,A6,23,8.26,8.242756345714477,1,2.5
Volkswagen,7500.0,van,230,1.9,Diesel,yes,2006,Caddy,19,12.11,8.922658299524402,0,0.0
BMW,8999.0,sedan,270,2.8,Petrol,yes,1998,528,27,10.0,9.104868739033948,1,2.8
Volkswagen,5000.0,van,326,2.4,Diesel,yes,1995,T4 (Transporter),30,10.87,8.517193191416238,0,0.0
Mercedes-Benz,21000.0,crossover,135,3.5,Petrol,yes,2007,ML 350,18,7.5,9.95227771670556,1,3.5
Renault,4200.0,van,142,1.9,Diesel,yes,2007,Kangoo,18,7.89,8.34283980427146,0,0.0
Mitsubishi,18000.0,crossover,160,3.2,Diesel,yes,2007,Pajero Wagon,18,8.89,9.798127036878302,0,0.0
Volkswagen,8500.0,van,220,2.5,Diesel,yes,2003,T4 (Transporter),22,10.0,9.047821442478408,0,0.0
Renault,3750.0,hatch,232,1.8,Petrol,yes,1997,Laguna,28,8.29,8.229511118964457,0,0.0
Volkswagen,9000.0,other,212,2.0,Gas,yes,2007,Caddy,18,11.78,9.104979856318357,0,0.0
Mitsubishi,6300.0,crossover,235,3.2,Diesel,no,2001,Pajero,24,9.79,8.748304912379623,0,0.0
BMW,8400.0,sedan,297,2.2,Petrol,yes,2000,320,25,11.88,9.035986984831405,1,2.2
Volkswagen,17000.0,van,157,2.0,Diesel,yes,2010,T5 (Transporter),15,10.47,9.740968623038354,0,0.0
Volkswagen,3000.0,sedan,240,1.8,Petrol,yes,1991,Jetta,34,7.06,8.006367567650246,0,0.0
Mercedes-Benz,21300.0,crossover,114,4.7,Petrol,yes,2007,GL 450,18,6.33,9.966462351697517,1,4.7
BMW,16500.0,crossover,230,3.0,Gas,yes,2004,X5,21,10.95,9.711115659888671,1,3.0
Mercedes-Benz,7300.0,other,250,2.2,Diesel,yes,2005,Sprinter 311,20,12.5,8.895629627136483,1,2.2
Mercedes-Benz,2300.0,sedan,300,3.0,Diesel,yes,1999,E-Class,26,11.54,7.7406644019172415,1,3.0
BMW,8200.0,sedan,250,4.4,Petrol,yes,1997,540,28,8.93,9.011889433252344,1,4.4
Audi,35000.0,sedan,61,2.8,Petrol,yes,2012,A6,13,4.69,10.46310334047155,1,2.8
Volkswagen,7800.0,vagon,193,1.9,Diesel,yes,2002,Passat B5,23,8.39,8.961879012677683,0,0.0
Volkswagen,8200.0,hatch,157,1.6,Petrol,yes,2008,Golf Plus,17,9.24,9.011889433252344,0,0.0
Audi,39999.0,crossover,45,2.0,Diesel,yes,2014,Q5,11,4.09,10.596609732783568,1,2.0
Renault,11900.0,other,173,2.0,Diesel,yes,2012,Trafic,13,13.31,9.38429367909962,0,0.0
Mercedes-Benz,3600.0,sedan,276,2.7,Diesel,no,2001,E-Class,24,11.5,8.1886891244442,1,2.7
Volkswagen,3399.0,sedan,201,1.8,Petrol,yes,1991,Passat B3,34,5.91,8.131236549696116,0,0.0
BMW,2650.0,vagon,335,2.0,Petrol,no,2000,320,25,13.4,7.882314918980268,1,2.0
Mercedes-Benz,11700.0,hatch,103,1.5,Petrol,yes,2007,A 150,18,5.72,9.367344120785848,1,1.5
BMW,2550.0,vagon,312,2.5,Diesel,no,1999,525,26,12.0,7.843848638152472,1,2.5
Mercedes-Benz,2550.0,vagon,367,3.2,Diesel,no,2000,E-Class,25,14.68,7.843848638152472,1,3.2
Audi,31700.0,sedan,32,1.8,Petrol,yes,2014,A4,11,2.91,10.364071959865372,1,1.8
BMW,20500.0,crossover,285,4.8,Petrol,yes,2006,X5,19,15.0,9.9281801651265,1,4.8
Mitsubishi,2600.0,other,200,2.4,Petrol,no,2002,Lancer,23,8.7,7.8632667240095735,0,0.0
BMW,2500.0,vagon,250,2.5,Diesel,no,2000,525,25,10.0,7.824046010856292,1,2.5
Mercedes-Benz,13200.0,van,182,2.2,Diesel,yes,2011,Vito,14,13.0,9.487972108574462,1,2.2
Mercedes-Benz,31000.0,crossover,220,3.2,Diesel,yes,2008,GL 320,17,12.94,10.341742483467284,1,3.2
Audi,30900.0,vagon,118,2.0,Petrol,yes,2013,A4 Allroad,12,9.83,10.338511462885837,1,2.0
Mitsubishi,4750.0,sedan,167,1.6,Petrol,yes,2003,Carisma,22,7.59,8.465899897028686,0,0.0
Toyota,8950.0,hatch,118,1.6,Petrol,yes,2008,Auris,17,6.94,9.099408811268901,0,0.0
Renault,8300.0,van,177,1.5,Diesel,yes,2007,Grand Scenic,18,9.83,9.02401079378469,0,0.0
Audi,6900.0,sedan,360,2.5,Diesel,yes,1997,A6,28,12.86,8.83927669058535,1,2.5
BMW,69999.0,crossover,71,4.4,Petrol,yes,2011,X5 M,14,5.07,11.156236235215168,1,4.4
Volkswagen,3250.0,sedan,255,1.9,Diesel,no,2003,Passat B5,22,11.59,8.086410275323782,0,0.0
Volkswagen,11900.0,hatch,91,1.4,Petrol,yes,2010,Golf VI,15,6.07,9.38429367909962,0,0.0
Mitsubishi,9600.0,other,114,2.0,Petrol,yes,1999,Eclipse,26,4.38,9.169518377455928,0,0.0
Mercedes-Benz,21200.0,vagon,206,2.1,Diesel,yes,2011,C-Class,14,14.71,9.961756460660103,1,2.1
Toyota,102999.0,crossover,0,4.5,Diesel,yes,2016,Land Cruiser 200,9,0.0,11.542474558426779,0,0.0
Mercedes-Benz,11900.0,van,277,2.2,Diesel,yes,2007,Vito,18,15.39,9.38429367909962,1,2.2
Renault,9999.0,van,185,1.5,Diesel,yes,2008,Kangoo,17,10.88,9.21024036697585,0,0.0
Renault,8500.0,sedan,57,1.2,Gas,yes,2013,Logan,12,4.75,9.047821442478408,0,0.0
Volkswagen,6500.0,other,385,2.4,Diesel,yes,1997,T4 (Transporter),28,13.75,8.779557455883728,0,0.0
Mitsubishi,8700.0,sedan,80,1.5,Petrol,yes,2008,Lancer X,17,4.71,9.071078304642676,0,0.0
Volkswagen,8599.0,van,169,1.6,Diesel,yes,2011,Caddy,14,12.07,9.059401196410896,0,0.0
Volkswagen,12700.0,hatch,156,1.6,Diesel,yes,2011,Golf VI,14,11.14,9.449357272446683,0,0.0
Mitsubishi,7700.0,sedan,135,2.0,Gas,yes,2007,Lancer,18,7.5,8.948975607841776,0,0.0
Mitsubishi,8700.0,sedan,150,2.4,Gas,yes,2007,Galant,18,8.33,9.071078304642676,0,0.0
Mitsubishi,9300.0,sedan,95,2.0,Petrol,yes,2007,Lancer X,18,5.28,9.137769679141348,0,0.0
Mercedes-Benz,3550.0,sedan,238,2.2,Diesel,no,2001,E-Class,24,9.92,8.174702882469461,1,2.2
Audi,29800.0,crossover,151,3.0,Diesel,yes,2007,Q7,18,8.39,10.302263672493496,1,3.0
Renault,3900.0,van,202,1.9,Diesel,yes,2001,Kangoo,24,8.42,8.268731832117737,0,0.0
Volkswagen,7000.0,van,345,1.9,Diesel,yes,2006,T5 (Transporter) ,19,18.16,8.85366542803745,0,0.0
Audi,17700.0,other,70,2.0,Petrol,yes,2009,TT,16,4.38,9.78131991856192,1,2.0
Toyota,9999.0,sedan,225,3.0,Gas,yes,2004,Camry,21,10.71,9.21024036697585,0,0.0
Audi,25300.0,hatch,180,2.0,Diesel,yes,2011,A5,14,12.86,10.138559674715612,1,2.0
Audi,22500.0,vagon,175,2.0,Gas,yes,2010,A4 Allroad,15,11.67,10.021270588192511,1,2.0
Volkswagen,18600.0,sedan,2,1.6,Petrol,yes,2015,Jetta,10,0.2,9.830916859701293,0,0.0
Mitsubishi,6999.0,sedan,160,2.0,Petrol,yes,2007,Lancer,18,8.89,8.85352256068954,0,0.0
Toyota,16200.0,crossover,281,4.2,Diesel,yes,1999,Land Cruiser 100,26,10.81,9.692766521220475,0,0.0
Toyota,18000.0,crossover,320,4.2,Diesel,yes,1999,Land Cruiser 100,26,12.31,9.798127036878302,0,0.0
Mercedes-Benz,27300.0,sedan,144,2.14,Diesel,yes,2011,E-Class,14,10.29,10.21464198117305,1,2.14
BMW,12000.0,crossover,218,3.0,Diesel,no,2006,X5,19,11.47,9.392661928770137,1,3.0
Volkswagen,1800.0,other,280,1.9,Diesel,no,1997,Passat B5,28,10.0,7.495541943884256,0,0.0
Audi,20500.0,sedan,106,1.8,Petrol,yes,2011,A4,14,7.57,9.9281801651265,1,1.8
Volkswagen,10493.0,other,1,1.4,Petrol,yes,2014,Polo,11,0.09,9.25846364715791,0,0.0
BMW,16800.0,sedan,154,3.0,Petrol,yes,2006,330,19,8.11,9.72913416539135,1,3.0
BMW,8200.0,sedan,238,3.0,Diesel,no,2004,730,21,11.33,9.011889433252344,1,3.0
Mercedes-Benz,14500.0,van,171,2.2,Diesel,yes,2011,Vito,14,12.21,9.581903928408666,1,2.2
Volkswagen,24500.0,crossover,62,2.0,Diesel,yes,2012,Passat CC,13,4.77,10.106428396532818,0,0.0
Toyota,13250.0,sedan,96,2.4,Gas,yes,2008,Rav 4,17,5.65,9.491752831414368,0,0.0
Toyota,6400.0,sedan,250,3.0,Gas,yes,1998,Camry,27,9.26,8.764053269347762,0,0.0
Mercedes-Benz,29500.0,sedan,135,5.5,Petrol,yes,2008,S 550,17,7.94,10.292145542327912,1,5.5
Volkswagen,69990.0,van,1,5.0,Diesel,yes,2015,Multivan,10,0.1,11.156107653683586,0,0.0
Audi,2600.0,vagon,110,2.5,Diesel,no,2002,A6,23,4.78,7.8632667240095735,1,2.5
Renault,10500.0,vagon,185,1.5,Diesel,yes,2011,Megane,14,13.21,9.259130536145614,0,0.0
Volkswagen,27200.0,crossover,1,2.0,Diesel,yes,2015,Tiguan,10,0.1,10.210972252284089,0,0.0
Mercedes-Benz,1350.0,sedan,360,2.5,Diesel,no,1989,E-Class,36,10.0,7.2078598714324755,1,2.5
Toyota,13900.0,sedan,139,2.4,Other,yes,2008,Camry,17,8.18,9.539644119118783,0,0.0
BMW,12800.0,sedan,194,4.4,Gas,yes,2002,745,23,8.43,9.457200449907708,1,4.4
Toyota,21200.0,crossover,135,4.0,Gas,yes,2007,Land Cruiser Prado,18,7.5,9.961756460660103,0,0.0
Mercedes-Benz,8700.0,sedan,196,2.0,Gas,yes,2000,E-Class,25,7.84,9.071078304642676,1,2.0
Toyota,8800.0,sedan,165,1.8,Petrol,yes,2007,Avensis,18,9.17,9.082507000466299,0,0.0
Toyota,12900.0,sedan,129,1.8,Petrol,yes,2009,Avensis,16,8.06,9.464982590349763,0,0.0
BMW,9500.0,sedan,339,3.0,Diesel,yes,2001,530,24,14.12,9.159047077588632,1,3.0
BMW,10700.0,sedan,243,3.0,Diesel,yes,2002,530,23,10.57,9.277999020449997,1,3.0
Volkswagen,10800.0,van,156,1.6,Diesel,yes,2012,Caddy,13,12.0,9.287301413112312,0,0.0
Mitsubishi,2400.0,hatch,350,2.0,Gas,yes,1989,Galant,36,9.72,7.783224016336037,0,0.0
Renault,13300.0,other,132,1.5,Diesel,yes,2012,Megane,13,10.15,9.495519314209846,0,0.0
BMW,34500.0,crossover,85,3.0,Petrol,yes,2010,X5,15,5.67,10.448714603019452,1,3.0
BMW,57000.0,other,20,3.5,Petrol,yes,2013,X6,12,1.67,10.950806546816688,1,3.5
Renault,7200.0,van,146,1.5,Diesel,yes,2012,Kangoo,13,11.23,8.881836305004146,0,0.0
Toyota,23400.0,sedan,69,2.5,Gas,yes,2014,Camry,11,6.27,10.060491301345794,0,0.0
Toyota,48000.0,crossover,59,3.0,Diesel,yes,2014,Land Cruiser Prado,11,5.36,10.778956289890028,0,0.0
Volkswagen,4200.0,sedan,1,1.4,Petrol,yes,2012,Golf VI,13,0.08,8.34283980427146,0,0.0
Mercedes-Benz,6200.0,other,340,2.4,Gas,yes,1998,E-Class,27,12.59,8.732304571033183,1,2.4
BMW,2900.0,sedan,225,2.5,Petrol,no,1997,523,28,8.04,7.9724660159745655,1,2.5
Mercedes-Benz,12700.0,other,199,2.2,Diesel,yes,2011,Vito,14,14.21,9.449357272446683,1,2.2
Audi,16999.0,vagon,140,4.2,Petrol,yes,2007,A6 Allroad,18,7.78,9.74090979777877,1,4.2
Volkswagen,13972.07,sedan,0,1.6,Petrol,yes,2016,Polo,9,0.0,9.544815615934212,0,0.0
Mercedes-Benz,41900.0,sedan,95,6.2,Petrol,yes,2011,S 500,14,6.79,10.643041105910228,1,6.2
Renault,6650.0,vagon,227,1.5,Diesel,yes,2005,Megane,20,11.35,8.8023721336499,0,0.0
Mercedes-Benz,9200.0,other,280,2.4,Petrol,yes,2003,E-Class,22,12.73,9.126958763037132,1,2.4
BMW,15300.0,sedan,250,2.5,Petrol,yes,2006,525,19,13.16,9.635608107380527,1,2.5
Volkswagen,1450.0,van,100,1.6,Diesel,yes,1988,T3 (Transporter),37,2.7,7.27931883541462,0,0.0
Volkswagen,5900.0,van,278,1.9,Diesel,yes,2005,Caddy,20,13.9,8.68270762989381,0,0.0
Mercedes-Benz,4900.0,sedan,282,3.2,Gas,yes,1993,E-Class,32,8.81,8.496990484098719,1,3.2
BMW,12900.0,vagon,260,3.0,Diesel,yes,2004,330,21,12.38,9.464982590349763,1,3.0
Toyota,33333.0,vagon,73,4.0,Gas,yes,2009,FJ Cruiser,16,4.56,10.414303176252119,0,0.0
Volkswagen,7200.0,hatch,127,1.39,Petrol,yes,2007,Polo,18,7.06,8.881836305004146,0,0.0
BMW,77777.0,crossover,1,3.0,Diesel,yes,2014,X6,11,0.09,11.261601036639322,1,3.0
Mercedes-Benz,2300.0,hatch,175,1.4,Petrol,no,2000,A 140,25,7.0,7.7406644019172415,1,1.4
Volkswagen,13000.0,crossover,235,3.2,Gas,yes,2005,Touareg,20,11.75,9.472704636443673,0,0.0
Volkswagen,3000.0,van,318,1.9,Diesel,yes,1993,T4 (Transporter) ,32,9.94,8.006367567650246,0,0.0
Renault,7999.0,van,92,1.5,Diesel,yes,2013,Kangoo,12,7.67,8.987071812848821,0,0.0
Mercedes-Benz,11000.0,van,250,2.2,Diesel,yes,2005,Vito,20,12.5,9.305650551780507,1,2.2
BMW,81000.0,sedan,23,4.4,Petrol,yes,2014,M5,11,2.09,11.302204433654575,1,4.4
BMW,3800.0,sedan,304,1.9,Gas,no,2000,318,25,12.16,8.242756345714477,1,1.9
Audi,4400.0,sedan,340,2.8,Gas,yes,1992,100,33,10.3,8.389359819906353,1,2.8
Audi,3150.0,vagon,320,2.5,Diesel,no,2002,A6,23,13.91,8.055157731819678,1,2.5
Volkswagen,10900.0,other,287,2.5,Other,yes,2004,T5 (Transporter),21,13.67,9.296518068217235,0,0.0
Audi,3050.0,vagon,250,2.5,Other,no,2001,A6,24,10.42,8.022896869601457,1,2.5
Volkswagen,30385.0,vagon,0,2.0,Diesel,yes,2014,Touran,11,0.0,10.321704344569456,0,0.0
BMW,20999.0,crossover,170,4.8,Petrol,yes,2008,X5,17,10.0,9.952230096524119,1,4.8
Volkswagen,1500.0,sedan,255,1.9,Diesel,no,1998,Polo,27,9.44,7.313220387090301,0,0.0
Toyota,8500.0,vagon,200,2.0,Petrol,yes,1999,Vista,26,7.69,9.047821442478408,0,0.0
Toyota,9200.0,sedan,115,1.6,Gas,yes,2008,Corolla,17,6.76,9.126958763037132,0,0.0
Toyota,20800.0,sedan,49,3.5,Petrol,yes,2011,Camry,14,3.5,9.94270826568941,0,0.0
Renault,8100.0,van,206,1.9,Diesel,yes,2005,Trafic,20,10.3,8.99961934066053,0,0.0
Volkswagen,13500.0,sedan,104,1.8,Petrol,yes,2010,Passat B6,15,6.93,9.51044496442652,0,0.0
Renault,4900.0,van,218,1.5,Diesel,yes,2006,Kangoo,19,11.47,8.496990484098719,0,0.0
Volkswagen,6600.0,hatch,136,1.4,Gas,yes,2001,Golf IV,24,5.67,8.794824928014517,0,0.0
Mitsubishi,1450.0,crossover,245,2.8,Diesel,no,1996,Pajero,29,8.45,7.27931883541462,0,0.0
Volkswagen,3600.0,sedan,320,1.8,Gas,yes,1989,Passat B3,36,8.89,8.1886891244442,0,0.0
Toyota,24000.0,sedan,51,2.5,Gas,yes,2014,Camry,11,4.64,10.085809109330082,0,0.0
Toyota,12700.0,sedan,130,2.4,Petrol,yes,2008,Camry,17,7.65,9.449357272446683,0,0.0
Mercedes-Benz,14500.0,other,315,5.0,Gas,yes,2004,CL 500,21,15.0,9.581903928408666,1,5.0
BMW,2299.0,sedan,200,1.8,Petrol,no,1999,318,26,7.69,7.740229524763182,1,1.8
BMW,8900.0,sedan,234,3.5,Gas,yes,1999,735,26,9.0,9.093806555720231,1,3.5
Audi,30500.0,vagon,152,3.0,Diesel,yes,2012,A6,13,11.69,10.325481962595504,1,3.0
Mercedes-Benz,4000.0,sedan,370,3.2,Diesel,no,2002,E-Class,23,16.09,8.294049640102028,1,3.2
Toyota,12900.0,sedan,137,2.4,Petrol,yes,2008,Camry,17,8.06,9.464982590349763,0,0.0
Volkswagen,3300.0,sedan,200,1.8,Petrol,yes,1989,Passat B3,36,5.56,8.101677747454572,0,0.0
Toyota,9800.0,sedan,178,1.8,Petrol,yes,2007,Avensis,18,9.89,9.190137664658664,0,0.0
Renault,15200.0,other,173,2.3,Diesel,yes,2013,Master,12,14.42,9.629050706834368,0,0.0
Volkswagen,4950.0,vagon,290,1.8,Petrol,yes,1996,Passat B4,29,10.0,8.507142855562735,0,0.0
Volkswagen,55500.0,crossover,36,3.0,Diesel,yes,2015,Touareg,10,3.6,10.924138299734526,0,0.0
Volkswagen,17900.0,van,188,2.5,Diesel,yes,2008,Multivan,17,11.06,9.792555991828847,0,0.0
Mercedes-Benz,5900.0,crossover,271,2.7,Diesel,no,2003,ML 270,22,12.32,8.68270762989381,1,2.7
Toyota,20500.0,crossover,225,4.7,Gas,yes,2003,Land Cruiser 100,22,10.23,9.9281801651265,0,0.0
BMW,5000.0,other,300,1.8,Petrol,yes,1994,318,31,9.68,8.517193191416238,1,1.8
Volkswagen,11500.0,van,100,2.0,Diesel,yes,2010,T5 (Transporter) ,15,6.67,9.350102314351341,0,0.0
Volkswagen,2900.0,hatch,230,1.6,Petrol,yes,2000,Golf IV,25,9.2,7.9724660159745655,0,0.0
Mitsubishi,4800.0,sedan,247,2.0,Gas,yes,1998,Galant,27,9.15,8.476371196895983,0,0.0
Renault,1550.0,vagon,235,2.0,Petrol,no,1998,Laguna,27,8.7,7.346010209913293,0,0.0
Mitsubishi,16000.0,crossover,147,2.5,Diesel,yes,2008,Pajero Sport,17,8.65,9.680344001221918,0,0.0
Volkswagen,6400.0,van,312,2.5,Diesel,yes,2000,T4 (Transporter) ,25,12.48,8.764053269347762,0,0.0
BMW,5800.0,other,400,2.0,Petrol,yes,1998,520,27,14.81,8.66561319653451,1,2.0
Mercedes-Benz,11000.0,sedan,263,3.2,Diesel,yes,2001,E-Class,24,10.96,9.305650551780507,1,3.2
Renault,4500.0,sedan,305,1.5,Diesel,yes,2004,Megane,21,14.52,8.411832675758411,0,0.0
Renault,14200.0,crossover,83,2.0,Diesel,yes,2012,Koleos,13,6.38,9.560997243589352,0,0.0
BMW,71500.0,crossover,19,2.5,Diesel,yes,2015,X5,10,1.9,11.177452728682098,1,2.5
Audi,6200.0,sedan,200,1.8,Petrol,yes,2003,A4,22,9.09,8.732304571033183,1,1.8
Volkswagen,10500.0,van,130,1.9,Diesel,yes,2010,Caddy,15,8.67,9.259130536145614,0,0.0
Toyota,12700.0,sedan,136,3.5,Petrol,yes,2007,Camry,18,7.56,9.449357272446683,0,0.0
Audi,7000.0,other,126,2.6,Petrol,yes,1998,80,27,4.67,8.85366542803745,1,2.6
BMW,4500.0,sedan,230,4.0,Gas,yes,1994,540,31,7.42,8.411832675758411,1,4.0
BMW,4800.0,vagon,400,2.5,Diesel,yes,1994,525,31,12.9,8.476371196895983,1,2.5
Renault,11500.0,van,170,1.5,Diesel,yes,2012,Grand Scenic,13,13.08,9.350102314351341,0,0.0
BMW,42000.0,crossover,33,2.0,Petrol,yes,2014,X3,11,3.0,10.645424897265505,1,2.0
Mercedes-Benz,22600.0,crossover,165,3.0,Diesel,yes,2007,ML 320,18,9.17,10.025705185260378,1,3.0
Volkswagen,9900.0,sedan,80,1.6,Petrol,yes,2011,Polo,14,5.71,9.20029003612268,0,0.0
Mercedes-Benz,13500.0,van,259,3.0,Diesel,yes,2007,Vito,18,14.39,9.51044496442652,1,3.0
Volkswagen,10600.0,other,140,2.0,Other,yes,2007,Passat B6,18,7.78,9.268609280100158,0,0.0
Mercedes-Benz,12500.0,van,242,2.2,Diesel,yes,2008,Vito,17,14.24,9.433483923290392,1,2.2
Renault,7499.0,van,123,1.5,Diesel,yes,2009,Kangoo,16,7.69,8.92252495730139,0,0.0
Volkswagen,9999.0,hatch,118,1.2,Diesel,yes,2011,Polo,14,8.43,9.21024036697585,0,0.0
Toyota,18600.0,hatch,73,1.6,Petrol,yes,2013,Auris,12,6.08,9.830916859701293,0,0.0
Volkswagen,7600.0,hatch,225,1.4,Petrol,yes,2004,Golf V,21,10.71,8.935903526274423,0,0.0
Volkswagen,9200.0,hatch,127,1.6,Petrol,yes,2007,Golf V,18,7.06,9.126958763037132,0,0.0
Audi,3700.0,vagon,290,1.9,Diesel,no,2002,A4,23,12.61,8.216088098632316,1,1.9
BMW,26000.0,crossover,270,4.8,Petrol,yes,2008,X5,17,15.88,10.165851817003619,1,4.8
BMW,12950.0,sedan,268,4.0,Diesel,yes,2004,740,21,12.76,9.468851067127684,1,4.0
Mitsubishi,15200.0,crossover,193,3.0,Gas,yes,2008,Pajero Wagon,17,11.35,9.629050706834368,0,0.0
Audi,62000.0,vagon,24,3.0,Diesel,yes,2015,A6 Allroad,10,2.4,11.03488966402723,1,3.0
Toyota,68500.0,van,1,3.5,Petrol,yes,2016,Sienna,9,0.11,11.134589024250317,0,0.0
Volkswagen,2500.0,hatch,111,1.6,Gas,yes,1999,Golf IV,26,4.27,7.824046010856292,0,0.0
Volkswagen,2600.0,other,296,1.9,Diesel,no,2000,Golf IV,25,11.84,7.8632667240095735,0,0.0
Mercedes-Benz,12250.0,van,300,2.2,Diesel,yes,2007,Vito,18,16.67,9.413281215972873,1,2.2
Toyota,39900.0,crossover,94,4.0,Gas,yes,2010,Land Cruiser Prado,15,6.27,10.594131602877955,0,0.0
Volkswagen,1500.0,other,160,1.4,Petrol,no,1999,Golf IV,26,6.15,7.313220387090301,0,0.0
Mercedes-Benz,3700.0,sedan,270,3.5,Petrol,no,2004,S 350,21,12.86,8.216088098632316,1,3.5
BMW,8999.0,other,160,1.8,Petrol,yes,1997,318,28,5.71,9.104868739033948,1,1.8
Mitsubishi,9900.0,other,200,2.5,Diesel,yes,2007,L 200,18,11.11,9.20029003612268,0,0.0
Volkswagen,16800.0,crossover,249,5.0,Diesel,yes,2005,Touareg,20,12.45,9.72913416539135,0,0.0
Volkswagen,23999.0,sedan,0,1.6,Diesel,yes,2016,Jetta,9,0.0,10.085767441795337,0,0.0
Mercedes-Benz,36000.0,crossover,162,3.0,Diesel,yes,2009,GL 320,16,10.12,10.491274217438248,1,3.0
Mitsubishi,15800.0,other,146,2.5,Diesel,yes,2013,L 200,12,12.17,9.667765219015058,0,0.0
Volkswagen,19300.0,sedan,136,2.0,Diesel,yes,2011,Passat B7,14,9.71,9.867860374892977,0,0.0
Renault,6450.0,van,148,1.5,Diesel,yes,2012,Kangoo,13,11.38,8.771835409789817,0,0.0
Renault,4200.0,van,220,1.5,Diesel,yes,2004,Kangoo,21,10.48,8.34283980427146,0,0.0
BMW,32000.0,crossover,52,3.0,Petrol,yes,2012,X5,13,4.0,10.373491181781864,1,3.0
Toyota,12500.0,sedan,110,2.4,Gas,yes,2007,Camry,18,6.11,9.433483923290392,0,0.0
BMW,47900.0,crossover,178,4.0,Diesel,yes,2012,X5,13,13.69,10.776870783399007,1,4.0
Mercedes-Benz,21999.0,sedan,200,3.0,Diesel,yes,2008,E-Class,17,11.76,9.998752276761909,1,3.0
Toyota,7500.0,hatch,74,1.3,Petrol,yes,2008,Yaris,17,4.35,8.922658299524402,0,0.0
BMW,30500.0,hatch,110,4.4,Petrol,yes,2008,X6,17,6.47,10.325481962595504,1,4.4
Volkswagen,17191.2,sedan,0,1.6,Petrol,yes,2016,Jetta,9,0.0,9.752152903968351,0,0.0
Mercedes-Benz,45555.0,sedan,42,3.0,Diesel,yes,2011,S 350,14,3.0,10.726675666147958,1,3.0
BMW,15200.0,sedan,227,2.5,Petrol,yes,2008,525,17,13.35,9.629050706834368,1,2.5
Volkswagen,7800.0,van,226,1.9,Diesel,yes,2005,T5 (Transporter) ,20,11.3,8.961879012677683,0,0.0
Volkswagen,22000.0,hatch,40,1.4,Petrol,yes,2013,Golf VII,12,3.33,9.998797732340453,0,0.0
Mitsubishi,9300.0,crossover,156,2.4,Gas,yes,2006,Outlander,19,8.21,9.137769679141348,0,0.0
Mercedes-Benz,31900.0,sedan,97,2.2,Diesel,yes,2011,E-Class,14,6.93,10.370361288772935,1,2.2
Mercedes-Benz,9350.0,van,160,2.2,Diesel,yes,2008,Vito,17,9.41,9.143131622282732,1,2.2
BMW,32500.0,sedan,134,2.0,Diesel,yes,2010,520,15,8.93,10.388995368317829,1,2.0
Renault,10200.0,vagon,151,1.5,Diesel,yes,2011,Megane,14,10.79,9.230142999272362,0,0.0
Toyota,8200.0,crossover,200,2.0,Gas,yes,2002,Rav 4,23,8.7,9.011889433252344,0,0.0
Mercedes-Benz,7400.0,sedan,190,2.0,Petrol,yes,2002,C-Class,23,8.26,8.909235279192261,1,2.0
Mitsubishi,14200.0,crossover,155,3.0,Gas,yes,2007,Outlander XL,18,8.61,9.560997243589352,0,0.0
Mercedes-Benz,24300.0,sedan,150,3.5,Gas,yes,2008,S 350,17,8.82,10.09823162932864,1,3.5
Volkswagen,9300.0,van,176,1.9,Diesel,yes,2005,T5 (Transporter),20,8.8,9.137769679141348,0,0.0
Volkswagen,21000.0,crossover,130,2.5,Diesel,yes,2008,Touareg,17,7.65,9.95227771670556,0,0.0
Audi,36000.0,crossover,145,3.0,Petrol,yes,2010,Q7,15,9.67,10.491274217438248,1,3.0
Mitsubishi,22900.0,crossover,69,2.4,Petrol,yes,2014,Outlander,11,6.27,10.03889218954233,0,0.0
Mercedes-Benz,9900.0,sedan,275,2.2,Other,yes,2005,E-Class,20,13.75,9.20029003612268,1,2.2
Volkswagen,3950.0,hatch,288,1.8,Gas,yes,1996,Golf III,29,9.93,8.281470857895167,0,0.0
Toyota,28700.0,crossover,100,3.5,Petrol,yes,2012,Highlander,13,7.69,10.264652401747712,0,0.0
Volkswagen,16900.0,van,121,2.0,Diesel,yes,2014,T5 (Transporter) ,11,11.0,9.735068900911164,0,0.0
Mercedes-Benz,7300.0,sedan,245,2.8,Gas,yes,1998,E-Class,27,9.07,8.895629627136483,1,2.8
Mercedes-Benz,2200.0,sedan,400,2.0,Petrol,yes,1988,190,37,10.81,7.696212639346407,1,2.0
Toyota,25500.0,other,103,3.5,Petrol,yes,2010,Venza,15,6.87,10.146433731146518,0,0.0
Volkswagen,7650.0,other,260,2.0,Diesel,yes,2005,Caddy,20,13.0,8.942460926820582,0,0.0
Toyota,22800.0,other,55,2.5,Petrol,yes,2013,Camry,12,4.58,10.034515814942532,0,0.0
Renault,8900.0,van,170,1.9,Diesel,yes,2005,Trafic,20,8.5,9.093806555720231,0,0.0
Renault,10990.0,sedan,118,2.0,Petrol,yes,2012,Fluence,13,9.08,9.304741047397666,0,0.0
Mercedes-Benz,107777.0,crossover,0,3.0,Diesel,yes,2016,GLS 350,9,0.0,11.587819556622462,1,3.0
Toyota,17000.0,sedan,95,2.0,Gas,yes,2011,Avensis,14,6.79,9.740968623038354,0,0.0
Renault,999.0,sedan,430,2.0,Gas,yes,1988,25,37,11.62,6.906754778648554,0,0.0
BMW,66500.0,crossover,0,2.0,Other,yes,2016,X5,9,0.0,11.104957226643945,1,2.0
Volkswagen,4300.0,vagon,289,2.0,Petrol,yes,1994,Passat B4,31,9.32,8.366370301681654,0,0.0
BMW,3350.0,vagon,295,2.0,Diesel,no,2002,320,23,12.83,8.116715624819111,1,2.0
Toyota,10400.0,sedan,87,1.6,Petrol,yes,2008,Corolla,17,5.12,9.249561085129464,0,0.0
BMW,22700.0,crossover,216,4.8,Petrol,yes,2007,X5,18,12.0,10.030120203469494,1,4.8
Renault,6700.0,van,102,1.5,Diesel,yes,2012,Kangoo,13,7.85,8.809862805379057,0,0.0
Audi,3800.0,sedan,257,2.0,Petrol,yes,1993,80,32,8.03,8.242756345714477,1,2.0
Volkswagen,10900.0,vagon,185,1.4,Petrol,yes,2011,Golf VII,14,13.21,9.296518068217235,0,0.0
Mercedes-Benz,11000.0,van,300,2.2,Diesel,yes,2007,Vito,18,16.67,9.305650551780507,1,2.2
Volkswagen,51900.0,crossover,30,3.0,Diesel,yes,2015,Touareg,10,3.0,10.85707406915398,0,0.0
Mercedes-Benz,18900.0,sedan,232,3.0,Diesel,yes,2007,E-Class,18,12.89,9.846917201047734,1,3.0
BMW,25500.0,sedan,148,3.0,Diesel,yes,2007,535,18,8.22,10.146433731146518,1,3.0
Renault,14500.0,sedan,98,1.5,Diesel,yes,2014,Fluence,11,8.91,9.581903928408666,0,0.0
BMW,7900.0,sedan,260,3.5,Petrol,yes,1997,535,28,9.29,8.974618038455112,1,3.5
Audi,44800.0,crossover,95,3.0,Diesel,yes,2014,Q7,11,8.64,10.709963418403076,1,3.0
Toyota,26200.0,other,73,2.5,Diesel,yes,2012,Hilux,13,5.62,10.173514689749188,0,0.0
BMW,14000.0,crossover,164,3.0,Diesel,no,2006,X5,19,8.63,9.546812608597396,1,3.0
Renault,7900.0,van,300,1.9,Diesel,yes,2006,Trafic,19,15.79,8.974618038455112,0,0.0
Volkswagen,10777.0,van,157,1.6,Diesel,yes,2012,Caddy,13,12.08,9.285169512596832,0,0.0
Renault,8300.0,van,217,1.9,Diesel,yes,2004,Trafic,21,10.33,9.02401079378469,0,0.0
Volkswagen,40000.0,sedan,1,1.4,Petrol,yes,2015,Passat B8,10,0.1,10.596634733096073,0,0.0
Mercedes-Benz,16800.0,other,266,3.0,Diesel,yes,2007,E-Class,18,14.78,9.72913416539135,1,3.0
Audi,43000.0,crossover,1,2.0,Petrol,yes,2016,Q3,9,0.11,10.668955394675699,1,2.0
Toyota,22900.0,sedan,60,2.5,Petrol,yes,2012,Camry,13,4.62,10.03889218954233,0,0.0
Audi,10900.0,sedan,225,2.4,Petrol,yes,2005,A6,20,11.25,9.296518068217235,1,2.4
BMW,2550.0,sedan,280,1.6,Petrol,no,2000,316,25,11.2,7.843848638152472,1,1.6
Mercedes-Benz,18700.0,other,142,2.2,Diesel,yes,2007,Viano,18,7.89,9.836278802842678,1,2.2
Toyota,3800.0,sedan,220,1.6,Petrol,yes,1994,Carina,31,7.1,8.242756345714477,0,0.0
Mercedes-Benz,7700.0,van,290,2.2,Diesel,yes,2004,Vito,21,13.81,8.948975607841776,1,2.2
BMW,112000.0,sedan,16,3.0,Diesel,yes,2015,730,10,1.6,11.626254150277232,1,3.0
Mercedes-Benz,2600.0,van,280,2.9,Diesel,no,1997,Sprinter 312,28,10.0,7.8632667240095735,1,2.9
Volkswagen,14900.0,vagon,165,1.4,Petrol,yes,2013,Passat B7,12,13.75,9.60911649193355,0,0.0
Mitsubishi,11960.0,other,140,2.5,Diesel,yes,2007,L 200,18,7.78,9.389323027504624,0,0.0
Mitsubishi,19800.0,crossover,130,2.5,Diesel,yes,2011,Pajero Sport,14,9.29,9.893437216682626,0,0.0
Mercedes-Benz,12800.0,van,116,2.2,Diesel,yes,2012,Vito,13,8.92,9.457200449907708,1,2.2
Mercedes-Benz,34000.0,sedan,69,2.0,Petrol,yes,2013,E-Class,12,5.75,10.4341158035983,1,2.0
Audi,29999.0,sedan,97,3.0,Petrol,yes,2011,S5,14,6.93,10.308919326755392,1,3.0
Mitsubishi,4900.0,vagon,250,2.5,Petrol,yes,2001,Galant,24,10.42,8.496990484098719,0,0.0
BMW,12900.0,sedan,200,2.5,Petrol,yes,2006,523,19,10.53,9.464982590349763,1,2.5
Mercedes-Benz,12600.0,sedan,300,2.7,Diesel,yes,2003,E-Class,22,13.64,9.441452092939569,1,2.7
Volkswagen,9800.0,other,117,1.6,Diesel,yes,2014,Caddy,11,10.64,9.190137664658664,0,0.0
Audi,3650.0,sedan,270,1.9,Diesel,yes,2002,A6,23,11.74,8.202482446576537,1,1.9
Volkswagen,37900.0,crossover,73,3.0,Diesel,yes,2012,Touareg,13,5.62,10.542706391070517,0,0.0
Volkswagen,17900.0,crossover,145,3.0,Diesel,yes,2007,Touareg,18,8.06,9.792555991828847,0,0.0
BMW,37500.0,crossover,110,4.4,Petrol,yes,2011,X6,14,7.86,10.532096211958502,1,4.4
BMW,27900.0,sedan,170,3.0,Petrol,yes,2011,530,14,12.14,10.236381967809457,1,3.0
Volkswagen,10600.0,van,153,1.6,Diesel,yes,2012,Caddy,13,11.77,9.268609280100158,0,0.0
Mercedes-Benz,39900.0,crossover,127,5.5,Petrol,yes,2010,GL 550,15,8.47,10.594131602877955,1,5.5
Volkswagen,5200.0,van,260,1.9,Diesel,no,2005,Touran,20,13.0,8.556413904569519,0,0.0
Volkswagen,16999.0,sedan,105,1.8,Petrol,yes,2011,Passat B7,14,7.5,9.74090979777877,0,0.0
Renault,8400.0,van,260,1.9,Diesel,yes,2005,Trafic,20,13.0,9.035986984831405,0,0.0
Audi,30900.0,crossover,27,2.0,Petrol,yes,2011,Q5,14,1.93,10.338511462885837,1,2.0
Mercedes-Benz,9500.0,van,248,2.2,Diesel,yes,2005,Vito,20,12.4,9.159047077588632,1,2.2
Mitsubishi,12800.0,crossover,153,1.6,Gas,yes,2011,ASX,14,10.93,9.457200449907708,0,0.0
BMW,48900.0,crossover,60,3.0,Diesel,yes,2011,X3,14,4.29,10.797532675462964,1,3.0
Renault,11600.0,vagon,165,1.5,Diesel,yes,2012,Megane,13,12.69,9.358760377094455,0,0.0
Volkswagen,20200.0,hatch,22,1.2,Petrol,yes,2014,Golf VII,11,2.0,9.913437883389296,0,0.0
Mercedes-Benz,12700.0,hatch,140,1.7,Gas,yes,2007,B 170,18,7.78,9.449357272446683,1,1.7
Toyota,17835.0,crossover,240,2.7,Gas,yes,2007,Land Cruiser Prado,18,13.33,9.788918097792992,0,0.0
Mercedes-Benz,30900.0,sedan,71,2.2,Diesel,yes,2012,E-Class,13,5.46,10.338511462885837,1,2.2
Renault,9500.0,sedan,88,1.6,Gas,yes,2012,Fluence,13,6.77,9.159047077588632,0,0.0
Volkswagen,11500.0,van,192,1.9,Diesel,yes,2008,Caddy,17,11.29,9.350102314351341,0,0.0
Renault,18932.55,hatch,0,1.5,Diesel,yes,2016,Megane,9,0.0,9.8486379419458,0,0.0
Renault,11700.0,vagon,155,1.5,Diesel,yes,2012,Megane,13,11.92,9.367344120785848,0,0.0
Renault,9900.0,crossover,201,1.9,Diesel,yes,2006,Kangoo,19,10.58,9.20029003612268,0,0.0
Mercedes-Benz,19500.0,sedan,180,3.0,Diesel,yes,2008,E-Class,17,10.59,9.878169744551839,1,3.0
Audi,3400.0,vagon,261,2.5,Diesel,no,2004,A6,21,12.43,8.131530710604252,1,2.5
Volkswagen,8200.0,other,102,1.6,Diesel,yes,2012,Caddy,13,7.85,9.011889433252344,0,0.0
Toyota,15600.0,sedan,165,3.5,Gas,yes,2008,Camry,17,9.71,9.655026193237628,0,0.0
Toyota,47500.0,crossover,45,3.0,Diesel,yes,2014,Land Cruiser Prado,11,4.09,10.768484990022733,0,0.0
Audi,33900.0,sedan,58,2.0,Petrol,yes,2014,A5,11,5.27,10.431170293368542,1,2.0
Toyota,97500.0,crossover,2,4.6,Petrol,yes,2016,Land Cruiser 200,9,0.22,11.487607656985938,0,0.0
Renault,15000.0,sedan,21,1.5,Diesel,yes,2014,Fluence,11,1.91,9.615805480084347,0,0.0
Toyota,28999.0,sedan,86,3.5,Petrol,yes,2013,Camry,12,7.17,10.275016625615446,0,0.0
Audi,15000.0,hatch,66,1.2,Petrol,yes,2011,A1,14,4.71,9.615805480084347,1,1.2
Toyota,36000.0,crossover,66,3.0,Diesel,yes,2010,Land Cruiser Prado,15,4.4,10.491274217438248,0,0.0
Toyota,19500.0,crossover,150,4.0,Petrol,yes,2005,Land Cruiser Prado,20,7.5,9.878169744551839,0,0.0
Mercedes-Benz,5000.0,sedan,350,1.8,Other,yes,1995,C-Class,30,11.67,8.517193191416238,1,1.8
Mercedes-Benz,17800.0,sedan,73,3.0,Petrol,yes,2008,C-Class,17,4.29,9.786953736280177,1,3.0
Mercedes-Benz,5000.0,sedan,215,2.6,Gas,yes,1992,E-Class,33,6.52,8.517193191416238,1,2.6
Renault,3100.0,hatch,275,1.2,Petrol,yes,1991,Clio,34,8.09,8.039157390473237,0,0.0
Renault,1200.0,sedan,240,1.7,Gas,yes,1988,9,37,6.49,7.090076835776092,0,0.0
BMW,3800.0,sedan,100,1.8,Petrol,yes,1992,318,33,3.03,8.242756345714477,1,1.8
Renault,1999.0,vagon,260,1.9,Diesel,no,2001,Laguna,24,10.83,7.6004023345004,0,0.0
Mercedes-Benz,8800.0,sedan,330,5.0,Petrol,yes,2000,S 500,25,13.2,9.082507000466299,1,5.0
Renault,8800.0,van,250,1.9,Diesel,yes,2006,Trafic,19,13.16,9.082507000466299,0,0.0
Mercedes-Benz,15300.0,other,168,3.2,Petrol,yes,2003,CLK 320,22,7.64,9.635608107380527,1,3.2
BMW,39900.0,sedan,5,2.0,Petrol,yes,2016,520,9,0.56,10.594131602877955,1,2.0
Renault,7400.0,van,181,2.0,Diesel,yes,2007,Trafic,18,10.06,8.909235279192261,0,0.0
Volkswagen,28000.0,van,163,2.0,Diesel,yes,2010,Multivan,15,10.87,10.239959789157341,0,0.0
Volkswagen,12300.0,van,182,2.0,Diesel,yes,2011,T6 (Transporter) ,14,13.0,9.417354541360508,0,0.0
Renault,3600.0,sedan,101,2.0,Petrol,yes,1997,Megane,28,3.61,8.1886891244442,0,0.0
Toyota,8450.0,sedan,193,1.6,Gas,yes,2007,Corolla,18,10.72,9.041921720351219,0,0.0
Volkswagen,2500.0,hatch,297,1.6,Petrol,yes,1995,Golf III,30,9.9,7.824046010856292,0,0.0
Toyota,9950.0,sedan,106,1.6,Gas,yes,2008,Corolla,17,6.24,9.205327830152639,0,0.0
Mercedes-Benz,23200.0,sedan,58,1.8,Petrol,yes,2010,C-Class,15,3.87,10.0519075576544,1,1.8
Toyota,10500.0,sedan,124,1.8,Petrol,yes,2008,Avensis,17,7.29,9.259130536145614,0,0.0
Mercedes-Benz,11200.0,sedan,280,2.2,Diesel,yes,2005,E-Class,20,14.0,9.323669057283185,1,2.2
Volkswagen,9750.0,van,1,1.9,Diesel,yes,2004,T5 (Transporter),21,0.05,9.185022563991893,0,0.0
Toyota,20800.0,crossover,70,2.7,Petrol,yes,2008,Land Cruiser Prado,17,4.12,9.94270826568941,0,0.0
Audi,33500.0,hatch,35,1.8,Petrol,yes,2014,A5,11,3.18,10.419300717813158,1,1.8
Volkswagen,10000.0,sedan,66,1.6,Petrol,yes,2011,Polo,14,4.71,9.210340371976184,0,0.0
Mitsubishi,2199.0,hatch,400,1.8,Other,yes,1991,Galant,34,11.76,7.695757990554761,0,0.0
Audi,16800.0,hatch,47,1.2,Petrol,yes,2013,A3,12,3.92,9.72913416539135,1,1.2
Mercedes-Benz,25500.0,crossover,200,4.0,Diesel,yes,2007,GL 420,18,11.11,10.146433731146518,1,4.0
Audi,2099.0,sedan,314,1.9,Diesel,no,1996,A4,29,10.83,7.649216319820633,1,1.9
Toyota,20000.0,crossover,250,4.2,Diesel,yes,2000,Land Cruiser 100,25,10.0,9.903487552536127,0,0.0
Volkswagen,7400.0,van,380,2.5,Diesel,yes,2000,T4 (Transporter),25,15.2,8.909235279192261,0,0.0
BMW,16500.0,sedan,150,2.5,Petrol,yes,2005,325,20,7.5,9.711115659888671,1,2.5
Mercedes-Benz,43500.0,other,51,3.0,Diesel,yes,2014,E-Class,11,4.64,10.680516217076775,1,3.0
Volkswagen,3100.0,hatch,118,1.8,Gas,yes,1993,Golf III,32,3.69,8.039157390473237,0,0.0
Mercedes-Benz,12100.0,sedan,310,2.2,Diesel,yes,2005,E-Class,20,15.5,9.400960731584833,1,2.2
Mercedes-Benz,12000.0,van,230,2.2,Diesel,yes,2008,Vito,17,13.53,9.392661928770137,1,2.2
Mitsubishi,33000.0,other,0,2.4,Diesel,yes,2016,L 200,9,0.0,10.404262840448617,0,0.0
Renault,15672.15,van,0,1.5,Diesel,yes,2016,Dokker,9,0.0,9.659640530788375,0,0.0
Renault,6600.0,van,134,1.5,Diesel,yes,2011,Kangoo,14,9.57,8.794824928014517,0,0.0
Renault,12800.0,vagon,127,1.5,Diesel,yes,2011,Megane,14,9.07,9.457200449907708,0,0.0
Renault,7200.0,van,73,1.5,Diesel,yes,2012,Kangoo,13,5.62,8.881836305004146,0,0.0
BMW,21000.0,hatch,79,1.6,Petrol,yes,2013,118,12,6.58,9.95227771670556,1,1.6
Mitsubishi,5900.0,hatch,92,1.6,Petrol,yes,2003,Carisma,22,4.18,8.68270762989381,0,0.0
Volkswagen,9500.0,van,205,2.0,Petrol,yes,2006,Passat B6,19,10.79,9.159047077588632,0,0.0
Renault,2100.0,van,270,1.9,Diesel,no,2002,Scenic,23,11.74,7.649692623711514,0,0.0
Toyota,8100.0,hatch,91,1.6,Petrol,yes,2007,Auris,18,5.06,8.99961934066053,0,0.0
Mercedes-Benz,60000.0,crossover,140,5.5,Gas,yes,2008,G 55 AMG,17,8.24,11.002099841204238,1,5.5
BMW,2899.0,sedan,260,2.0,Diesel,no,2000,320,25,10.4,7.972121128921655,1,2.0
BMW,73900.0,sedan,57,4.4,Petrol,yes,2013,M5,12,4.75,11.210468106936293,1,4.4
BMW,3400.0,vagon,191,2.0,Diesel,no,2002,320,23,8.3,8.131530710604252,1,2.0
BMW,26500.0,sedan,70,3.0,Petrol,yes,2008,330,17,4.12,10.184900011974314,1,3.0
Mitsubishi,5800.0,sedan,186,1.6,Petrol,yes,2006,Lancer,19,9.79,8.66561319653451,0,0.0
BMW,9999.0,sedan,200,1.8,Petrol,yes,2004,318,21,9.52,9.21024036697585,1,1.8
Volkswagen,12999.0,vagon,95,1.6,Diesel,yes,2010,Passat B6,15,6.33,9.47262771040802,0,0.0
Mercedes-Benz,75500.0,van,14,2.2,Diesel,yes,2015,V 250,10,1.4,11.231887935237117,1,2.2
BMW,2499.0,sedan,210,1.8,Petrol,no,2000,318,25,8.4,7.823645930834952,1,1.8
Volkswagen,3500.0,hatch,201,1.9,Diesel,no,2002,Golf IV,23,8.74,8.160518247477505,0,0.0
Volkswagen,10000.0,van,283,2.5,Diesel,yes,2005,T5 (Transporter),20,14.15,9.210340371976184,0,0.0
Mitsubishi,7000.0,sedan,133,1.6,Petrol,yes,2008,Lancer,17,7.82,8.85366542803745,0,0.0
Volkswagen,35999.0,crossover,84,3.0,Diesel,yes,2011,Touareg,14,6.0,10.49124643927466,0,0.0
Mitsubishi,2900.0,sedan,350,1.6,Petrol,yes,1994,Lancer,31,11.29,7.9724660159745655,0,0.0
Volkswagen,32400.0,crossover,50,2.0,Diesel,yes,2014,Tiguan,11,4.55,10.38591370178042,0,0.0
Mitsubishi,15000.0,crossover,95,2.5,Diesel,yes,2008,Pajero Sport,17,5.59,9.615805480084347,0,0.0
Mitsubishi,7300.0,sedan,145,1.6,Petrol,yes,2008,Lancer,17,8.53,8.895629627136483,0,0.0
Toyota,30500.0,sedan,7,2.5,Gas,yes,2015,Camry,10,0.7,10.325481962595504,0,0.0
BMW,6300.0,sedan,270,3.5,Petrol,yes,1998,735,27,10.0,8.748304912379623,1,3.5
BMW,23500.0,crossover,180,4.8,Petrol,yes,2008,X5,17,10.59,10.06475570013225,1,4.8
Volkswagen,10400.0,sedan,87,1.6,Petrol,yes,2011,Polo,14,6.21,9.249561085129464,0,0.0
Volkswagen,22600.0,crossover,187,3.0,Diesel,yes,2008,Touareg,17,11.0,10.025705185260378,0,0.0
Volkswagen,8900.0,hatch,128,1.4,Petrol,yes,2010,Polo,15,8.53,9.093806555720231,0,0.0
Audi,8400.0,sedan,260,1.8,Gas,yes,2003,A4,22,11.82,9.035986984831405,1,1.8
Toyota,13300.0,sedan,158,2.0,Gas,yes,2009,Avensis,16,9.88,9.495519314209846,0,0.0
Mercedes-Benz,16500.0,van,152,2.2,Diesel,yes,2012,Vito,13,11.69,9.711115659888671,1,2.2
Renault,4200.0,vagon,180,1.4,Petrol,yes,2000,Kangoo,25,7.2,8.34283980427146,0,0.0
Volkswagen,18999.0,sedan,122,1.8,Petrol,yes,2012,Passat CC,13,9.38,9.85214162518454,0,0.0
Mitsubishi,12400.0,sedan,52,1.6,Petrol,yes,2013,Lancer X,12,4.33,9.425451751593128,0,0.0
Mitsubishi,3950.0,other,280,2.5,Diesel,no,1994,Pajero,31,9.03,8.281470857895167,0,0.0
Toyota,13850.0,hatch,24,1.6,Other,yes,2010,Auris,15,1.6,9.536040511615484,0,0.0
Mitsubishi,5999.0,hatch,108,1.3,Petrol,yes,2006,Colt,19,5.68,8.699348067653093,0,0.0
BMW,5400.0,sedan,404,2.5,Petrol,yes,1992,525,33,12.24,8.594154232552366,1,2.5
Mercedes-Benz,28500.0,hatch,15,1.8,Diesel,yes,2014,A 180,11,1.36,10.257659366256743,1,1.8
Mercedes-Benz,46900.0,other,10,2.2,Diesel,yes,2012,E-Class,13,0.77,10.75577295443437,1,2.2
Renault,12000.0,sedan,81,2.0,Petrol,yes,2012,Fluence,13,6.23,9.392661928770137,0,0.0
Volkswagen,29040.0,sedan,0,1.4,Petrol,yes,2015,Jetta,10,0.0,10.276429468938732,0,0.0
Audi,9800.0,hatch,165,1.6,Gas,yes,2006,A3,19,8.68,9.190137664658664,1,1.6
BMW,7000.0,sedan,400,2.8,Petrol,yes,1998,528,27,14.81,8.85366542803745,1,2.8
Volkswagen,12800.0,van,230,2.0,Diesel,yes,2011,T5 (Transporter) ,14,16.43,9.457200449907708,0,0.0
BMW,8500.0,sedan,365,3.0,Diesel,yes,2001,530,24,15.21,9.047821442478408,1,3.0
Toyota,3650.0,hatch,260,1.3,Petrol,yes,1996,Corolla,29,8.97,8.202482446576537,0,0.0
Volkswagen,11500.0,other,51,1.6,Petrol,yes,2013,Polo,12,4.25,9.350102314351341,0,0.0
Volkswagen,9800.0,van,130,1.6,Diesel,yes,2012,Caddy,13,10.0,9.190137664658664,0,0.0
Renault,2350.0,van,380,1.9,Diesel,no,2003,Espace,22,17.27,7.762170607138205,0,0.0
Audi,21800.0,vagon,172,2.0,Diesel,yes,2011,A4,14,12.29,9.98966524877718,1,2.0
Volkswagen,20300.0,crossover,139,3.0,Diesel,yes,2008,Touareg,17,8.18,9.918376165029878,0,0.0
Mercedes-Benz,11800.0,sedan,167,3.2,Diesel,yes,2003,E-Class,22,7.59,9.375854810453756,1,3.2
Renault,8400.0,van,248,2.5,Diesel,yes,2005,Trafic,20,12.4,9.035986984831405,0,0.0
Mercedes-Benz,81500.0,sedan,1,3.0,Diesel,yes,2016,GLE-Class,9,0.11,11.308358299228955,1,3.0
Toyota,14900.0,other,175,3.5,Gas,yes,2008,Camry,17,10.29,9.60911649193355,0,0.0
Mitsubishi,7500.0,sedan,79,1.6,Gas,yes,2008,Lancer,17,4.65,8.922658299524402,0,0.0
Volkswagen,9400.0,hatch,187,1.6,Petrol,yes,2008,Golf V,17,11.0,9.148464968258095,0,0.0
Renault,8700.0,hatch,21,1.6,Petrol,yes,2011,Sandero,14,1.5,9.071078304642676,0,0.0
Volkswagen,13700.0,sedan,134,2.0,Diesel,yes,2012,Passat B6,13,10.31,9.525151111816216,0,0.0
Audi,4000.0,sedan,263,1.9,Diesel,yes,1996,A4,29,9.07,8.294049640102028,1,1.9
Volkswagen,8950.0,van,206,1.6,Diesel,yes,2012,Caddy,13,15.85,9.099408811268901,0,0.0
Audi,4299.0,sedan,307,2.8,Gas,yes,1991,100,34,9.03,8.366137716496281,1,2.8
Toyota,36500.0,crossover,2,3.0,Diesel,yes,2014,Hilux,11,0.18,10.505067539570582,0,0.0
Mercedes-Benz,7600.0,van,315,2.9,Diesel,yes,1996,Sprinter 312,29,10.86,8.935903526274423,1,2.9
Mitsubishi,9200.0,crossover,110,2.4,Petrol,yes,2006,Outlander,19,5.79,9.126958763037132,0,0.0
Mercedes-Benz,13000.0,sedan,191,1.8,Petrol,yes,2005,E-Class,20,9.55,9.472704636443673,1,1.8
Toyota,24000.0,crossover,132,4.0,Petrol,yes,2008,Land Cruiser Prado,17,7.76,10.085809109330082,0,0.0
Mercedes-Benz,20900.0,other,250,3.2,Diesel,yes,2007,ML 320,18,13.89,9.947504437952903,1,3.2
BMW,18500.0,sedan,79,3.0,Diesel,no,2012,530,13,6.08,9.825526011066415,1,3.0
Mercedes-Benz,2000.0,sedan,270,2.9,Diesel,no,1996,E-Class,29,9.31,7.600902459542082,1,2.9
Audi,2400.0,sedan,310,2.0,Diesel,yes,1989,100,36,8.61,7.783224016336037,1,2.0
Renault,12399.0,van,177,2.0,Diesel,yes,2009,Trafic,16,11.06,9.425371103179842,0,0.0
Toyota,15200.0,crossover,208,2.0,Petrol,yes,2006,Rav 4,19,10.95,9.629050706834368,0,0.0
Audi,23800.0,crossover,205,4.2,Gas,yes,2007,Q7,18,11.39,10.077440859659566,1,4.2
Volkswagen,3000.0,vagon,275,1.9,Diesel,no,2001,Passat B5,24,11.46,8.006367567650246,0,0.0
Mercedes-Benz,4000.0,sedan,300,1.8,Petrol,yes,1996,C-Class,29,10.34,8.294049640102028,1,1.8
Renault,7000.0,vagon,231,1.6,Petrol,yes,2008,Scenic,17,13.59,8.85366542803745,0,0.0
Volkswagen,17900.0,van,92,1.4,Petrol,yes,2012,Sharan,13,7.08,9.792555991828847,0,0.0
Audi,3400.0,vagon,223,2.5,Diesel,no,2001,A6,24,9.29,8.131530710604252,1,2.5
BMW,7000.0,sedan,227,3.0,Diesel,no,2004,730,21,10.81,8.85366542803745,1,3.0
Audi,98000.0,other,12,5.2,Petrol,yes,2012,R8,13,0.92,11.49272275765271,1,5.2
Volkswagen,12650.0,van,167,2.0,Diesel,yes,2011,T5 (Transporter) ,14,11.93,9.445412494155667,0,0.0
Volkswagen,39040.0,sedan,0,2.0,Diesel,yes,2014,Passat CC,11,0.0,10.57234204052703,0,0.0
BMW,25500.0,crossover,187,4.8,Gas,yes,2007,X5,18,10.39,10.146433731146518,1,4.8
Volkswagen,9000.0,sedan,130,1.6,Petrol,yes,2012,Polo,13,10.0,9.104979856318357,0,0.0
BMW,47300.0,crossover,10,2.0,Diesel,yes,2016,X3,9,1.11,10.764265574480024,1,2.0
Renault,11500.0,van,177,2.0,Diesel,yes,2008,Trafic,17,10.41,9.350102314351341,0,0.0
Mitsubishi,19000.0,crossover,47,2.0,Petrol,yes,2012,ASX,13,3.62,9.852194258148577,0,0.0
Mercedes-Benz,18500.0,crossover,1,3.5,Gas,yes,2006,ML 350,19,0.05,9.825526011066415,1,3.5
Volkswagen,7170.0,van,176,2.0,Diesel,yes,2005,Caddy,20,8.8,8.877660933593667,0,0.0
Mercedes-Benz,28000.0,other,250,3.0,Diesel,yes,2008,GL 320,17,14.71,10.239959789157341,1,3.0
Audi,28500.0,sedan,74,1.8,Petrol,yes,2012,A4,13,5.69,10.257659366256743,1,1.8
Volkswagen,25500.0,other,52,2.0,Petrol,yes,2012,Scirocco,13,4.0,10.146433731146518,0,0.0
Mitsubishi,10999.0,other,281,3.0,Gas,yes,2003,Pajero Wagon,22,12.77,9.305559638557117,0,0.0
Mercedes-Benz,42500.0,sedan,100,5.5,Petrol,yes,2011,S 500,14,7.14,10.657259354912508,1,5.5
Toyota,16800.0,crossover,165,2.7,Petrol,yes,2005,Land Cruiser Prado,20,8.25,9.72913416539135,0,0.0
Volkswagen,17900.0,vagon,115,1.8,Petrol,yes,2012,Passat B7,13,8.85,9.792555991828847,0,0.0
BMW,19900.0,other,218,3.0,Petrol,yes,2007,335,18,12.11,9.898475010712584,1,3.0
Volkswagen,8750.0,van,200,2.5,Diesel,yes,2006,T5 (Transporter),19,10.53,9.07680897935166,0,0.0
Mercedes-Benz,111999.0,crossover,0,3.0,Diesel,yes,2016,GLS 350,9,0.0,11.626245221665943,1,3.0
BMW,9500.0,sedan,217,2.2,Petrol,yes,2002,320,23,9.43,9.159047077588632,1,2.2
Toyota,7500.0,hatch,98,1.3,Other,yes,2006,Yaris,19,5.16,8.922658299524402,0,0.0
Mercedes-Benz,32500.0,crossover,254,3.2,Diesel,yes,2008,GL 320,17,14.94,10.388995368317829,1,3.2
Audi,3700.0,vagon,273,2.5,Diesel,no,2003,A6,22,12.41,8.216088098632316,1,2.5
Mitsubishi,8500.0,other,135,1.5,Gas,yes,2008,Lancer X,17,7.94,9.047821442478408,0,0.0
Mercedes-Benz,109900.0,sedan,40,3.0,Diesel,yes,2014,S 350,11,3.64,11.607326140391713,1,3.0
Mercedes-Benz,39900.0,other,88,6.2,Petrol,yes,2008,CL 63 AMG,17,5.18,10.594131602877955,1,6.2
Mercedes-Benz,4700.0,sedan,260,2.7,Diesel,no,2002,E-Class,23,11.3,8.45531778769815,1,2.7
Audi,13200.0,vagon,182,2.7,Gas,yes,2003,A6 Allroad,22,8.27,9.487972108574462,1,2.7
Renault,6700.0,van,216,1.5,Diesel,yes,2010,Kangoo,15,14.4,8.809862805379057,0,0.0
Volkswagen,23000.0,sedan,80,2.0,Other,yes,2011,Passat CC,14,5.71,10.043249494911286,0,0.0
Volkswagen,6400.0,van,181,2.0,Diesel,yes,2008,Caddy,17,10.65,8.764053269347762,0,0.0
Mercedes-Benz,97555.0,van,0,2.5,Diesel,yes,2016,V 250,9,0.0,11.488171600504,1,2.5
Audi,7900.0,sedan,242,2.0,Petrol,yes,2002,A4,23,10.52,8.974618038455112,1,2.0
Mercedes-Benz,5300.0,sedan,380,3.0,Diesel,yes,1995,E-Class,30,12.67,8.575462099540212,1,3.0
Toyota,24171.42,sedan,1,2.5,Petrol,yes,2016,Camry,9,0.11,10.092926222488954,0,0.0
Audi,23400.0,sedan,112,2.0,Diesel,yes,2012,A4,13,8.62,10.060491301345794,1,2.0
Toyota,10500.0,sedan,185,1.6,Petrol,yes,2008,Corolla,17,10.88,9.259130536145614,0,0.0
Mercedes-Benz,4900.0,van,262,2.3,Diesel,yes,1998,Vito,27,9.7,8.496990484098719,1,2.3
BMW,16300.0,crossover,258,4.4,Petrol,yes,2005,X5,20,12.9,9.698920386794853,1,4.4
Renault,1300.0,van,265,1.9,Diesel,no,1999,Kangoo,26,10.19,7.170119543449628,0,0.0
Mercedes-Benz,6700.0,van,1,2.2,Diesel,yes,2004,Vito,21,0.05,8.809862805379057,1,2.2
Renault,2850.0,hatch,315,2.2,Diesel,no,2003,Laguna,22,14.32,7.955074273262696,0,0.0
Mercedes-Benz,109999.0,crossover,0,2.98,Diesel,yes,2016,GLS 350,9,0.0,11.60822655382414,1,2.98
Audi,3650.0,sedan,240,2.5,Diesel,no,2000,A6,25,9.6,8.202482446576537,1,2.5
Volkswagen,4100.0,vagon,350,1.9,Diesel,yes,2003,Passat B5,22,15.91,8.318742252692399,0,0.0
Mercedes-Benz,9300.0,van,159,2.2,Diesel,yes,2010,Vito,15,10.6,9.137769679141348,1,2.2
BMW,18500.0,crossover,250,4.4,Gas,yes,2005,X5,20,12.5,9.825526011066415,1,4.4
Mercedes-Benz,7600.0,sedan,384,2.8,Petrol,yes,2000,E-Class,25,15.36,8.935903526274423,1,2.8
Mitsubishi,7300.0,sedan,112,1.6,Petrol,yes,2008,Lancer,17,6.59,8.895629627136483,0,0.0
Renault,6700.0,van,220,2.0,Other,yes,2007,Trafic,18,12.22,8.809862805379057,0,0.0
Toyota,14400.0,sedan,80,2.4,Petrol,yes,2008,Camry,17,4.71,9.574983485564092,0,0.0
Toyota,10600.0,sedan,204,1.8,Other,yes,2008,Avensis,17,12.0,9.268609280100158,0,0.0
Renault,10000.0,vagon,234,2.0,Diesel,yes,2008,Laguna,17,13.76,9.210340371976184,0,0.0
Toyota,12999.0,sedan,160,3.5,Gas,yes,2007,Avalon,18,8.89,9.47262771040802,0,0.0
Renault,6800.0,van,168,1.5,Diesel,yes,2012,Kangoo,13,12.92,8.824677891164198,0,0.0
Volkswagen,15850.0,crossover,98,2.0,Diesel,yes,2008,Tiguan,17,5.76,9.670924779305427,0,0.0
Renault,6000.0,van,162,1.4,Petrol,yes,2007,Kangoo,18,9.0,8.699514748210191,0,0.0
Volkswagen,44700.0,van,120,3.5,Petrol,yes,2013,Sharan,12,10.0,10.707728780601661,0,0.0
Renault,5600.0,vagon,117,1.5,Diesel,yes,2008,Kangoo,17,6.88,8.630521876723241,0,0.0
Mercedes-Benz,21500.0,sedan,159,1.8,Gas,yes,2012,E-Class,13,12.23,9.975808214115753,1,1.8
Renault,7600.0,van,183,1.9,Diesel,yes,2006,Trafic,19,9.63,8.935903526274423,0,0.0
Volkswagen,9000.0,hatch,120,1.2,Diesel,yes,2012,Polo,13,9.23,9.104979856318357,0,0.0
BMW,35500.0,sedan,235,3.0,Diesel,yes,2010,730,15,15.67,10.477287975463508,1,3.0
Mitsubishi,5500.0,sedan,165,1.6,Petrol,yes,2006,Lancer,19,8.68,8.612503371220562,0,0.0
Mercedes-Benz,32500.0,crossover,168,3.2,Diesel,yes,2009,GL 320,16,10.5,10.388995368317829,1,3.2
BMW,18000.0,sedan,245,2.5,Petrol,yes,2007,523,18,13.61,9.798127036878302,1,2.5
Mercedes-Benz,18000.0,van,147,2.2,Diesel,yes,2013,Vito,12,12.25,9.798127036878302,1,2.2
Renault,10999.0,vagon,216,1.5,Diesel,yes,2012,Megane,13,16.62,9.305559638557117,0,0.0
Mercedes-Benz,22700.0,sedan,140,5.0,Petrol,yes,2007,S 500,18,7.78,10.030120203469494,1,5.0
Toyota,23500.0,sedan,75,2.5,Gas,yes,2011,Camry,14,5.36,10.06475570013225,0,0.0
Mercedes-Benz,10000.0,other,275,2.15,Diesel,yes,2006,Sprinter 313,19,14.47,9.210340371976184,1,2.15
Volkswagen,7700.0,van,157,1.9,Diesel,yes,2006,Caddy,19,8.26,8.948975607841776,0,0.0
Volkswagen,10900.0,van,185,1.9,Diesel,yes,2009,Caddy,16,11.56,9.296518068217235,0,0.0
Audi,12999.0,vagon,225,2.5,Diesel,yes,2004,A6 Allroad,21,10.71,9.47262771040802,1,2.5
BMW,67500.0,crossover,1,2.0,Diesel,yes,2016,X5,9,0.11,11.119882876860622,1,2.0
Volkswagen,6800.0,van,325,2.5,Diesel,yes,2001,T4 (Transporter),24,13.54,8.824677891164198,0,0.0
Mitsubishi,4950.0,sedan,256,2.0,Petrol,yes,1997,Galant,28,9.14,8.507142855562735,0,0.0
Renault,6999.0,sedan,65,1.4,Petrol,yes,2012,Symbol,13,5.0,8.85352256068954,0,0.0
Volkswagen,29800.0,hatch,0,2.0,Diesel,yes,2015,Golf VII,10,0.0,10.302263672493496,0,0.0
Mercedes-Benz,16500.0,van,386,2.2,Diesel,yes,2006,Sprinter 313,19,20.32,9.711115659888671,1,2.2
BMW,6500.0,sedan,320,3.0,Gas,yes,2000,530,25,12.8,8.779557455883728,1,3.0
Renault,9999.0,vagon,100,1.5,Diesel,yes,2010,Kangoo,15,6.67,9.21024036697585,0,0.0
Volkswagen,8500.0,vagon,200,1.9,Diesel,yes,2003,Passat B5,22,9.09,9.047821442478408,0,0.0
Toyota,5750.0,hatch,160,1.0,Petrol,yes,2006,Yaris,19,8.42,8.656955133791396,0,0.0
BMW,4950.0,sedan,1,3.0,Petrol,yes,1996,730,29,0.03,8.507142855562735,1,3.0
BMW,19900.0,other,129,2.0,Petrol,yes,2008,320,17,7.59,9.898475010712584,1,2.0
Mitsubishi,15900.0,crossover,180,3.0,Gas,yes,2008,Pajero Wagon,17,10.59,9.674074388208323,0,0.0
Toyota,13500.0,crossover,131,2.4,Gas,yes,2006,Rav 4,19,6.89,9.51044496442652,0,0.0
Volkswagen,18950.0,crossover,149,3.0,Diesel,yes,2008,Touareg,17,8.76,9.849559210510572,0,0.0
Volkswagen,3650.0,sedan,197,2.0,Petrol,yes,1996,Passat B4,29,6.79,8.202482446576537,0,0.0
Volkswagen,16000.0,crossover,90,2.0,Petrol,yes,2011,Tiguan,14,6.43,9.680344001221918,0,0.0
Toyota,21600.0,sedan,66,2.5,Petrol,yes,2011,Camry,14,4.71,9.980448593672257,0,0.0
Toyota,9500.0,hatch,103,1.6,Petrol,yes,2008,Auris,17,6.06,9.159047077588632,0,0.0
Audi,51500.0,crossover,28,3.0,Diesel,yes,2014,Q7,11,2.55,10.849337086651827,1,3.0
Volkswagen,5000.0,van,400,2.4,Diesel,yes,1993,T4 (Transporter),32,12.5,8.517193191416238,0,0.0
Volkswagen,27000.0,other,90,2.0,Diesel,yes,2014,Tiguan,11,8.18,10.203592144986466,0,0.0
Renault,10900.0,other,189,2.0,Diesel,yes,2012,Trafic,13,14.54,9.296518068217235,0,0.0
BMW,37700.0,crossover,108,3.0,Petrol,yes,2011,X3,14,7.71,10.537415373436103,1,3.0
Renault,6299.0,van,66,1.5,Diesel,yes,2012,Kangoo,13,5.08,8.74814616962193,0,0.0
Mercedes-Benz,39900.0,sedan,29,6.3,Petrol,yes,2007,S 63 AMG,18,1.61,10.594131602877955,1,6.3
BMW,26900.0,crossover,140,4.8,Petrol,yes,2009,X5,16,8.75,10.19988156558993,1,4.8
Audi,8999.0,vagon,190,2.7,Gas,yes,2004,A6 Allroad,21,9.05,9.104868739033948,1,2.7
Volkswagen,16200.0,sedan,116,2.0,Diesel,yes,2011,Passat B7,14,8.29,9.692766521220475,0,0.0
Mitsubishi,5700.0,other,230,2.0,Petrol,yes,2003,Galant,22,10.45,8.648221453822641,0,0.0
BMW,9500.0,sedan,315,2.5,Diesel,yes,2001,525,24,13.12,9.159047077588632,1,2.5
BMW,25999.0,sedan,80,2.0,Petrol,yes,2012,320,13,6.15,10.165813354725493,1,2.0
Audi,28950.0,crossover,60,2.0,Petrol,yes,2012,Q5,13,4.62,10.273325483001141,1,2.0
Audi,6499.0,sedan,270,4.2,Petrol,yes,2000,S8,25,10.8,8.77940359789435,1,4.2
Audi,3500.0,sedan,35,1.8,Gas,yes,1990,80,35,1.0,8.160518247477505,1,1.8
Renault,7450.0,hatch,68,1.2,Petrol,yes,2009,Modus,16,4.25,8.915969311373605,0,0.0
Mercedes-Benz,10500.0,sedan,266,5.0,Gas,yes,2004,S 500,21,12.67,9.259130536145614,1,5.0
BMW,31111.0,sedan,117,4.4,Petrol,yes,2010,750,15,7.8,10.345316733380217,1,4.4
Toyota,27000.0,other,192,3.0,Diesel,yes,2007,Hilux,18,10.67,10.203592144986466,0,0.0
Toyota,26250.0,sedan,17,2.5,Petrol,yes,2015,Camry,10,1.7,10.17542126801977,0,0.0
Mercedes-Benz,7300.0,van,245,2.2,Diesel,yes,2002,Vito,23,10.65,8.895629627136483,1,2.2
Renault,11400.0,van,122,2.0,Diesel,yes,2013,Trafic,12,10.17,9.341368634382587,0,0.0
Volkswagen,2200.0,sedan,279,1.9,Diesel,no,2000,Passat B5,25,11.16,7.696212639346407,0,0.0
Toyota,10500.0,van,200,2.7,Gas,yes,2005,Tacoma,20,10.0,9.259130536145614,0,0.0
Toyota,10500.0,crossover,200,4.5,Gas,yes,1996,Land Cruiser 80,29,6.9,9.259130536145614,0,0.0
Volkswagen,10974.21,sedan,1,1.6,Petrol,yes,2015,Polo,10,0.1,9.303303253575795,0,0.0
Volkswagen,11500.0,sedan,119,2.0,Diesel,yes,2007,Passat B6,18,6.61,9.350102314351341,0,0.0
BMW,42000.0,sedan,59,4.4,Petrol,yes,2009,750,16,3.69,10.645424897265505,1,4.4
Mercedes-Benz,17990.0,crossover,230,3.0,Diesel,yes,2007,R 320,18,12.78,9.79757132694458,1,3.0
Audi,2500.0,vagon,300,2.5,Diesel,no,2002,A6,23,13.04,7.824046010856292,1,2.5
Audi,16500.0,sedan,136,3.2,Petrol,yes,2007,A6,18,7.56,9.711115659888671,1,3.2
Audi,47000.0,crossover,64,3.0,Diesel,yes,2013,Q7,12,5.33,10.757902880692196,1,3.0
Mitsubishi,5300.0,hatch,240,1.8,Petrol,yes,2000,Carisma,25,9.6,8.575462099540212,0,0.0
Toyota,41900.0,van,0,2.5,Diesel,yes,2016,Hiace,9,0.0,10.643041105910228,0,0.0
BMW,7000.0,other,226,2.5,Petrol,yes,1999,525,26,8.69,8.85366542803745,1,2.5
Mercedes-Benz,26600.0,van,122,3.0,Diesel,yes,2012,Vito,13,9.38,10.188666494769791,1,3.0
Mitsubishi,6500.0,sedan,133,1.6,Petrol,yes,2007,Lancer,18,7.39,8.779557455883728,0,0.0
Volkswagen,9600.0,sedan,185,1.6,Gas,yes,2008,Jetta,17,10.88,9.169518377455928,0,0.0
Mitsubishi,3200.0,sedan,106,2.0,Gas,yes,1997,Galant,28,3.79,8.070906088787819,0,0.0
Mercedes-Benz,11200.0,other,198,6.0,Petrol,yes,2004,S 600,21,9.43,9.323669057283185,1,6.0
Mitsubishi,7900.0,crossover,143,2.0,Gas,yes,2007,Outlander,18,7.94,8.974618038455112,0,0.0
Audi,29602.95,sedan,1,1.4,Petrol,yes,2016,A4,9,0.11,10.29562929750837,1,1.4
Mercedes-Benz,8950.0,sedan,154,3.5,Gas,no,2005,CLS 350,20,7.7,9.099408811268901,1,3.5
Renault,8700.0,vagon,123,1.5,Diesel,yes,2009,Megane,16,7.69,9.071078304642676,0,0.0
Toyota,12900.0,sedan,177,2.4,Gas,yes,2009,Camry,16,11.06,9.464982590349763,0,0.0
Renault,10600.0,vagon,113,1.5,Diesel,yes,2011,Megane,14,8.07,9.268609280100158,0,0.0
Toyota,8500.0,hatch,93,1.6,Petrol,yes,2007,Auris,18,5.17,9.047821442478408,0,0.0
Toyota,14900.0,hatch,100,1.8,Other,yes,2010,Prius,15,6.67,9.60911649193355,0,0.0
Mitsubishi,2500.0,other,350,1.8,Petrol,yes,1990,Galant,35,10.0,7.824046010856292,0,0.0
Audi,34000.0,crossover,118,2.0,Diesel,yes,2013,Q5,12,9.83,10.4341158035983,1,2.0
Mercedes-Benz,39000.0,crossover,195,5.0,Gas,yes,2002,G 500,23,8.48,10.571316925111784,1,5.0
Mercedes-Benz,10500.0,sedan,285,1.8,Gas,yes,2003,E-Class,22,12.95,9.259130536145614,1,1.8
Mitsubishi,2600.0,vagon,93,2.5,Petrol,no,1997,Galant,28,3.32,7.8632667240095735,0,0.0
BMW,4800.0,sedan,111,2.5,Gas,yes,1991,525,34,3.26,8.476371196895983,1,2.5
Volkswagen,7800.0,van,352,2.5,Diesel,yes,2001,T4 (Transporter),24,14.67,8.961879012677683,0,0.0
Mercedes-Benz,99999.0,crossover,0,3.0,Petrol,yes,2016,GLE-Class,9,0.0,11.512915464920228,1,3.0
Toyota,15300.0,crossover,130,2.0,Petrol,yes,2008,Rav 4,17,7.65,9.635608107380527,0,0.0
Toyota,8500.0,hatch,55,1.0,Petrol,yes,2011,Aygo,14,3.93,9.047821442478408,0,0.0
Renault,3000.0,van,217,1.4,Petrol,yes,2004,Kangoo,21,10.33,8.006367567650246,0,0.0
BMW,5000.0,sedan,400,2.0,Petrol,yes,1991,520,34,11.76,8.517193191416238,1,2.0
Renault,11403.99,sedan,0,1.2,Petrol,yes,2016,Logan,9,0.0,9.341718573146874,0,0.0
BMW,59900.0,crossover,30,2.0,Diesel,yes,2016,X5,9,3.33,11.00043178410354,1,2.0
Volkswagen,5400.0,hatch,320,1.4,Petrol,yes,2002,Golf IV,23,13.91,8.594154232552366,0,0.0
Volkswagen,17500.0,vagon,160,1.4,Petrol,yes,2011,Passat B7,14,11.43,9.769956159911606,0,0.0
Renault,6300.0,sedan,167,1.6,Petrol,yes,2005,Megane,20,8.35,8.748304912379623,0,0.0
Volkswagen,1900.0,hatch,300,1.9,Diesel,no,1999,Golf IV,26,11.54,7.549609165154532,0,0.0
Toyota,12400.0,sedan,135,3.5,Gas,yes,2007,Camry,18,7.5,9.425451751593128,0,0.0
Volkswagen,8500.0,hatch,141,2.0,Petrol,yes,2000,Beetle,25,5.64,9.047821442478408,0,0.0
Mercedes-Benz,39900.0,crossover,126,5.5,Petrol,yes,2010,GL 500,15,8.4,10.594131602877955,1,5.5
Volkswagen,3350.0,hatch,122,1.4,Petrol,yes,1993,Golf III,32,3.81,8.116715624819111,0,0.0
Renault,8200.0,vagon,180,1.6,Gas,yes,2010,Kangoo,15,12.0,9.011889433252344,0,0.0
Volkswagen,22200.0,hatch,51,2.0,Petrol,yes,2013,New Beetle,12,4.25,10.00784756786037,0,0.0
Renault,7999.0,van,141,1.5,Diesel,yes,2006,Scenic,19,7.42,8.987071812848821,0,0.0
Volkswagen,2499.0,sedan,220,1.9,Diesel,no,2004,Passat B5,21,10.48,7.823645930834952,0,0.0
BMW,66200.0,crossover,70,3.0,Diesel,yes,2014,X5,11,6.36,11.1004357419251,1,3.0
Audi,21000.0,hatch,34,1.4,Petrol,yes,2013,A3,12,2.83,9.95227771670556,1,1.4
Volkswagen,7200.0,van,270,1.9,Diesel,yes,2008,T5 (Transporter) ,17,15.88,8.881836305004146,0,0.0
BMW,34900.0,crossover,65,2.0,Petrol,yes,2013,X3,12,5.42,10.460242108190519,1,2.0
Audi,17500.0,sedan,94,1.8,Petrol,yes,2008,A4,17,5.53,9.769956159911606,1,1.8
Volkswagen,9600.0,van,148,1.6,Diesel,yes,2011,Caddy,14,10.57,9.169518377455928,0,0.0
Toyota,2200.0,vagon,300,2.0,Petrol,yes,1989,Camry,36,8.33,7.696212639346407,0,0.0
BMW,32000.0,crossover,108,3.0,Petrol,yes,2008,X6,17,6.35,10.373491181781864,1,3.0
Volkswagen,4700.0,van,342,1.9,Diesel,yes,1996,T4 (Transporter) ,29,11.79,8.45531778769815,0,0.0
Volkswagen,11000.0,van,282,2.5,Diesel,yes,2006,T5 (Transporter),19,14.84,9.305650551780507,0,0.0
Volkswagen,24000.0,sedan,105,2.0,Diesel,yes,2012,Passat CC,13,8.08,10.085809109330082,0,0.0
Renault,4100.0,other,270,1.2,Gas,yes,1999,Kangoo,26,10.38,8.318742252692399,0,0.0
BMW,5800.0,sedan,270,4.4,Petrol,yes,1996,540,29,9.31,8.66561319653451,1,4.4
Audi,8600.0,sedan,260,2.5,Diesel,yes,2002,A6,23,11.3,9.0595174822416,1,2.5
Audi,3500.0,other,360,2.2,Gas,yes,1990,100,35,10.29,8.160518247477505,1,2.2
Mercedes-Benz,7777.0,sedan,270,2.8,Gas,yes,1996,S 140,29,9.31,8.958925938694943,1,2.8
Volkswagen,19500.0,crossover,112,2.5,Diesel,yes,2008,Touareg,17,6.59,9.878169744551839,0,0.0
BMW,13300.0,vagon,157,2.0,Diesel,yes,2007,520,18,8.72,9.495519314209846,1,2.0
Mercedes-Benz,28500.0,sedan,90,5.5,Petrol,yes,2007,S 500,18,5.0,10.257659366256743,1,5.5
BMW,27300.0,sedan,155,2.0,Diesel,yes,2012,520,13,11.92,10.21464198117305,1,2.0
Renault,4800.0,sedan,100,1.4,Petrol,yes,2006,Clio,19,5.26,8.476371196895983,0,0.0
Mercedes-Benz,11499.0,other,157,2.2,Diesel,yes,2012,Vito,13,12.08,9.350015354048665,1,2.2
BMW,8500.0,sedan,284,1.9,Gas,yes,2000,316,25,11.36,9.047821442478408,1,1.9
Toyota,17900.0,crossover,133,2.7,Gas,yes,2007,Land Cruiser Prado,18,7.39,9.792555991828847,0,0.0
Audi,11800.0,vagon,278,2.5,Diesel,yes,2005,A6,20,13.9,9.375854810453756,1,2.5
Audi,11115.0,hatch,150,1.6,Petrol,yes,2008,A3,17,8.82,9.316050826398296,1,1.6
Volkswagen,12999.0,van,160,2.0,Diesel,yes,2011,T6 (Transporter),14,11.43,9.47262771040802,0,0.0
Toyota,24842.03,sedan,0,1.8,Petrol,yes,2016,Avensis,9,0.0,10.120292255735645,0,0.0
Mitsubishi,8400.0,sedan,250,2.0,Petrol,yes,2007,Lancer X,18,13.89,9.035986984831405,0,0.0
Toyota,15500.0,sedan,129,3.5,Other,yes,2008,Camry,17,7.59,9.648595302907339,0,0.0
BMW,13999.0,sedan,265,3.0,Diesel,yes,2005,730,20,13.25,9.546741177474825,1,3.0
Toyota,42900.0,crossover,51,3.0,Diesel,yes,2013,Land Cruiser Prado,12,4.25,10.666627104916108,0,0.0
Volkswagen,47777.0,sedan,91,3.0,Diesel,yes,2012,Phaeton,13,7.0,10.774299631131253,0,0.0
Renault,7550.0,hatch,155,2.0,Petrol,yes,2007,Laguna,18,8.61,8.92930284224307,0,0.0
BMW,68500.0,sedan,43,4.4,Petrol,yes,2013,750,12,3.58,11.134589024250317,1,4.4
Volkswagen,8400.0,van,300,2.5,Diesel,yes,2004,T5 (Transporter),21,14.29,9.035986984831405,0,0.0
Renault,24193.65,van,1,1.6,Diesel,yes,2015,Trafic,10,0.1,10.093845481018526,0,0.0
Renault,14700.0,crossover,61,1.5,Diesel,yes,2013,Duster,12,5.08,9.595602772766828,0,0.0
Renault,8300.0,van,127,1.5,Diesel,yes,2011,Kangoo,14,9.07,9.02401079378469,0,0.0
Volkswagen,19000.0,vagon,185,2.0,Diesel,yes,2011,Passat B7,14,13.21,9.852194258148577,0,0.0
BMW,3700.0,sedan,305,1.9,Petrol,no,2000,318,25,12.2,8.216088098632316,1,1.9
BMW,4500.0,sedan,307,2.5,Petrol,yes,1994,525,31,9.9,8.411832675758411,1,2.5
Toyota,9400.0,sedan,140,1.6,Petrol,yes,2008,Corolla,17,8.24,9.148464968258095,0,0.0
Toyota,25000.0,crossover,115,5.7,Petrol,yes,2007,Tundra,18,6.39,10.126631103850338,0,0.0
Volkswagen,18000.0,sedan,110,2.0,Diesel,yes,2013,Passat B7,12,9.17,9.798127036878302,0,0.0
Toyota,12300.0,sedan,135,2.4,Petrol,yes,2006,Camry,19,7.11,9.417354541360508,0,0.0
Mercedes-Benz,20500.0,sedan,235,2.2,Diesel,yes,2007,E-Class,18,13.06,9.9281801651265,1,2.2
Renault,11900.0,other,162,2.3,Other,yes,2011,Master,14,11.57,9.38429367909962,0,0.0
BMW,3990.0,sedan,350,2.5,Petrol,yes,1995,525,30,11.67,8.29154650988391,1,2.5
Mercedes-Benz,13600.0,van,190,2.2,Diesel,yes,2009,Vito,16,11.88,9.517825071724143,1,2.2
BMW,17300.0,sedan,180,3.0,Diesel,yes,2007,730,18,10.0,9.75846178048587,1,3.0
Mercedes-Benz,12500.0,van,386,2.2,Diesel,yes,2008,Sprinter 313,17,22.71,9.433483923290392,1,2.2
BMW,13900.0,crossover,184,3.0,Gas,yes,2004,X5,21,8.76,9.539644119118783,1,3.0
BMW,39600.0,crossover,98,3.0,Petrol,yes,2011,X6,14,7.0,10.586584397242571,1,3.0
Volkswagen,11700.0,van,185,1.4,Petrol,yes,2008,Cross Touran,17,10.88,9.367344120785848,0,0.0
Audi,7200.0,sedan,250,2.4,Gas,yes,1998,A6,27,9.26,8.881836305004146,1,2.4
Audi,10999.0,sedan,200,1.8,Petrol,yes,2006,A4,19,10.53,9.305559638557117,1,1.8
Renault,7900.0,vagon,105,1.5,Diesel,yes,2010,Kangoo,15,7.0,8.974618038455112,0,0.0
Mercedes-Benz,13900.0,other,168,5.0,Petrol,yes,2002,CL 500,23,7.3,9.539644119118783,1,5.0
Volkswagen,4500.0,vagon,390,1.9,Diesel,yes,1996,Passat B4,29,13.45,8.411832675758411,0,0.0
Toyota,9000.0,crossover,180,1.8,Gas,yes,2003,Matrix,22,8.18,9.104979856318357,0,0.0
Renault,10500.0,vagon,233,1.5,Diesel,yes,2009,Laguna,16,14.56,9.259130536145614,0,0.0
Mercedes-Benz,13000.0,sedan,220,5.0,Petrol,yes,2003,S 500,22,10.0,9.472704636443673,1,5.0
Renault,7300.0,van,186,1.5,Diesel,yes,2010,Kangoo,15,12.4,8.895629627136483,0,0.0
Toyota,21999.0,sedan,80,2.5,Other,yes,2012,Camry,13,6.15,9.998752276761909,0,0.0
Mitsubishi,10500.0,sedan,57,1.5,Gas,yes,2011,Lancer X,14,4.07,9.259130536145614,0,0.0
Renault,8300.0,van,137,1.5,Diesel,yes,2014,Kangoo,11,12.45,9.02401079378469,0,0.0
Mitsubishi,12300.0,other,175,2.5,Diesel,yes,2008,L 200,17,10.29,9.417354541360508,0,0.0
Mercedes-Benz,2900.0,sedan,282,2.2,Diesel,no,2000,210,25,11.28,7.9724660159745655,1,2.2
Mercedes-Benz,12950.0,sedan,313,3.2,Diesel,yes,2003,S 320,22,14.23,9.468851067127684,1,3.2
BMW,23500.0,crossover,140,4.8,Petrol,yes,2008,X5,17,8.24,10.06475570013225,1,4.8
Audi,33300.0,crossover,71,2.0,Petrol,yes,2011,Q5,14,5.07,10.413312675968536,1,2.0
Mitsubishi,8200.0,crossover,210,2.4,Gas,yes,2007,Outlander,18,11.67,9.011889433252344,0,0.0
Volkswagen,7800.0,sedan,220,1.8,Gas,yes,2002,Passat B5,23,9.57,8.961879012677683,0,0.0
Toyota,21800.0,crossover,170,4.0,Gas,yes,2006,Land Cruiser Prado,19,8.95,9.98966524877718,0,0.0
Mercedes-Benz,22900.0,sedan,74,2.2,Diesel,yes,2011,C-Class,14,5.29,10.03889218954233,1,2.2
Volkswagen,8500.0,other,200,1.6,Diesel,yes,2011,Caddy,14,14.29,9.047821442478408,0,0.0
Audi,16700.0,vagon,131,2.0,Diesel,yes,2009,A4,16,8.19,9.723163998404846,1,2.0
Toyota,10100.0,sedan,142,2.4,Petrol,yes,2007,Camry,18,7.89,9.22029070282935,0,0.0
Renault,7700.0,van,125,1.5,Diesel,yes,2012,Kangoo,13,9.62,8.948975607841776,0,0.0
Mitsubishi,10800.0,crossover,190,3.0,Gas,yes,2006,Pajero Sport,19,10.0,9.287301413112312,0,0.0
Mercedes-Benz,4700.0,sedan,1,1.8,Petrol,yes,1996,C-Class,29,0.03,8.45531778769815,1,1.8
Audi,5999.0,vagon,248,2.5,Diesel,yes,2000,A6,25,9.92,8.699348067653093,1,2.5
Renault,5800.0,van,143,1.5,Diesel,yes,2007,Kangoo,18,7.94,8.66561319653451,0,0.0
Mitsubishi,5400.0,sedan,200,1.6,Gas,yes,2005,Lancer,20,10.0,8.594154232552366,0,0.0
Audi,3000.0,vagon,270,2.5,Diesel,yes,1998,A4,27,10.0,8.006367567650246,1,2.5
Mitsubishi,3200.0,sedan,330,1.3,Gas,yes,1996,Lancer,29,11.38,8.070906088787819,0,0.0
Mercedes-Benz,43999.0,sedan,132,3.0,Diesel,yes,2010,S 350,15,8.8,10.691922185369403,1,3.0
Audi,3600.0,vagon,250,2.5,Other,yes,1999,A6,26,9.62,8.1886891244442,1,2.5
Mercedes-Benz,5500.0,van,400,2.3,Diesel,yes,1996,Vito,29,13.79,8.612503371220562,1,2.3
Volkswagen,10200.0,sedan,129,2.0,Petrol,yes,2006,Passat B6,19,6.79,9.230142999272362,0,0.0
Mercedes-Benz,31500.0,sedan,123,2.2,Diesel,yes,2011,E-Class,14,8.79,10.357742824813725,1,2.2
Toyota,11500.0,sedan,110,1.6,Petrol,yes,2011,Corolla,14,7.86,9.350102314351341,0,0.0
Mitsubishi,10888.0,sedan,63,2.0,Petrol,yes,2012,Lancer X,13,4.85,9.295416544331301,0,0.0
Toyota,38500.0,crossover,20,5.7,Gas,yes,2014,Tundra,11,1.82,10.558413520275876,0,0.0
Audi,4500.0,vagon,206,2.5,Diesel,no,2003,A6,22,9.36,8.411832675758411,1,2.5
Volkswagen,55555.0,van,63,2.0,Diesel,yes,2013,Multivan,12,5.25,10.92512880001811,0,0.0
Volkswagen,13999.0,crossover,150,2.5,Diesel,yes,2005,Touareg,20,7.5,9.546741177474825,0,0.0
Volkswagen,6700.0,van,300,2.5,Diesel,yes,1997,T4 (Transporter),28,10.71,8.809862805379057,0,0.0
Renault,7100.0,van,135,1.5,Diesel,yes,2013,Kangoo,12,11.25,8.867850063029406,0,0.0
Audi,81500.0,sedan,0,3.0,Petrol,yes,2016,A7,9,0.0,11.308358299228955,1,3.0
Renault,6200.0,van,122,1.5,Diesel,yes,2007,Kangoo,18,6.78,8.732304571033183,0,0.0
Mercedes-Benz,42500.0,sedan,110,3.0,Diesel,yes,2011,S 350,14,7.86,10.657259354912508,1,3.0
BMW,75000.0,crossover,16,3.0,Diesel,yes,2015,X6,10,1.6,11.225243392518447,1,3.0
BMW,48550.0,other,147,4.0,Diesel,yes,2012,X5,13,11.31,10.790349473719472,1,4.0
Mercedes-Benz,11000.0,crossover,148,3.2,Petrol,yes,2001,ML 320,24,6.17,9.305650551780507,1,3.2
BMW,7500.0,sedan,275,2.0,Gas,yes,1998,520,27,10.19,8.922658299524402,1,2.0
Toyota,2999.0,vagon,5,1.3,Petrol,yes,1989,Corolla,36,0.14,8.00603417874901,0,0.0
BMW,22500.0,other,100,3.0,Petrol,yes,2007,630,18,5.56,10.021270588192511,1,3.0
Volkswagen,11900.0,van,273,2.5,Diesel,yes,2003,T4 (Transporter),22,12.41,9.38429367909962,0,0.0
Volkswagen,17900.0,crossover,167,3.0,Diesel,yes,2007,Touareg,18,9.28,9.792555991828847,0,0.0
Renault,6700.0,van,118,1.5,Diesel,yes,2012,Kangoo,13,9.08,8.809862805379057,0,0.0
BMW,22900.0,other,25,3.0,Petrol,yes,2008,325,17,1.47,10.03889218954233,1,3.0
Toyota,9300.0,sedan,170,1.8,Gas,yes,2006,Avensis,19,8.95,9.137769679141348,0,0.0
Volkswagen,20350.0,vagon,111,2.0,Diesel,yes,2012,Passat B7,13,8.54,9.920836190870741,0,0.0
Volkswagen,72000.0,crossover,0,3.0,Diesel,yes,2016,Touareg,9,0.0,11.184421397998193,0,0.0
BMW,16800.0,crossover,250,3.0,Diesel,yes,2004,X5,21,11.9,9.72913416539135,1,3.0
Toyota,8900.0,sedan,115,1.6,Petrol,yes,2008,Corolla,17,6.76,9.093806555720231,0,0.0
Mitsubishi,22800.0,crossover,43,2.4,Petrol,yes,2013,Outlander,12,3.58,10.034515814942532,0,0.0
Volkswagen,8800.0,sedan,86,1.6,Petrol,yes,2012,Polo,13,6.62,9.082507000466299,0,0.0
Volkswagen,14100.0,vagon,115,2.0,Diesel,yes,2011,Caddy,14,8.21,9.55393007636626,0,0.0
Mitsubishi,9200.0,sedan,84,2.0,Petrol,yes,2009,Lancer X,16,5.25,9.126958763037132,0,0.0
Toyota,75500.0,crossover,50,4.6,Petrol,yes,2015,Land Cruiser 200,10,5.0,11.231887935237117,0,0.0
Volkswagen,2900.0,sedan,2,1.8,Petrol,yes,1989,Passat B3,36,0.06,7.9724660159745655,0,0.0
Audi,6100.0,sedan,305,1.6,Other,yes,1996,A4,29,10.52,8.716044050161402,1,1.6
Renault,7245.0,sedan,87,1.4,Petrol,yes,2008,Megane,17,5.12,8.888066854754783,0,0.0
Renault,2500.0,sedan,170,1.9,Diesel,no,2003,Scenic,22,7.73,7.824046010856292,0,0.0
Renault,11200.0,vagon,165,1.5,Diesel,yes,2012,Megane,13,12.69,9.323669057283185,0,0.0
Renault,13500.0,van,198,1.5,Diesel,yes,2012,Grand Scenic,13,15.23,9.51044496442652,0,0.0
Audi,13700.0,sedan,300,2.0,Diesel,yes,2005,A6,20,15.0,9.525151111816216,1,2.0
Audi,4300.0,sedan,340,2.4,Gas,yes,1998,A6,27,12.59,8.366370301681654,1,2.4
Volkswagen,9999.0,van,310,2.5,Diesel,yes,2007,T5 (Transporter),18,17.22,9.21024036697585,0,0.0
Mercedes-Benz,6500.0,sedan,435,3.2,Petrol,yes,1994,S 140,31,14.03,8.779557455883728,1,3.2
Mercedes-Benz,11400.0,van,174,2.2,Diesel,yes,2012,Vito,13,13.38,9.341368634382587,1,2.2
Toyota,10500.0,sedan,180,3.5,Petrol,yes,2007,Camry,18,10.0,9.259130536145614,0,0.0
Renault,2999.0,van,245,1.5,Diesel,yes,2003,Kangoo,22,11.14,8.00603417874901,0,0.0
Mercedes-Benz,29500.0,crossover,180,3.2,Diesel,yes,2008,GL 320,17,10.59,10.292145542327912,1,3.2
Mercedes-Benz,8000.0,sedan,300,2.0,Petrol,yes,2000,E-Class,25,12.0,8.987196820661973,1,2.0
Mitsubishi,10500.0,sedan,130,2.0,Petrol,yes,2008,Lancer X,17,7.65,9.259130536145614,0,0.0
Mercedes-Benz,11400.0,sedan,220,5.0,Petrol,yes,2004,S 500,21,10.48,9.341368634382587,1,5.0
Volkswagen,8300.0,hatch,147,1.6,Gas,yes,2006,Golf Plus,19,7.74,9.02401079378469,0,0.0
Audi,6900.0,sedan,250,2.4,Gas,yes,1999,A6,26,9.62,8.83927669058535,1,2.4
Mercedes-Benz,8500.0,other,210,4.3,Gas,yes,2000,ML 430,25,8.4,9.047821442478408,1,4.3
Volkswagen,17300.0,crossover,148,3.0,Diesel,yes,2007,Touareg,18,8.22,9.75846178048587,0,0.0
Volkswagen,3500.0,vagon,215,2.0,Petrol,yes,1993,Passat B3,32,6.72,8.160518247477505,0,0.0
Volkswagen,5000.0,hatch,220,1.4,Petrol,yes,2003,Polo,22,10.0,8.517193191416238,0,0.0
Mitsubishi,6900.0,sedan,118,1.6,Petrol,yes,2007,Lancer,18,6.56,8.83927669058535,0,0.0
Toyota,5500.0,crossover,188,2.0,Petrol,yes,1999,Rav 4,26,7.23,8.612503371220562,0,0.0
BMW,17900.0,other,98,3.0,Petrol,yes,2007,Z4,18,5.44,9.792555991828847,1,3.0
Volkswagen,11500.0,van,210,2.0,Diesel,yes,2012,Caddy,13,16.15,9.350102314351341,0,0.0
Volkswagen,12800.0,vagon,167,1.6,Diesel,yes,2011,Golf Variant,14,11.93,9.457200449907708,0,0.0
Volkswagen,7000.0,van,350,1.0,Other,yes,2004,T5 (Transporter) ,21,16.67,8.85366542803745,0,0.0
BMW,8400.0,sedan,220,2.2,Gas,yes,2001,5 Series,24,9.17,9.035986984831405,1,2.2
Audi,3000.0,van,11,1.9,Diesel,no,1999,A6,26,0.42,8.006367567650246,1,1.9
Renault,5200.0,sedan,160,1.4,Gas,yes,2008,Symbol,17,9.41,8.556413904569519,0,0.0
Mitsubishi,5700.0,vagon,120,1.3,Petrol,yes,2005,Colt,20,6.0,8.648221453822641,0,0.0
Mitsubishi,6500.0,crossover,285,2.5,Diesel,yes,1991,Pajero,34,8.38,8.779557455883728,0,0.0
Volkswagen,2300.0,vagon,200,1.9,Diesel,no,1999,Passat B5,26,7.69,7.7406644019172415,0,0.0
Volkswagen,7700.0,van,228,1.9,Diesel,yes,2006,Caddy,19,12.0,8.948975607841776,0,0.0
Volkswagen,10999.0,van,110,1.6,Diesel,yes,2012,Caddy,13,8.46,9.305559638557117,0,0.0
BMW,8700.0,other,212,3.0,Diesel,no,2004,730,21,10.1,9.071078304642676,1,3.0
Mercedes-Benz,7200.0,sedan,312,3.2,Petrol,yes,2000,E-Class,25,12.48,8.881836305004146,1,3.2
BMW,39000.0,crossover,38,3.0,Petrol,yes,2009,X6,16,2.38,10.571316925111784,1,3.0
Mitsubishi,11999.0,crossover,235,3.0,Gas,yes,2007,Pajero Wagon,18,13.06,9.392578591964389,0,0.0
Volkswagen,18100.0,other,195,2.0,Diesel,yes,2011,T5 (Transporter),14,13.93,9.803667217253917,0,0.0
Mitsubishi,1600.0,vagon,185,1.3,Petrol,no,2000,Space Star,25,7.4,7.3777589082278725,0,0.0
Renault,2650.0,vagon,1,1.0,Diesel,no,2006,Laguna,19,0.05,7.882314918980268,0,0.0
Volkswagen,23300.0,sedan,115,1.8,Petrol,yes,2012,Passat CC,13,8.85,10.056208639553791,0,0.0
BMW,25500.0,crossover,210,3.0,Gas,yes,2008,X5,17,12.35,10.146433731146518,1,3.0
Volkswagen,20900.0,sedan,122,2.0,Petrol,yes,2012,Passat B7,13,9.38,9.947504437952903,0,0.0
Renault,3700.0,hatch,310,2.0,Petrol,yes,1996,Laguna,29,10.69,8.216088098632316,0,0.0
Toyota,9500.0,sedan,125,1.6,Petrol,yes,2009,Corolla,16,7.81,9.159047077588632,0,0.0
Mercedes-Benz,61500.0,crossover,121,3.0,Diesel,yes,2013,GL 350,12,10.08,11.02679245379461,1,3.0
Volkswagen,8800.0,other,217,1.9,Diesel,yes,2005,Passat B5,20,10.85,9.082507000466299,0,0.0
BMW,34900.0,vagon,136,2.0,Diesel,yes,2012,520,13,10.46,10.460242108190519,1,2.0
Audi,3600.0,vagon,200,2.5,Diesel,yes,1999,A6,26,7.69,8.1886891244442,1,2.5
Mercedes-Benz,28000.0,other,12,1.8,Petrol,yes,2013,C-Class,12,1.0,10.239959789157341,1,1.8
BMW,25800.0,sedan,203,2.0,Diesel,yes,2010,520,15,13.53,10.158129770909708,1,2.0
Mitsubishi,25999.0,crossover,86,3.2,Diesel,yes,2011,Pajero Wagon,14,6.14,10.165813354725493,0,0.0
Volkswagen,29600.0,sedan,11,1.4,Petrol,yes,2016,Passat B8,9,1.22,10.295529640312152,0,0.0
BMW,3200.0,sedan,178,1.9,Petrol,no,2001,318,24,7.42,8.070906088787819,1,1.9
Mercedes-Benz,6900.0,van,200,2.3,Diesel,yes,1999,Vito,26,7.69,8.83927669058535,1,2.3
Mercedes-Benz,3550.0,sedan,274,3.2,Diesel,no,2002,E-Class,23,11.91,8.174702882469461,1,3.2
BMW,2900.0,vagon,230,2.0,Diesel,no,2001,320,24,9.58,7.9724660159745655,1,2.0
Mercedes-Benz,11500.0,van,307,2.2,Diesel,yes,2007,Vito,18,17.06,9.350102314351341,1,2.2
Volkswagen,11800.0,van,218,1.9,Diesel,yes,2008,T5 (Transporter),17,12.82,9.375854810453756,0,0.0
Mercedes-Benz,69900.0,sedan,76,6.0,Petrol,yes,2010,S 65 AMG,15,5.07,11.154820928221902,1,6.0
Audi,23000.0,other,115,1.8,Petrol,yes,2008,S4,17,6.76,10.043249494911286,1,1.8
Renault,6500.0,van,186,1.5,Diesel,yes,2012,Kangoo,13,14.31,8.779557455883728,0,0.0
Volkswagen,6000.0,vagon,284,1.9,Other,yes,2001,Golf IV,24,11.83,8.699514748210191,0,0.0
Toyota,17200.0,sedan,50,1.6,Petrol,yes,2013,Corolla,12,4.17,9.752664662801545,0,0.0
Toyota,76500.0,crossover,29,4.5,Diesel,yes,2014,Land Cruiser 200,11,2.64,11.245046019814627,0,0.0
Volkswagen,6800.0,vagon,160,2.8,Petrol,yes,2001,Sharan,24,6.67,8.824677891164198,0,0.0
Volkswagen,3750.0,sedan,262,1.8,Petrol,yes,1994,Vento,31,8.45,8.229511118964457,0,0.0
Volkswagen,8000.0,other,300,2.5,Diesel,yes,2007,T5 (Transporter),18,16.67,8.987196820661973,0,0.0
Mercedes-Benz,58500.0,crossover,128,3.0,Diesel,yes,2013,ML 350,12,10.67,10.976782033219948,1,3.0
Renault,4999.0,sedan,114,1.4,Other,yes,2006,Clio,19,6.0,8.51699317141357,0,0.0
Volkswagen,15800.0,sedan,56,1.4,Other,yes,2013,Jetta,12,4.67,9.667765219015058,0,0.0
Volkswagen,9250.0,sedan,200,2.0,Diesel,yes,2007,Passat B6,18,11.11,9.132378830506472,0,0.0
Mitsubishi,11300.0,crossover,128,2.4,Gas,yes,2008,Outlander,17,7.53,9.332558004700433,0,0.0
Audi,1400.0,sedan,250,1.8,Petrol,no,1993,80,32,7.81,7.24422751560335,1,1.8
Toyota,80000.0,crossover,23,4.5,Diesel,yes,2014,Land Cruiser 200,11,2.09,11.289781913656018,0,0.0
BMW,11900.0,sedan,1,2.8,Petrol,yes,2002,528,23,0.04,9.38429367909962,1,2.8
Volkswagen,9500.0,hatch,29,1.4,Petrol,yes,2014,Polo,11,2.64,9.159047077588632,0,0.0
BMW,10999.0,other,162,2.2,Petrol,yes,2002,320,23,7.04,9.305559638557117,1,2.2
Audi,23500.0,crossover,119,4.2,Gas,yes,2007,Q7,18,6.61,10.06475570013225,1,4.2
BMW,24500.0,crossover,170,4.8,Gas,yes,2007,X5,18,9.44,10.106428396532818,1,4.8
Mitsubishi,6000.0,sedan,150,1.8,Gas,yes,2004,Virage,21,7.14,8.699514748210191,0,0.0
Mitsubishi,17500.0,crossover,194,3.2,Diesel,yes,2008,Pajero Wagon,17,11.41,9.769956159911606,0,0.0
Toyota,9300.0,sedan,107,1.8,Gas,yes,2007,Avensis,18,5.94,9.137769679141348,0,0.0
BMW,3500.0,vagon,280,3.0,Diesel,no,2001,330,24,11.67,8.160518247477505,1,3.0
BMW,41500.0,vagon,42,2.0,Petrol,yes,2012,X3,13,3.23,10.63344870621879,1,2.0
Volkswagen,10300.0,other,215,1.9,Other,yes,2007,T5 (Transporter),18,11.94,9.239899174217728,0,0.0
Audi,2200.0,vagon,280,2.5,Diesel,no,2002,A6 Allroad,23,12.17,7.696212639346407,1,2.5
Renault,19692.08,crossover,0,1.5,Diesel,yes,2016,Duster,9,0.0,9.887971803433317,0,0.0
Renault,7850.0,van,187,1.5,Diesel,yes,2010,Kangoo,15,12.47,8.968268810776454,0,0.0
Toyota,20000.0,crossover,94,4.5,Petrol,yes,2005,Land Cruiser 105,20,4.7,9.903487552536127,0,0.0
Audi,3800.0,sedan,253,2.5,Diesel,no,1998,A6,27,9.37,8.242756345714477,1,2.5
BMW,13700.0,sedan,254,3.0,Diesel,yes,2003,530,22,11.55,9.525151111816216,1,3.0
Toyota,31000.0,crossover,86,2.2,Diesel,yes,2014,Rav 4,11,7.82,10.341742483467284,0,0.0
Volkswagen,14400.0,van,237,2.0,Diesel,yes,2010,T5 (Transporter),15,15.8,9.574983485564092,0,0.0
Toyota,17500.0,hatch,45,1.6,Petrol,yes,2014,Auris,11,4.09,9.769956159911606,0,0.0
Renault,10396.23,vagon,1,1.2,Petrol,yes,2015,Logan,10,0.1,9.249198519410456,0,0.0
BMW,27800.0,crossover,140,3.0,Diesel,yes,2009,X5,16,8.75,10.232791299678729,1,3.0
Volkswagen,5800.0,sedan,200,1.4,Petrol,yes,2000,Golf IV,25,8.0,8.66561319653451,0,0.0
Renault,5800.0,vagon,200,1.46,Diesel,yes,2008,Grand Scenic,17,11.76,8.66561319653451,0,0.0
Audi,21500.0,vagon,165,2.0,Diesel,yes,2010,A6,15,11.0,9.975808214115753,1,2.0
Volkswagen,3600.0,sedan,330,2.8,Gas,yes,1994,Passat B4,31,10.65,8.1886891244442,0,0.0
BMW,6500.0,sedan,388,3.5,Petrol,yes,1998,735,27,14.37,8.779557455883728,1,3.5
Volkswagen,10700.0,vagon,171,1.9,Diesel,yes,2010,Caddy,15,11.4,9.277999020449997,0,0.0
BMW,3100.0,sedan,280,2.0,Diesel,no,1999,320,26,10.77,8.039157390473237,1,2.0
Mercedes-Benz,1350.0,vagon,240,2.5,Diesel,no,1992,E-Class,33,7.27,7.2078598714324755,1,2.5
Mercedes-Benz,99000.0,sedan,0,3.0,Petrol,yes,2016,CLS 400,9,0.0,11.502875129116727,1,3.0
Mercedes-Benz,5600.0,vagon,355,2.5,Diesel,yes,1996,250,29,12.24,8.630521876723241,1,2.5
Mercedes-Benz,8500.0,sedan,388,4.3,Gas,yes,2000,S 430,25,15.52,9.047821442478408,1,4.3
BMW,24000.0,crossover,108,2.0,Diesel,yes,2012,X1,13,8.31,10.085809109330082,1,2.0
Mitsubishi,9300.0,sedan,95,2.0,Petrol,yes,2008,Lancer X,17,5.59,9.137769679141348,0,0.0
Toyota,15700.0,sedan,125,3.5,Petrol,yes,2008,Camry,17,7.35,9.6614159913364,0,0.0
Volkswagen,9600.0,sedan,106,1.6,Petrol,yes,2011,Polo,14,7.57,9.169518377455928,0,0.0
Volkswagen,21000.0,other,93,2.0,Diesel,yes,2012,Passat B7,13,7.15,9.95227771670556,0,0.0
Mercedes-Benz,3500.0,sedan,303,2.2,Diesel,no,2000,C-Class,25,12.12,8.160518247477505,1,2.2
Toyota,45500.0,crossover,65,4.0,Gas,yes,2010,FJ Cruiser,15,4.33,10.725467604939041,0,0.0
Audi,20900.0,crossover,185,4.2,Petrol,yes,2006,Q7,19,9.74,9.947504437952903,1,4.2
Mercedes-Benz,6999.0,other,168,2.3,Petrol,yes,2001,CLK 230,24,7.0,8.85352256068954,1,2.3
Mitsubishi,7999.0,sedan,112,2.0,Petrol,yes,2008,Lancer X,17,6.59,8.987071812848821,0,0.0
BMW,6500.0,sedan,1,3.0,Petrol,yes,1995,730,30,0.03,8.779557455883728,1,3.0
BMW,29500.0,sedan,230,3.0,Diesel,yes,2011,530,14,16.43,10.292145542327912,1,3.0
Renault,10300.0,van,138,2.0,Diesel,yes,2011,Trafic,14,9.86,9.239899174217728,0,0.0
Volkswagen,6000.0,other,1,2.5,Diesel,yes,1999,LT,26,0.04,8.699514748210191,0,0.0
Volkswagen,3300.0,vagon,193,1.9,Diesel,no,2003,Passat B5,22,8.77,8.101677747454572,0,0.0
Volkswagen,2400.0,vagon,320,1.9,Diesel,no,2000,Passat B5,25,12.8,7.783224016336037,0,0.0
Audi,23900.0,sedan,180,3.0,Diesel,yes,2009,A6,16,11.25,10.081633737919603,1,3.0
Volkswagen,9300.0,sedan,148,2.0,Petrol,yes,2006,Passat B6,19,7.79,9.137769679141348,0,0.0
Mitsubishi,1699.0,hatch,294,1.6,Gas,yes,1992,Lancer,33,8.91,7.4377951216719325,0,0.0
Volkswagen,34000.0,crossover,92,3.0,Diesel,yes,2012,Touareg,13,7.08,10.4341158035983,0,0.0
Toyota,14500.0,other,82,2.0,Gas,yes,2007,Rav 4,18,4.56,9.581903928408666,0,0.0
Volkswagen,10400.0,sedan,78,1.6,Petrol,yes,2012,Polo,13,6.0,9.249561085129464,0,0.0
BMW,6100.0,sedan,266,3.5,Petrol,no,1997,535,28,9.5,8.716044050161402,1,3.5
Volkswagen,7200.0,other,177,1.9,Diesel,yes,2010,Caddy,15,11.8,8.881836305004146,0,0.0
Mercedes-Benz,14000.0,other,144,2.2,Diesel,yes,2009,Vito,16,9.0,9.546812608597396,1,2.2
Mercedes-Benz,8900.0,other,213,5.0,Other,yes,1999,CL 500,26,8.19,9.093806555720231,1,5.0
BMW,22100.0,hatch,42,1.6,Petrol,yes,2013,116,12,3.5,10.003332887505843,1,1.6
Toyota,33950.0,other,65,5.7,Petrol,yes,2013,Tundra,12,5.42,10.432644132986843,0,0.0
BMW,3499.0,sedan,101,2.5,Petrol,yes,1990,525,35,2.89,8.160232492367689,1,2.5
Audi,28500.0,crossover,74,2.0,Petrol,yes,2010,Q5,15,4.93,10.257659366256743,1,2.0
BMW,8800.0,crossover,284,3.0,Diesel,no,2004,X5,21,13.52,9.082507000466299,1,3.0
Volkswagen,17200.0,other,15,1.2,Petrol,yes,2014,Golf VII,11,1.36,9.752664662801545,0,0.0
Audi,3000.0,sedan,278,2.5,Diesel,no,1999,A6,26,10.69,8.006367567650246,1,2.5
Toyota,25800.0,sedan,58,2.5,Petrol,yes,2015,Camry,10,5.8,10.158129770909708,0,0.0
Mercedes-Benz,18500.0,sedan,143,5.5,Petrol,yes,2007,S 550,18,7.94,9.825526011066415,1,5.5
Volkswagen,28793.04,van,0,1.6,Diesel,yes,2016,Caddy,9,0.0,10.267888970251276,0,0.0
BMW,42900.0,sedan,2,2.0,Petrol,yes,2016,520,9,0.22,10.666627104916108,1,2.0
Toyota,11800.0,sedan,90,1.8,Petrol,yes,2008,Avensis,17,5.29,9.375854810453756,0,0.0
Renault,7100.0,van,171,1.5,Diesel,yes,2013,Kangoo,12,14.25,8.867850063029406,0,0.0
Volkswagen,22000.0,sedan,26,1.8,Petrol,yes,2011,Passat CC,14,1.86,9.998797732340453,0,0.0
Volkswagen,2700.0,hatch,400,1.8,Gas,yes,1989,Golf II,36,11.11,7.90100705199242,0,0.0
Toyota,7000.0,other,220,1.8,Petrol,yes,2001,Celica,24,9.17,8.85366542803745,0,0.0
BMW,6499.0,other,230,3.0,Diesel,no,2002,X5,23,10.0,8.77940359789435,1,3.0
Volkswagen,15700.0,sedan,110,1.8,Petrol,yes,2011,Passat B7,14,7.86,9.6614159913364,0,0.0
Mitsubishi,8100.0,sedan,113,2.0,Petrol,yes,2007,Lancer X,18,6.28,8.99961934066053,0,0.0
Mercedes-Benz,12200.0,other,287,3.2,Petrol,yes,2000,ML 320,25,11.48,9.409191230721348,1,3.2
Renault,5400.0,sedan,96,1.4,Petrol,yes,2007,Symbol,18,5.33,8.594154232552366,0,0.0
Mercedes-Benz,5400.0,sedan,285,2.2,Diesel,no,2002,220,23,12.39,8.594154232552366,1,2.2
Volkswagen,7700.0,vagon,287,1.9,Diesel,yes,2002,Sharan,23,12.48,8.948975607841776,0,0.0
BMW,34000.0,sedan,115,5.0,Petrol,yes,2008,750,17,6.76,10.4341158035983,1,5.0
Audi,3900.0,sedan,302,1.9,Diesel,no,2002,A6,23,13.13,8.268731832117737,1,1.9
Mercedes-Benz,15000.0,sedan,240,5.0,Petrol,yes,2004,S 500,21,11.43,9.615805480084347,1,5.0
Volkswagen,8999.0,sedan,120,2.0,Petrol,yes,2008,Passat B6,17,7.06,9.104868739033948,0,0.0
Mitsubishi,6300.0,sedan,116,1.5,Petrol,yes,2008,Lancer X,17,6.82,8.748304912379623,0,0.0
Volkswagen,7999.0,van,210,1.6,Gas,yes,2004,Touran,21,10.0,8.987071812848821,0,0.0
Toyota,25200.0,crossover,128,4.0,Gas,yes,2007,Land Cruiser Prado,18,7.11,10.134599273499514,0,0.0
BMW,26999.0,sedan,131,2.0,Diesel,yes,2011,520,14,9.36,10.203555107263542,1,2.0
Audi,16000.0,sedan,180,3.0,Diesel,yes,2006,A6,19,9.47,9.680344001221918,1,3.0
Mitsubishi,9200.0,sedan,115,2.0,Petrol,yes,2008,Lancer X,17,6.76,9.126958763037132,0,0.0
Volkswagen,7000.0,van,250,2.0,Diesel,yes,2004,Caddy,21,11.9,8.85366542803745,0,0.0
Toyota,85000.0,crossover,1,4.5,Diesel,yes,2016,Land Cruiser 200,9,0.11,11.350406535472453,0,0.0
Volkswagen,3200.0,sedan,320,1.8,Gas,yes,1990,Passat B3,35,9.14,8.070906088787819,0,0.0
Renault,11000.0,hatch,127,1.5,Diesel,yes,2012,Megane,13,9.77,9.305650551780507,0,0.0
Mitsubishi,10500.0,crossover,187,2.4,Gas,yes,2008,Outlander,17,11.0,9.259130536145614,0,0.0
BMW,17500.0,sedan,102,2.0,Petrol,yes,2011,320,14,7.29,9.769956159911606,1,2.0
Renault,7200.0,vagon,224,1.5,Diesel,yes,2004,Megane,21,10.67,8.881836305004146,0,0.0
Toyota,8400.0,sedan,195,2.4,Gas,yes,2004,Camry,21,9.29,9.035986984831405,0,0.0
Volkswagen,8350.0,van,1,1.6,Diesel,yes,2011,Caddy,14,0.07,9.030016817844901,0,0.0
Audi,3200.0,vagon,244,2.0,Other,no,2006,A4,19,12.84,8.070906088787819,1,2.0
Toyota,11999.0,sedan,147,2.4,Petrol,yes,2010,Camry,15,9.8,9.392578591964389,0,0.0
Toyota,29900.0,crossover,144,4.0,Gas,yes,2008,Land Cruiser 200,17,8.47,10.305613759378778,0,0.0
BMW,11500.0,sedan,290,3.0,Diesel,yes,2001,730,24,12.08,9.350102314351341,1,3.0
Mitsubishi,13900.0,vagon,93,3.0,Gas,yes,2007,Outlander XL,18,5.17,9.539644119118783,0,0.0
Renault,5000.0,van,245,1.5,Diesel,yes,2003,Kangoo,22,11.14,8.517193191416238,0,0.0
Volkswagen,12900.0,van,127,1.6,Diesel,yes,2011,Caddy,14,9.07,9.464982590349763,0,0.0
Mercedes-Benz,8650.0,van,344,2.2,Diesel,yes,2006,Vito,19,18.11,9.065314599925925,1,2.2
Toyota,22900.0,crossover,132,2.7,Gas,yes,2012,Venza,13,10.15,10.03889218954233,0,0.0
Mercedes-Benz,13500.0,van,290,2.2,Diesel,yes,2007,Vito,18,16.11,9.51044496442652,1,2.2
Volkswagen,3300.0,sedan,250,1.9,Diesel,no,2000,Passat B5,25,10.0,8.101677747454572,0,0.0
Audi,32500.0,crossover,108,2.0,Diesel,yes,2012,Q5,13,8.31,10.388995368317829,1,2.0
Mitsubishi,13300.0,crossover,135,3.0,Petrol,yes,2009,Outlander XL,16,8.44,9.495519314209846,0,0.0
Volkswagen,2900.0,vagon,257,1.9,Diesel,no,2003,Passat B5,22,11.68,7.9724660159745655,0,0.0
Volkswagen,2900.0,sedan,315,1.6,Gas,yes,1990,Passat B3,35,9.0,7.9724660159745655,0,0.0
Mercedes-Benz,21000.0,crossover,208,3.5,Petrol,yes,2007,ML 350,18,11.56,9.95227771670556,1,3.5
Toyota,89000.0,crossover,61,4.5,Diesel,yes,2011,Land Cruiser 200,14,4.36,11.396391648714276,0,0.0
Volkswagen,23500.0,crossover,48,2.0,Diesel,yes,2012,Tiguan,13,3.69,10.06475570013225,0,0.0
Mitsubishi,4200.0,van,350,1.8,Gas,yes,1992,Space Wagon,33,10.61,8.34283980427146,0,0.0
Mercedes-Benz,70500.0,crossover,99,5.5,Petrol,yes,2009,G 55 AMG,16,6.19,11.16336798880036,1,5.5
Mercedes-Benz,124000.0,crossover,0,4.0,Petrol,yes,2016,GLS 400,9,0.0,11.728036844587175,1,4.0
Audi,39999.0,crossover,45,2.0,Diesel,yes,2014,Q3,11,4.09,10.596609732783568,1,2.0
Mercedes-Benz,1999.0,sedan,400,2.2,Diesel,no,2000,200,25,16.0,7.6004023345004,1,2.2
Mercedes-Benz,14300.0,other,175,2.2,Diesel,yes,2013,Sprinter 313,12,14.58,9.568014816247999,1,2.2
Toyota,13500.0,sedan,139,2.4,Gas,yes,2008,Camry,17,8.18,9.51044496442652,0,0.0
Toyota,13300.0,sedan,104,2.4,Petrol,yes,2007,Camry,18,5.78,9.495519314209846,0,0.0
Toyota,8200.0,hatch,82,1.3,Petrol,yes,2006,Yaris,19,4.32,9.011889433252344,0,0.0
Renault,12000.0,van,137,1.5,Diesel,yes,2012,Grand Scenic,13,10.54,9.392661928770137,0,0.0
Renault,2150.0,vagon,199,1.9,Diesel,no,2003,Laguna,22,9.05,7.673223121121708,0,0.0
Toyota,29000.0,vagon,60,2.2,Diesel,yes,2013,Rav 4,12,5.0,10.275051108968611,0,0.0
Mercedes-Benz,9500.0,van,280,2.2,Diesel,yes,2005,Vito,20,14.0,9.159047077588632,1,2.2
Volkswagen,10600.0,van,120,2.0,Diesel,yes,2007,Touran,18,6.67,9.268609280100158,0,0.0
Mercedes-Benz,12500.0,van,238,2.2,Diesel,yes,2008,Vito,17,14.0,9.433483923290392,1,2.2
Mitsubishi,10200.0,crossover,269,3.2,Diesel,yes,2002,Pajero Wagon,23,11.7,9.230142999272362,0,0.0
Mercedes-Benz,50250.0,sedan,0,2.2,Diesel,yes,2015,E-Class,10,0.0,10.824765825921322,1,2.2
Volkswagen,8900.0,van,100,1.4,Gas,yes,2009,Caddy,16,6.25,9.093806555720231,0,0.0
Mercedes-Benz,5500.0,other,220,2.2,Diesel,yes,2002,Vito,23,9.57,8.612503371220562,1,2.2
BMW,45500.0,sedan,42,2.0,Diesel,yes,2014,520,11,3.82,10.725467604939041,1,2.0
Renault,10499.0,other,146,2.0,Diesel,yes,2012,Trafic,13,11.23,9.259035293514941,0,0.0
Mercedes-Benz,99999.0,crossover,0,2.99,Diesel,yes,2016,GLE-Class,9,0.0,11.512915464920228,1,2.99
Renault,9100.0,van,166,2.0,Diesel,yes,2012,Trafic,13,12.77,9.116029692504942,0,0.0
Mercedes-Benz,24500.0,sedan,180,3.2,Diesel,yes,2008,S 320,17,10.59,10.106428396532818,1,3.2
BMW,63500.0,crossover,1,2.0,Diesel,yes,2016,X5,9,0.11,11.058795184880783,1,2.0
BMW,3600.0,sedan,221,3.0,Diesel,no,2002,530,23,9.61,8.1886891244442,1,3.0
Renault,12900.0,crossover,89,2.5,Petrol,yes,2010,Koleos,15,5.93,9.464982590349763,0,0.0
Renault,6400.0,sedan,51,1.6,Petrol,yes,2011,Logan,14,3.64,8.764053269347762,0,0.0
BMW,8800.0,sedan,287,3.0,Petrol,yes,2001,530,24,11.96,9.082507000466299,1,3.0
Renault,7199.0,sedan,104,1.5,Diesel,yes,2010,Symbol,15,6.93,8.881697406469304,0,0.0
Renault,3300.0,van,250,1.5,Diesel,yes,2005,Kangoo,20,12.5,8.101677747454572,0,0.0
Audi,2400.0,sedan,305,2.3,Gas,yes,1989,100,36,8.47,7.783224016336037,1,2.3
Volkswagen,8400.0,hatch,60,1.39,Petrol,yes,2007,Polo,18,3.33,9.035986984831405,0,0.0
Mitsubishi,7600.0,sedan,180,2.0,Gas,yes,2008,Lancer X,17,10.59,8.935903526274423,0,0.0
Renault,3800.0,van,196,1.9,Diesel,yes,1998,Kangoo,27,7.26,8.242756345714477,0,0.0
Mercedes-Benz,13100.0,sedan,160,3.7,Petrol,yes,2003,S 350,22,7.27,9.480367509189243,1,3.7
Toyota,21950.0,crossover,141,2.7,Gas,yes,2010,Venza,15,9.4,9.996522418503318,0,0.0
Renault,8800.0,van,205,1.9,Diesel,yes,2006,Trafic,19,10.79,9.082507000466299,0,0.0
Toyota,10500.0,hatch,17,1.0,Petrol,yes,2016,Yaris,9,1.89,9.259130536145614,0,0.0
Mitsubishi,24000.0,crossover,20,2.5,Diesel,yes,2013,Pajero Sport,12,1.67,10.085809109330082,0,0.0
Toyota,11800.0,sedan,189,2.4,Gas,yes,2007,Camry,18,10.5,9.375854810453756,0,0.0
Mercedes-Benz,20300.0,sedan,198,1.8,Gas,yes,2011,E-Class,14,14.14,9.918376165029878,1,1.8
Toyota,11600.0,hatch,24,1.6,Petrol,yes,2009,Auris,16,1.5,9.358760377094455,0,0.0
Mercedes-Benz,22000.0,crossover,225,3.5,Gas,yes,2007,ML 350,18,12.5,9.998797732340453,1,3.5
Mercedes-Benz,15800.0,sedan,231,3.5,Gas,yes,2005,E-Class,20,11.55,9.667765219015058,1,3.5
Mercedes-Benz,13500.0,van,97,2.2,Diesel,yes,2013,Vito,12,8.08,9.51044496442652,1,2.2
Mitsubishi,16500.0,crossover,150,3.5,Gas,yes,2008,Outlander XL,17,8.82,9.711115659888671,0,0.0
Volkswagen,40000.0,other,170,2.0,Diesel,yes,2011,Multivan,14,12.14,10.596634733096073,0,0.0
Mitsubishi,9500.0,crossover,150,2.0,Gas,yes,2007,Outlander,18,8.33,9.159047077588632,0,0.0
Renault,6300.0,van,149,1.5,Other,yes,2011,Kangoo,14,10.64,8.748304912379623,0,0.0
BMW,4999.0,sedan,256,2.5,Diesel,no,2001,525,24,10.67,8.51699317141357,1,2.5
Toyota,14990.0,crossover,280,4.2,Diesel,yes,2000,Land Cruiser 100,25,11.2,9.615138591096644,0,0.0
Audi,16400.0,vagon,152,2.0,Diesel,yes,2011,A4,14,10.86,9.70503661381229,1,2.0
Mercedes-Benz,21300.0,crossover,190,6.3,Petrol,yes,2007,ML 63 AMG,18,10.56,9.966462351697517,1,6.3
Audi,24996.0,sedan,98,3.2,Petrol,yes,2009,A5,16,6.12,10.126471091048971,1,3.2
Volkswagen,22900.0,sedan,45,2.0,Petrol,yes,2013,Jetta,12,3.75,10.03889218954233,0,0.0
Toyota,8300.0,hatch,136,1.6,Petrol,yes,2007,Corolla,18,7.56,9.02401079378469,0,0.0
Audi,12900.0,vagon,255,2.5,Diesel,yes,2005,A6 Allroad,20,12.75,9.464982590349763,1,2.5
Volkswagen,12199.0,vagon,149,2.0,Diesel,yes,2008,Passat B6,17,8.76,9.409109260148737,0,0.0
Audi,9999.0,vagon,198,2.7,Petrol,yes,2003,A6 Allroad,22,9.0,9.21024036697585,1,2.7
Mercedes-Benz,35500.0,crossover,99,5.0,Gas,yes,2005,G 63 AMG,20,4.95,10.477287975463508,1,5.0
Mitsubishi,11500.0,crossover,170,3.0,Gas,yes,2005,Pajero Sport,20,8.5,9.350102314351341,0,0.0
Mercedes-Benz,38500.0,sedan,134,3.0,Diesel,yes,2010,S 350,15,8.93,10.558413520275876,1,3.0
Mercedes-Benz,5500.0,other,250,2.2,Diesel,yes,2002,Vito,23,10.87,8.612503371220562,1,2.2
Volkswagen,9400.0,van,124,2.0,Gas,yes,2008,Caddy,17,7.29,9.148464968258095,0,0.0
Volkswagen,8400.0,van,143,1.6,Diesel,yes,2011,Caddy,14,10.21,9.035986984831405,0,0.0
Audi,2650.0,vagon,268,2.5,Diesel,no,2000,A6,25,10.72,7.882314918980268,1,2.5
Toyota,12000.0,sedan,133,2.4,Gas,yes,2008,Camry,17,7.82,9.392661928770137,0,0.0
Mercedes-Benz,7500.0,sedan,187,2.0,Gas,yes,2001,C-Class,24,7.79,8.922658299524402,1,2.0
Volkswagen,25900.0,hatch,35,2.0,Diesel,yes,2015,Golf VII,10,3.5,10.16199824768763,0,0.0
Volkswagen,7500.0,sedan,280,1.8,Other,yes,2005,Passat B5,20,14.0,8.922658299524402,0,0.0
Mercedes-Benz,35000.0,other,147,6.0,Petrol,yes,2001,S 600,24,6.12,10.46310334047155,1,6.0
Audi,6200.0,vagon,316,2.6,Gas,yes,1997,A6,28,11.29,8.732304571033183,1,2.6
Volkswagen,1550.0,sedan,161,1.8,Petrol,no,1994,Vento,31,5.19,7.346010209913293,0,0.0
Volkswagen,8999.0,vagon,161,2.0,Diesel,yes,2008,Passat B6,17,9.47,9.104868739033948,0,0.0
Mitsubishi,21000.0,crossover,29,2.0,Gas,yes,2014,ASX,11,2.64,9.95227771670556,0,0.0
Volkswagen,13500.0,hatch,48,1.4,Petrol,yes,2012,Polo,13,3.69,9.51044496442652,0,0.0
Toyota,3300.0,van,345,2.4,Diesel,yes,1992,Hiace,33,10.45,8.101677747454572,0,0.0
Mercedes-Benz,5990.0,sedan,400,2.0,Gas,yes,1998,E-Class,27,14.81,8.697846691109495,1,2.0
Mercedes-Benz,14800.0,crossover,242,2.7,Diesel,yes,2005,ML 270,20,12.1,9.602382459752207,1,2.7
Mercedes-Benz,47000.0,sedan,0,1.6,Petrol,yes,2016,C-Class,9,0.0,10.757902880692196,1,1.6
Volkswagen,7990.0,sedan,180,1.8,Gas,yes,2005,Passat B5,20,9.0,8.98594603876032,0,0.0
Volkswagen,8999.0,sedan,120,1.9,Diesel,yes,2007,Passat B6,18,6.67,9.104868739033948,0,0.0
Audi,6500.0,vagon,421,2.5,Diesel,yes,1996,A6,29,14.52,8.779557455883728,1,2.5
Toyota,14000.0,sedan,1,1.8,Petrol,yes,2008,Avensis,17,0.06,9.546812608597396,0,0.0
Audi,23500.0,crossover,116,4.2,Petrol,yes,2008,Q7,17,6.82,10.06475570013225,1,4.2
Renault,9500.0,sedan,89,1.6,Petrol,yes,2012,Fluence,13,6.85,9.159047077588632,0,0.0
Volkswagen,9000.0,van,181,1.6,Diesel,yes,2011,Caddy,14,12.93,9.104979856318357,0,0.0
Volkswagen,10650.0,sedan,65,1.6,Petrol,yes,2013,Polo,12,5.42,9.273315171137572,0,0.0
Audi,6399.0,vagon,230,2.5,Diesel,yes,1999,A6,26,8.85,8.76389700713946,1,2.5
Mitsubishi,7500.0,sedan,140,1.5,Petrol,yes,2007,Lancer X,18,7.78,8.922658299524402,0,0.0
Volkswagen,10200.0,van,105,1.6,Diesel,yes,2014,Caddy,11,9.55,9.230142999272362,0,0.0
Mercedes-Benz,3300.0,sedan,200,2.7,Diesel,no,2000,E-Class,25,8.0,8.101677747454572,1,2.7
Mercedes-Benz,8300.0,sedan,175,2.0,Petrol,yes,2001,E-Class,24,7.29,9.02401079378469,1,2.0
Volkswagen,7400.0,van,168,1.9,Diesel,yes,2005,Caddy,20,8.4,8.909235279192261,0,0.0
Toyota,28600.0,crossover,66,2.2,Diesel,yes,2013,Rav 4,12,5.5,10.261161996807944,0,0.0
Audi,2800.0,sedan,230,2.8,Petrol,yes,1997,A8,28,8.21,7.937374696163295,1,2.8
BMW,38000.0,crossover,223,3.0,Diesel,yes,2011,535,14,15.93,10.545341438708522,1,3.0
Toyota,11000.0,hatch,74,1.4,Other,yes,2010,Prius,15,4.93,9.305650551780507,0,0.0
Audi,11800.0,sedan,240,4.2,Gas,yes,2001,S8,24,10.0,9.375854810453756,1,4.2
Renault,9500.0,van,275,2.0,Diesel,yes,2008,Trafic,17,16.18,9.159047077588632,0,0.0
BMW,23700.0,crossover,117,2.0,Diesel,yes,2010,X1,15,7.8,10.073230327123223,1,2.0
Mercedes-Benz,35000.0,other,135,5.5,Petrol,yes,2008,CL 550,17,7.94,10.46310334047155,1,5.5
Volkswagen,11000.0,vagon,171,1.9,Diesel,yes,2009,Golf Variant,16,10.69,9.305650551780507,0,0.0
BMW,25800.0,crossover,205,3.0,Diesel,yes,2008,X5,17,12.06,10.158129770909708,1,3.0
Renault,13200.0,van,230,2.0,Diesel,yes,2009,Trafic,16,14.38,9.487972108574462,0,0.0
Toyota,4650.0,hatch,170,1.0,Petrol,yes,2002,Yaris,23,7.39,8.444622498581403,0,0.0
Mercedes-Benz,8300.0,van,337,2.2,Diesel,yes,2002,Vito,23,14.65,9.02401079378469,1,2.2
Mitsubishi,18900.0,crossover,106,3.8,Gas,yes,2007,Pajero Wagon,18,5.89,9.846917201047734,0,0.0
Mitsubishi,12750.0,sedan,59,2.4,Petrol,yes,2009,Galant,16,3.69,9.453286550586572,0,0.0
Mercedes-Benz,3800.0,other,107,0.6,Petrol,yes,2000,Smart,25,4.28,8.242756345714477,1,0.6
Volkswagen,11500.0,other,189,2.0,Diesel,yes,2011,Caddy,14,13.5,9.350102314351341,0,0.0
Mercedes-Benz,4600.0,van,200,2.2,Diesel,yes,2000,Vito,25,8.0,8.433811582477187,1,2.2
Renault,7899.0,van,129,1.5,Other,yes,2014,Kangoo,11,11.73,8.97449144816442,0,0.0
Mercedes-Benz,70999.0,crossover,0,2.2,Diesel,yes,2016,GLE-Class,9,0.0,11.170421071417223,1,2.2
Toyota,8800.0,sedan,300,2.4,Petrol,yes,2004,Camry,21,14.29,9.082507000466299,0,0.0
Renault,8250.0,sedan,16,1.2,Petrol,yes,2014,Logan,11,1.45,9.017968479328726,0,0.0
Toyota,21500.0,crossover,89,2.0,Petrol,yes,2012,Rav 4,13,6.85,9.975808214115753,0,0.0
Renault,2400.0,hatch,1,2.0,Petrol,no,2002,Laguna,23,0.04,7.783224016336037,0,0.0
Volkswagen,12500.0,other,160,2.5,Other,yes,2006,T5 (Transporter),19,8.42,9.433483923290392,0,0.0
Mercedes-Benz,2499.0,hatch,201,1.7,Diesel,no,2001,A 170,24,8.38,7.823645930834952,1,1.7
BMW,14990.0,sedan,135,2.5,Petrol,yes,2005,525,20,6.75,9.615138591096644,1,2.5
Mitsubishi,8260.0,sedan,65,1.5,Petrol,yes,2011,Lancer,14,4.64,9.019179866515024,0,0.0
BMW,6800.0,sedan,230,2.0,Petrol,yes,1998,520,27,8.52,8.824677891164198,1,2.0
Mitsubishi,1999.0,van,168,1.8,Petrol,no,2001,Space Star,24,7.0,7.6004023345004,0,0.0
BMW,8500.0,other,265,2.8,Gas,yes,1998,328,27,9.81,9.047821442478408,1,2.8
Toyota,24800.0,crossover,90,4.0,Petrol,yes,2008,FJ Cruiser,17,5.29,10.118598932153073,0,0.0
Mitsubishi,11800.0,crossover,120,3.0,Petrol,yes,2008,Outlander XL,17,7.06,9.375854810453756,0,0.0
Mercedes-Benz,9400.0,van,250,2.2,Diesel,yes,2005,Vito,20,12.5,9.148464968258095,1,2.2
Mercedes-Benz,14899.0,other,209,3.0,Diesel,yes,2006,E-Class,19,11.0,9.60904937558734,1,3.0
Volkswagen,15500.0,sedan,178,2.0,Diesel,no,2013,Passat B7,12,14.83,9.648595302907339,0,0.0
Renault,2200.0,van,290,2.2,Diesel,no,1999,Espace,26,11.15,7.696212639346407,0,0.0
Volkswagen,8950.0,sedan,133,1.6,Petrol,yes,2012,Polo,13,10.23,9.099408811268901,0,0.0
BMW,17800.0,vagon,159,3.0,Diesel,yes,2008,530,17,9.35,9.786953736280177,1,3.0
Audi,85555.0,sedan,40,3.0,Diesel,yes,2015,A8,10,4.0,11.35691472296607,1,3.0
Volkswagen,2000.0,sedan,300,1.3,Petrol,yes,1988,Jetta,37,8.11,7.600902459542082,0,0.0
Mercedes-Benz,20500.0,sedan,56,5.0,Other,yes,2003,SL 500 (550),22,2.55,9.9281801651265,1,5.0
Toyota,30990.0,crossover,68,2.7,Gas,yes,2012,Land Cruiser Prado,13,5.23,10.341419850781794,0,0.0
Toyota,39900.0,crossover,11,4.0,Petrol,yes,2013,Tacoma,12,0.92,10.594131602877955,0,0.0
BMW,21900.0,other,25,2.5,Petrol,yes,2007,325,18,1.39,9.994241915804592,1,2.5
Toyota,12400.0,hatch,52,1.4,Other,yes,2012,Prius,13,4.0,9.425451751593128,0,0.0
Mercedes-Benz,5000.0,other,200,2.0,Petrol,yes,1998,CLK 200,27,7.41,8.517193191416238,1,2.0
Volkswagen,3200.0,sedan,367,2.0,Petrol,yes,1991,Passat B3,34,10.79,8.070906088787819,0,0.0
BMW,6500.0,sedan,300,2.8,Gas,yes,1997,528,28,10.71,8.779557455883728,1,2.8
Mercedes-Benz,13600.0,hatch,147,2.0,Diesel,yes,2008,B 200,17,8.65,9.517825071724143,1,2.0
Audi,23500.0,crossover,245,3.0,Diesel,yes,2007,Q7,18,13.61,10.06475570013225,1,3.0
Audi,15499.0,sedan,177,2.0,Diesel,yes,2007,A6,18,9.83,9.648530784697051,1,2.0
Mercedes-Benz,12950.0,sedan,197,2.7,Diesel,yes,2002,E-Class,23,8.57,9.468851067127684,1,2.7
Toyota,23500.0,sedan,80,2.5,Gas,yes,2014,Camry,11,7.27,10.06475570013225,0,0.0
Renault,5950.0,hatch,200,1.5,Diesel,yes,2005,Megane,20,10.0,8.691146498539675,0,0.0
Mitsubishi,2900.0,hatch,300,1.8,Petrol,yes,1989,Galant,36,8.33,7.9724660159745655,0,0.0
Mercedes-Benz,5000.0,van,400,2.2,Diesel,yes,1999,Vito,26,15.38,8.517193191416238,1,2.2
Mercedes-Benz,1200.0,sedan,240,2.4,Petrol,no,1999,E-Class,26,9.23,7.090076835776092,1,2.4
Volkswagen,6500.0,sedan,190,1.9,Diesel,yes,2006,Caddy,19,10.0,8.779557455883728,0,0.0
BMW,104999.0,crossover,2,3.0,Diesel,yes,2016,X5,9,0.22,11.561706105284784,1,3.0
Renault,4650.0,van,165,1.5,Diesel,yes,2003,Kangoo,22,7.5,8.444622498581403,0,0.0
Audi,12500.0,sedan,165,2.4,Petrol,yes,2006,A6,19,8.68,9.433483923290392,1,2.4
Volkswagen,10250.0,sedan,144,2.0,Diesel,yes,2008,Passat B6,17,8.47,9.235032984566555,0,0.0
Audi,23500.0,other,83,2.0,Petrol,yes,2009,A5,16,5.19,10.06475570013225,1,2.0
Volkswagen,17777.0,van,250,2.0,Diesel,yes,2010,T6 (Transporter),15,16.67,9.785660765922685,0,0.0
Mercedes-Benz,8300.0,sedan,233,3.2,Diesel,yes,2001,320,24,9.71,9.02401079378469,1,3.2
Mercedes-Benz,39900.0,sedan,84,5.5,Petrol,yes,2011,S 500,14,6.0,10.594131602877955,1,5.5
Mercedes-Benz,5200.0,van,400,2.9,Diesel,yes,1999,Sprinter 210,26,15.38,8.556413904569519,1,2.9
Audi,31500.0,sedan,140,2.0,Diesel,yes,2012,A6,13,10.77,10.357742824813725,1,2.0
BMW,4800.0,sedan,11,2.5,Diesel,yes,1994,325,31,0.35,8.476371196895983,1,2.5
Volkswagen,21550.0,crossover,58,1.4,Petrol,yes,2014,Tiguan,11,5.27,9.978131095531895,0,0.0
Audi,42900.0,crossover,140,3.0,Diesel,yes,2013,Q7,12,11.67,10.666627104916108,1,3.0
Audi,2600.0,sedan,160,2.5,Diesel,no,2002,A6,23,6.96,7.8632667240095735,1,2.5
Volkswagen,31310.0,van,0,2.0,Diesel,yes,2014,Touran,11,0.0,10.351692814320451,0,0.0
Volkswagen,11800.0,van,230,1.9,Diesel,yes,2009,T5 (Transporter),16,14.38,9.375854810453756,0,0.0
Mercedes-Benz,107000.0,van,0,2.2,Diesel,yes,2016,V 250,9,0.0,11.580584113444043,1,2.2
BMW,9800.0,sedan,264,3.0,Diesel,yes,2001,530,24,11.0,9.190137664658664,1,3.0
Volkswagen,7950.0,van,144,2.0,Gas,yes,2012,Caddy,13,11.08,8.980927207648378,0,0.0
Mercedes-Benz,9000.0,crossover,220,3.2,Gas,yes,1999,ML 320,26,8.46,9.104979856318357,1,3.2
BMW,7400.0,sedan,279,3.5,Gas,yes,1998,735,27,10.33,8.909235279192261,1,3.5
Toyota,24000.0,sedan,60,2.5,Gas,yes,2014,Camry,11,5.45,10.085809109330082,0,0.0
Mercedes-Benz,4800.0,sedan,199,3.2,Diesel,yes,1999,E-Class,26,7.65,8.476371196895983,1,3.2
Toyota,22000.0,crossover,155,2.7,Gas,yes,2008,Land Cruiser Prado,17,9.12,9.998797732340453,0,0.0
BMW,42500.0,crossover,29,3.0,Petrol,yes,2011,X3,14,2.07,10.657259354912508,1,3.0
Toyota,17200.0,crossover,149,4.7,Petrol,yes,2008,Land Cruiser 200,17,8.76,9.752664662801545,0,0.0
Renault,8100.0,crossover,90,1.9,Diesel,yes,2005,Kangoo,20,4.5,8.99961934066053,0,0.0
Volkswagen,30000.0,sedan,67,2.0,Diesel,yes,2013,Passat B7,12,5.58,10.308952660644293,0,0.0
Volkswagen,7700.0,van,247,1.9,Diesel,yes,2002,T4 (Transporter),23,10.74,8.948975607841776,0,0.0
BMW,32500.0,sedan,148,3.0,Petrol,yes,2011,535,14,10.57,10.388995368317829,1,3.0
BMW,18700.0,crossover,260,3.0,Diesel,yes,2006,X5,19,13.68,9.836278802842678,1,3.0
Renault,8100.0,van,219,2.5,Diesel,yes,2010,Master,15,14.6,8.99961934066053,0,0.0
Toyota,5050.0,hatch,138,1.0,Petrol,yes,2001,Yaris,24,5.75,8.527143522269405,0,0.0
Mercedes-Benz,11800.0,van,165,2.2,Diesel,yes,2012,Vito,13,12.69,9.375854810453756,1,2.2
Audi,2000.0,sedan,360,1.6,Other,no,1996,A4,29,12.41,7.600902459542082,1,1.6
Mercedes-Benz,19200.0,sedan,173,5.0,Petrol,yes,2007,S 500,18,9.61,9.862665558015873,1,5.0
BMW,16400.0,sedan,187,4.8,Gas,yes,2007,750,18,10.39,9.70503661381229,1,4.8
BMW,6300.0,sedan,330,2.5,Petrol,yes,1999,525,26,12.69,8.748304912379623,1,2.5
Mitsubishi,15000.0,crossover,295,2.8,Diesel,yes,2004,Pajero Wagon,21,14.05,9.615805480084347,0,0.0
Toyota,23000.0,other,211,4.0,Gas,yes,2007,Land Cruiser Prado,18,11.72,10.043249494911286,0,0.0
Mercedes-Benz,23700.0,sedan,86,1.8,Gas,yes,2013,E-Class,12,7.17,10.073230327123223,1,1.8
BMW,11900.0,sedan,160,2.5,Petrol,yes,2005,525,20,8.0,9.38429367909962,1,2.5
Audi,7900.0,sedan,274,1.8,Gas,yes,2003,A6,22,12.45,8.974618038455112,1,1.8
Mercedes-Benz,4400.0,sedan,308,3.2,Gas,no,2000,S 320,25,12.32,8.389359819906353,1,3.2
Volkswagen,9900.0,other,181,1.6,Diesel,yes,2012,Caddy,13,13.92,9.20029003612268,0,0.0
Volkswagen,6900.0,hatch,113,1.4,Petrol,yes,2003,Polo,22,5.14,8.83927669058535,0,0.0
Mercedes-Benz,71999.0,crossover,0,2.2,Diesel,yes,2016,GLE-Class,9,0.0,11.184407509012852,1,2.2
BMW,11800.0,crossover,210,3.0,Diesel,no,2006,X5,19,11.05,9.375854810453756,1,3.0
Renault,10999.0,van,207,2.0,Diesel,yes,2012,Trafic,13,15.92,9.305559638557117,0,0.0
Mitsubishi,18900.0,crossover,93,3.8,Gas,yes,2008,Pajero Wagon,17,5.47,9.846917201047734,0,0.0
Toyota,28900.0,crossover,120,3.5,Petrol,yes,2011,Highlander,14,8.57,10.271596874100524,0,0.0
Toyota,15500.0,crossover,130,2.0,Petrol,yes,2008,Rav 4,17,7.65,9.648595302907339,0,0.0
BMW,63000.0,crossover,0,2.0,Diesel,yes,2015,X5,10,0.0,11.05089000537367,1,2.0
Toyota,11700.0,sedan,145,2.4,Petrol,yes,2007,Camry,18,8.06,9.367344120785848,0,0.0
BMW,4999.0,sedan,327,3.0,Diesel,no,2001,730,24,13.62,8.51699317141357,1,3.0
Toyota,13300.0,crossover,140,2.4,Petrol,yes,2007,Rav 4,18,7.78,9.495519314209846,0,0.0
Mercedes-Benz,8200.0,sedan,260,3.0,Diesel,yes,1997,S 300,28,9.29,9.011889433252344,1,3.0
Renault,8900.0,van,150,2.0,Diesel,yes,2009,Trafic,16,9.38,9.093806555720231,0,0.0
BMW,60500.0,sedan,110,3.0,Diesel,yes,2011,740,14,7.86,11.010398644018933,1,3.0
BMW,8900.0,sedan,294,2.2,Gas,yes,2000,520,25,11.76,9.093806555720231,1,2.2
BMW,69500.0,sedan,62,4.4,Petrol,yes,2013,750,12,5.17,11.149082031552883,1,4.4
Volkswagen,9000.0,hatch,95,1.6,Gas,yes,2005,Golf V,20,4.75,9.104979856318357,0,0.0
BMW,17800.0,crossover,265,3.0,Diesel,yes,2005,X5,20,13.25,9.786953736280177,1,3.0
Mercedes-Benz,2100.0,other,350,2.4,Diesel,yes,1988,MB,37,9.46,7.649692623711514,1,2.4
Toyota,10700.0,sedan,57,1.3,Petrol,yes,2010,Corolla,15,3.8,9.277999020449997,0,0.0
Volkswagen,17777.0,van,250,2.0,Diesel,yes,2010,Caravelle,15,16.67,9.785660765922685,0,0.0
Audi,73500.0,sedan,53,6.3,Petrol,yes,2013,A8,12,4.42,11.205040685200927,1,6.3
Mitsubishi,9800.0,crossover,92,2.0,Petrol,yes,2008,Outlander,17,5.41,9.190137664658664,0,0.0
Volkswagen,35900.0,van,132,2.0,Diesel,yes,2011,Multivan,14,9.43,10.48849257447637,0,0.0
Toyota,7500.0,hatch,135,1.0,Petrol,yes,2008,Yaris,17,7.94,8.922658299524402,0,0.0
Renault,2500.0,sedan,105,1.4,Petrol,yes,1990,19,35,3.0,7.824046010856292,0,0.0
Audi,39999.0,crossover,100,3.0,Diesel,yes,2011,Q7,14,7.14,10.596609732783568,1,3.0
Volkswagen,22000.0,crossover,123,3.0,Diesel,yes,2009,Touareg,16,7.69,9.998797732340453,0,0.0
Toyota,9800.0,sedan,65,1.6,Petrol,yes,2009,Auris,16,4.06,9.190137664658664,0,0.0
BMW,29999.0,other,73,2.0,Petrol,yes,2012,320,13,5.62,10.308919326755392,1,2.0
Mercedes-Benz,7500.0,sedan,350,2.2,Diesel,yes,2003,Sprinter 208,22,15.91,8.922658299524402,1,2.2
Toyota,12500.0,sedan,138,3.5,Petrol,yes,2007,Camry,18,7.67,9.433483923290392,0,0.0
BMW,39500.0,crossover,115,4.4,Petrol,yes,2010,X5,15,7.67,10.584055950889214,1,4.4
Volkswagen,10600.0,van,240,2.5,Diesel,yes,2009,T5 (Transporter),16,15.0,9.268609280100158,0,0.0
Mitsubishi,18200.0,crossover,147,3.2,Diesel,yes,2008,Pajero Wagon,17,8.65,9.809176873064887,0,0.0
Audi,4800.0,other,207,2.0,Petrol,yes,2002,A4,23,9.0,8.476371196895983,1,2.0
BMW,3999.0,sedan,238,1.8,Petrol,yes,1996,318,29,8.21,8.293799608846818,1,1.8
Toyota,35500.0,crossover,165,4.0,Gas,yes,2011,Land Cruiser Prado,14,11.79,10.477287975463508,0,0.0
Toyota,13500.0,sedan,158,2.4,Gas,yes,2008,Camry,17,9.29,9.51044496442652,0,0.0
Mercedes-Benz,17500.0,sedan,130,3.0,Petrol,yes,2007,C-Class,18,7.22,9.769956159911606,1,3.0
Mercedes-Benz,59999.0,sedan,11,4.7,Petrol,yes,2012,CLS 500,13,0.85,11.002083174398681,1,4.7
Mercedes-Benz,7999.0,van,255,2.2,Diesel,yes,2004,Vito,21,12.14,8.987071812848821,1,2.2
Toyota,16000.0,sedan,89,1.8,Other,yes,2011,Avensis,14,6.36,9.680344001221918,0,0.0
BMW,5850.0,sedan,250,4.5,Gas,yes,2001,745,24,10.42,8.674196940225903,1,4.5
Renault,7999.0,van,154,1.5,Diesel,yes,2008,Scenic,17,9.06,8.987071812848821,0,0.0
Renault,8900.0,van,181,1.9,Diesel,yes,2006,Trafic,19,9.53,9.093806555720231,0,0.0
BMW,43719.0,crossover,0,2.0,Petrol,yes,2016,X3,9,0.0,10.685538069201806,1,2.0
Volkswagen,8800.0,van,193,2.5,Diesel,yes,2005,T5 (Transporter),20,9.65,9.082507000466299,0,0.0
Volkswagen,9990.0,van,194,1.6,Diesel,yes,2011,Caddy,14,13.86,9.2093398716426,0,0.0
Volkswagen,17999.0,sedan,80,1.8,Petrol,yes,2012,Passat B7,13,6.15,9.798071479779479,0,0.0
Mercedes-Benz,37500.0,other,94,5.5,Petrol,yes,2009,CL 55 AMG,16,5.88,10.532096211958502,1,5.5
Audi,20500.0,sedan,155,3.0,Petrol,yes,2010,A6,15,10.33,9.9281801651265,1,3.0
Audi,4999.0,crossover,242,2.5,Diesel,no,2003,A6 Allroad,22,11.0,8.51699317141357,1,2.5
Mercedes-Benz,4100.0,crossover,1,3.5,Petrol,yes,2007,ML 350,18,0.06,8.318742252692399,1,3.5
Mercedes-Benz,17499.0,sedan,145,1.8,Petrol,yes,2008,C-Class,17,8.53,9.769899015421748,1,1.8
Audi,8200.0,other,326,2.5,Diesel,yes,2002,A6,23,14.17,9.011889433252344,1,2.5
Volkswagen,7000.0,sedan,185,2.8,Gas,yes,2004,Passat B5,21,8.81,8.85366542803745,0,0.0
Volkswagen,9200.0,vagon,107,1.6,Petrol,yes,2010,Golf Variant,15,7.13,9.126958763037132,0,0.0
Volkswagen,4000.0,hatch,105,2.0,Other,yes,2013,Golf VII,12,8.75,8.294049640102028,0,0.0
Renault,17500.0,crossover,20,1.5,Diesel,yes,2016,Duster,9,2.22,9.769956159911606,0,0.0
BMW,1950.0,sedan,162,1.6,Petrol,no,1995,316,30,5.4,7.575584651557793,1,1.6
Audi,11000.0,other,120,1.8,Petrol,yes,2000,TT,25,4.8,9.305650551780507,1,1.8
Audi,7750.0,sedan,259,3.0,Diesel,no,2005,A6,20,12.95,8.955448122347393,1,3.0
Volkswagen,24300.0,sedan,1,1.6,Diesel,yes,2016,Jetta,9,0.11,10.09823162932864,0,0.0
Renault,4100.0,van,190,1.9,Diesel,yes,2002,Kangoo,23,8.26,8.318742252692399,0,0.0
Mercedes-Benz,69900.0,crossover,69,3.0,Diesel,yes,2014,GL 350,11,6.27,11.154820928221902,1,3.0
Volkswagen,29999.0,other,129,2.0,Diesel,yes,2014,Caravelle,11,11.73,10.308919326755392,0,0.0
Renault,11999.0,vagon,188,1.5,Other,yes,2012,Megane,13,14.46,9.392578591964389,0,0.0
Volkswagen,13900.0,vagon,122,1.4,Gas,yes,2013,Touran,12,10.17,9.539644119118783,0,0.0
BMW,8900.0,vagon,274,2.0,Diesel,no,2007,320,18,15.22,9.093806555720231,1,2.0
Audi,26000.0,sedan,105,2.0,Petrol,yes,2012,A6,13,8.08,10.165851817003619,1,2.0
BMW,2700.0,other,287,2.5,Diesel,no,1998,525,27,10.63,7.90100705199242,1,2.5
Toyota,12500.0,sedan,140,3.5,Gas,yes,2007,Camry,18,7.78,9.433483923290392,0,0.0
BMW,4500.0,sedan,28,1.9,Petrol,yes,1995,318,30,0.93,8.411832675758411,1,1.9
Toyota,88000.0,crossover,3,4.5,Diesel,yes,2016,Land Cruiser 200,9,0.33,11.385092093460344,0,0.0
Mitsubishi,8700.0,sedan,143,2.0,Gas,yes,2007,Lancer X,18,7.94,9.071078304642676,0,0.0
Volkswagen,17200.0,van,230,3.2,Gas,yes,2008,Multivan,17,13.53,9.752664662801545,0,0.0
Toyota,30600.0,crossover,39,2.2,Diesel,yes,2014,Rav 4,11,3.55,10.328755287940472,0,0.0
Mercedes-Benz,15300.0,sedan,240,2.2,Diesel,yes,2006,E-Class,19,12.63,9.635608107380527,1,2.2
Toyota,73900.0,crossover,1,4.5,Diesel,yes,2016,Land Cruiser 200,9,0.11,11.210468106936293,0,0.0
Volkswagen,12500.0,sedan,84,2.0,Petrol,yes,2007,Passat B6,18,4.67,9.433483923290392,0,0.0
Mercedes-Benz,30500.0,crossover,150,5.5,Petrol,yes,2002,G 500,23,6.52,10.325481962595504,1,5.5
BMW,64900.0,crossover,73,3.0,Diesel,yes,2013,X6 M,12,6.08,11.080602902692181,1,3.0
Toyota,11200.0,sedan,179,2.4,Petrol,yes,2006,Camry,19,9.42,9.323669057283185,0,0.0
BMW,9900.0,other,93,2.5,Petrol,yes,2003,Z4,22,4.23,9.20029003612268,1,2.5
Mercedes-Benz,55000.0,sedan,34,2.2,Diesel,yes,2011,S 250,14,2.43,10.915088464214607,1,2.2
Volkswagen,3000.0,vagon,250,1.9,Diesel,yes,1992,Passat B3,33,7.58,8.006367567650246,0,0.0
BMW,33000.0,sedan,147,3.0,Diesel,yes,2009,730,16,9.19,10.404262840448617,1,3.0
Renault,13000.0,hatch,75,2.0,Petrol,yes,2013,Megane,12,6.25,9.472704636443673,0,0.0
Mercedes-Benz,33900.0,other,102,5.0,Petrol,yes,2008,CL 55 AMG,17,6.0,10.431170293368542,1,5.0
BMW,17500.0,crossover,210,3.0,Diesel,yes,2005,X5,20,10.5,9.769956159911606,1,3.0
Audi,33000.0,crossover,60,2.0,Petrol,yes,2011,Q5,14,4.29,10.404262840448617,1,2.0
Volkswagen,11999.0,sedan,240,1.6,Petrol,yes,2010,Jetta,15,16.0,9.392578591964389,0,0.0
Toyota,14700.0,sedan,141,3.5,Petrol,yes,2008,Camry,17,8.29,9.595602772766828,0,0.0
Audi,2600.0,vagon,253,1.8,Gas,no,1997,A4,28,9.04,7.8632667240095735,1,1.8
BMW,10900.0,sedan,375,4.4,Gas,yes,2001,740,24,15.62,9.296518068217235,1,4.4
Toyota,3900.0,hatch,160,1.0,Petrol,yes,1999,Yaris,26,6.15,8.268731832117737,0,0.0
Renault,5700.0,van,275,1.9,Diesel,yes,2002,Trafic,23,11.96,8.648221453822641,0,0.0
Audi,90999.0,sedan,4,3.0,Diesel,yes,2015,A8,10,0.4,11.418603796427618,1,3.0
Mercedes-Benz,25500.0,sedan,137,2.2,Diesel,yes,2012,E-Class,13,10.54,10.146433731146518,1,2.2
BMW,3300.0,sedan,360,2.5,Petrol,yes,1992,525,33,10.91,8.101677747454572,1,2.5
Toyota,28700.0,crossover,80,3.5,Gas,yes,2012,Highlander,13,6.15,10.264652401747712,0,0.0
Volkswagen,9300.0,van,200,1.6,Diesel,yes,2011,Caddy,14,14.29,9.137769679141348,0,0.0
Toyota,9400.0,sedan,148,1.8,Gas,yes,2008,Avensis,17,8.71,9.148464968258095,0,0.0
Audi,23000.0,crossover,180,3.6,Gas,yes,2007,Q7,18,10.0,10.043249494911286,1,3.6
BMW,4500.0,sedan,370,4.0,Petrol,yes,1993,540,32,11.56,8.411832675758411,1,4.0
Mitsubishi,23900.0,crossover,1,1.8,Petrol,yes,2015,ASX,10,0.1,10.081633737919603,0,0.0
Mercedes-Benz,107999.0,crossover,0,3.0,Diesel,yes,2016,GLS 350,9,0.0,11.58987724680423,1,3.0
Volkswagen,12900.0,sedan,157,1.8,Gas,yes,2008,Passat B6,17,9.24,9.464982590349763,0,0.0
Mercedes-Benz,14900.0,van,211,2.2,Other,yes,2012,Vito,13,16.23,9.60911649193355,1,2.2
Volkswagen,15900.0,other,160,1.8,Petrol,yes,2010,Passat B6,15,10.67,9.674074388208323,0,0.0
Volkswagen,9300.0,van,154,2.0,Gas,yes,2010,Caddy,15,10.27,9.137769679141348,0,0.0
Mercedes-Benz,7000.0,other,260,2.2,Diesel,yes,2000,Vito,25,10.4,8.85366542803745,1,2.2
Mitsubishi,14700.0,crossover,240,3.2,Diesel,yes,2006,Pajero Wagon,19,12.63,9.595602772766828,0,0.0
Toyota,21800.0,crossover,63,2.0,Petrol,yes,2013,Rav 4,12,5.25,9.98966524877718,0,0.0
Audi,68000.0,crossover,20,3.0,Petrol,yes,2014,Q5,11,1.82,11.127262984158243,1,3.0
Mercedes-Benz,7000.0,sedan,370,2.2,Petrol,yes,1995,E-Class,30,12.33,8.85366542803745,1,2.2
Mercedes-Benz,70000.0,other,21,6.0,Petrol,yes,2008,S 600,17,1.24,11.156250521031495,1,6.0
Volkswagen,22000.0,sedan,65,2.0,Petrol,yes,2012,Passat B7,13,5.0,9.998797732340453,0,0.0
Mercedes-Benz,18900.0,other,50,3.5,Petrol,yes,2005,SLK 350,20,2.5,9.846917201047734,1,3.5
BMW,9700.0,sedan,267,2.0,Diesel,yes,2002,320,23,11.61,9.179881164491475,1,2.0
Volkswagen,4850.0,vagon,300,1.9,Diesel,yes,1998,Golf III,27,11.11,8.48673398393153,0,0.0
Mercedes-Benz,8700.0,other,260,2.2,Diesel,yes,2003,Sprinter 213,22,11.82,9.071078304642676,1,2.2
Toyota,14700.0,sedan,139,3.5,Petrol,yes,2008,Camry,17,8.18,9.595602772766828,0,0.0
Volkswagen,23999.0,sedan,1,1.6,Diesel,yes,2016,Jetta,9,0.11,10.085767441795337,0,0.0
Mitsubishi,24500.0,crossover,11,2.5,Diesel,yes,2012,Pajero Sport,13,0.85,10.106428396532818,0,0.0
Mercedes-Benz,23500.0,van,161,2.2,Diesel,yes,2011,Vito,14,11.5,10.06475570013225,1,2.2
Volkswagen,10000.0,van,160,1.6,Diesel,yes,2012,Caddy,13,12.31,9.210340371976184,0,0.0
Volkswagen,9700.0,van,255,2.5,Diesel,yes,2002,T4 (Transporter),23,11.09,9.179881164491475,0,0.0
Renault,7000.0,vagon,280,1.5,Diesel,yes,2005,Megane,20,14.0,8.85366542803745,0,0.0
Renault,1550.0,other,245,2.0,Petrol,no,1998,Megane,27,9.07,7.346010209913293,0,0.0
Toyota,27000.0,other,105,2.5,Diesel,yes,2013,Hilux,12,8.75,10.203592144986466,0,0.0
BMW,65000.0,crossover,0,2.5,Diesel,yes,2016,X5,9,0.0,11.082142548877775,1,2.5
Renault,20007.0,sedan,2,1.5,Diesel,yes,2015,Fluence,10,0.2,9.903837491300417,0,0.0
Volkswagen,15500.0,crossover,167,3.2,Petrol,yes,2006,Touareg,19,8.79,9.648595302907339,0,0.0
Volkswagen,3999.0,hatch,152,1.0,Petrol,yes,2000,Lupo,25,6.08,8.293799608846818,0,0.0
BMW,19990.0,sedan,1,2.0,Diesel,yes,2008,320,17,0.06,9.902987427494446,1,2.0
Mercedes-Benz,38000.0,sedan,42,1.6,Petrol,yes,2014,C-Class,11,3.82,10.545341438708522,1,1.6
Volkswagen,20477.54,van,1,1.6,Diesel,yes,2015,Caddy,10,0.1,9.927083954751296,0,0.0
Volkswagen,9650.0,vagon,200,1.4,Gas,yes,2009,Passat B6,16,12.5,9.174713194333032,0,0.0
BMW,37500.0,crossover,115,3.0,Diesel,yes,2008,X5 M,17,6.76,10.532096211958502,1,3.0
Mercedes-Benz,12700.0,van,193,2.2,Diesel,yes,2011,Vito,14,13.79,9.449357272446683,1,2.2
Toyota,4500.0,hatch,207,1.3,Petrol,yes,1995,Corolla,30,6.9,8.411832675758411,0,0.0
Mercedes-Benz,2400.0,sedan,3,3.0,Diesel,yes,1998,E-Class,27,0.11,7.783224016336037,1,3.0
Mercedes-Benz,6999.0,sedan,330,2.0,Petrol,yes,1997,200,28,11.79,8.85352256068954,1,2.0
Volkswagen,8900.0,van,169,1.9,Diesel,yes,2008,Caddy,17,9.94,9.093806555720231,0,0.0
Mitsubishi,7999.0,sedan,78,1.5,Gas,yes,2011,Lancer X,14,5.57,8.987071812848821,0,0.0
Volkswagen,13500.0,van,124,2.0,Diesel,yes,2013,T6 (Transporter) ,12,10.33,9.51044496442652,0,0.0
Mercedes-Benz,109999.0,crossover,1,3.0,Diesel,yes,2016,GLS 350,9,0.11,11.60822655382414,1,3.0
Mercedes-Benz,14100.0,van,138,2.2,Diesel,yes,2009,Vito,16,8.62,9.55393007636626,1,2.2
Volkswagen,4600.0,other,290,1.9,Diesel,yes,1995,T4 (Transporter) ,30,9.67,8.433811582477187,0,0.0
Mercedes-Benz,3250.0,sedan,250,4.0,Diesel,no,2002,S 400,23,10.87,8.086410275323782,1,4.0
Mercedes-Benz,19500.0,sedan,157,3.5,Petrol,yes,2006,S 350,19,8.26,9.878169744551839,1,3.5
Audi,2300.0,vagon,25,2.5,Diesel,no,1999,A6,26,0.96,7.7406644019172415,1,2.5
Toyota,11700.0,sedan,131,2.4,Petrol,yes,2007,Camry,18,7.28,9.367344120785848,0,0.0
Audi,7000.0,vagon,210,3.0,Diesel,no,2006,A6,19,11.05,8.85366542803745,1,3.0
BMW,6950.0,sedan,320,4.4,Gas,yes,1997,740,28,11.43,8.846496938558838,1,4.4
Mitsubishi,4500.0,sedan,300,1.6,Gas,yes,2000,Carisma,25,12.0,8.411832675758411,0,0.0
Renault,12500.0,vagon,150,1.5,Diesel,yes,2011,Kangoo,14,10.71,9.433483923290392,0,0.0
BMW,2200.0,sedan,290,2.5,Gas,yes,1997,525,28,10.36,7.696212639346407,1,2.5
Renault,10750.0,hatch,136,1.5,Diesel,yes,2011,Megane,14,9.71,9.28266103355581,0,0.0
Mitsubishi,8400.0,sedan,91,1.5,Petrol,yes,2009,Lancer X,16,5.69,9.035986984831405,0,0.0
Volkswagen,28500.0,sedan,50,2.0,Petrol,yes,2013,Passat B7,12,4.17,10.257659366256743,0,0.0
BMW,44800.0,sedan,63,4.4,Petrol,yes,2012,750,13,4.85,10.709963418403076,1,4.4
Toyota,11707.8,hatch,1,1.0,Petrol,yes,2016,Yaris,9,0.11,9.368010565329008,0,0.0
BMW,32500.0,sedan,131,2.0,Diesel,yes,2010,520,15,8.73,10.388995368317829,1,2.0
Renault,10500.0,vagon,165,1.5,Diesel,yes,2012,Megane,13,12.69,9.259130536145614,0,0.0
Mercedes-Benz,11999.0,other,215,2.2,Diesel,yes,2007,Vito,18,11.94,9.392578591964389,1,2.2
BMW,6100.0,sedan,205,1.8,Petrol,yes,2001,316,24,8.54,8.716044050161402,1,1.8
Volkswagen,12300.0,other,248,1.9,Diesel,yes,2010,T5 (Transporter),15,16.53,9.417354541360508,0,0.0
Toyota,11750.0,sedan,69,1.6,Petrol,yes,2013,Corolla,12,5.75,9.371608519572305,0,0.0
BMW,52300.0,sedan,55,3.0,Diesel,yes,2013,530,12,4.58,10.864751650053014,1,3.0
Audi,30900.0,crossover,70,2.0,Petrol,yes,2012,Q3,13,5.38,10.338511462885837,1,2.0
Volkswagen,5200.0,van,235,2.0,Diesel,yes,2005,Caddy,20,11.75,8.556413904569519,0,0.0
BMW,26800.0,sedan,47,2.0,Petrol,yes,2013,320,12,3.92,10.196157166498947,1,2.0
Volkswagen,74000.0,crossover,1,3.0,Diesel,yes,2015,Touareg,10,0.1,11.211820372186306,0,0.0
Renault,10700.0,van,150,1.9,Diesel,yes,2006,Trafic,19,7.89,9.277999020449997,0,0.0
Mercedes-Benz,17500.0,vagon,113,2.2,Diesel,yes,2010,C-Class,15,7.53,9.769956159911606,1,2.2
Toyota,30800.0,crossover,56,2.7,Gas,yes,2011,Land Cruiser Prado,14,4.0,10.335269968961667,0,0.0
Volkswagen,2800.0,hatch,140,1.4,Petrol,no,2002,Golf IV,23,6.09,7.937374696163295,0,0.0
Mercedes-Benz,12600.0,sedan,123,3.2,Petrol,yes,2000,S 320,25,4.92,9.441452092939569,1,3.2
Volkswagen,17500.0,sedan,144,1.4,Petrol,yes,2012,Passat CC,13,11.08,9.769956159911606,0,0.0
Toyota,68000.0,crossover,67,4.5,Diesel,yes,2012,Land Cruiser 200,13,5.15,11.127262984158243,0,0.0
Toyota,34000.0,crossover,44,3.5,Petrol,yes,2012,Highlander,13,3.38,10.4341158035983,0,0.0
Toyota,28900.0,crossover,20,2.5,Petrol,yes,2013,Rav 4,12,1.67,10.271596874100524,0,0.0
Volkswagen,9900.0,van,230,1.9,Diesel,yes,2008,T5 (Transporter) ,17,13.53,9.20029003612268,0,0.0
Toyota,46500.0,other,4,3.0,Diesel,yes,2016,Hilux,9,0.44,10.747207591575448,0,0.0
BMW,24700.0,other,85,4.4,Petrol,yes,2004,645,21,4.05,10.114558522616068,1,4.4
Volkswagen,3400.0,van,175,1.4,Petrol,yes,2003,Caddy,22,7.95,8.131530710604252,0,0.0
Mitsubishi,7700.0,sedan,139,1.5,Petrol,yes,2008,Lancer X,17,8.18,8.948975607841776,0,0.0
Toyota,19000.0,crossover,263,4.2,Diesel,yes,2001,Land Cruiser 100,24,10.96,9.852194258148577,0,0.0
BMW,3500.0,sedan,185,2.0,Diesel,no,2002,320,23,8.04,8.160518247477505,1,2.0
Volkswagen,14800.0,other,177,2.0,Diesel,yes,2012,T5 (Transporter) ,13,13.62,9.602382459752207,0,0.0
Mitsubishi,36000.0,crossover,0,2.4,Petrol,yes,2016,Outlander,9,0.0,10.491274217438248,0,0.0
Volkswagen,13995.0,van,147,1.6,Diesel,yes,2013,Touran,12,12.25,9.546455401949554,0,0.0
Toyota,9900.0,sedan,130,2.3,Gas,yes,2006,Camry,19,6.84,9.20029003612268,0,0.0
Mitsubishi,7500.0,hatch,138,1.3,Petrol,yes,2008,Colt,17,8.12,8.922658299524402,0,0.0
Volkswagen,24800.0,sedan,2,1.6,Diesel,yes,2016,Jetta,9,0.22,10.118598932153073,0,0.0
Renault,7100.0,hatch,127,2.0,Gas,yes,2006,Laguna,19,6.68,8.867850063029406,0,0.0
Toyota,45000.0,crossover,80,4.0,Petrol,yes,2013,Land Cruiser Prado,12,6.67,10.714417768752456,0,0.0
Mercedes-Benz,2499.0,sedan,300,3.0,Diesel,no,1999,E-Class,26,11.54,7.823645930834952,1,3.0
Mitsubishi,9500.0,sedan,136,2.0,Petrol,yes,2008,Lancer X,17,8.0,9.159047077588632,0,0.0
BMW,21000.0,sedan,186,3.0,Petrol,yes,2007,530,18,10.33,9.95227771670556,1,3.0
Volkswagen,11450.0,van,140,2.0,Diesel,yes,2010,Caddy,15,9.33,9.345745008982385,0,0.0
Volkswagen,66346.0,crossover,0,3.0,Diesel,yes,2016,Touareg,9,0.0,11.102638751582846,0,0.0
Volkswagen,8200.0,hatch,164,1.4,Petrol,yes,2008,Polo,17,9.65,9.011889433252344,0,0.0
Renault,4599.0,van,190,1.5,Diesel,yes,2003,Kangoo,22,8.64,8.433594167539924,0,0.0
Volkswagen,8900.0,sedan,62,1.6,Petrol,yes,2012,Polo,13,4.77,9.093806555720231,0,0.0
Toyota,13900.0,hatch,79,1.6,Gas,yes,2012,Auris,13,6.08,9.539644119118783,0,0.0
BMW,5500.0,sedan,200,3.5,Gas,yes,1998,535,27,7.41,8.612503371220562,1,3.5
Mercedes-Benz,5500.0,sedan,360,2.0,Gas,yes,1994,E-Class,31,11.61,8.612503371220562,1,2.0
Volkswagen,5950.0,van,213,1.6,Gas,yes,2008,Caddy,17,12.53,8.691146498539675,0,0.0
Mitsubishi,18999.0,crossover,173,3.8,Gas,yes,2008,Pajero Wagon,17,10.18,9.85214162518454,0,0.0
Mercedes-Benz,124000.0,crossover,0,3.0,Petrol,yes,2016,GLS 400,9,0.0,11.728036844587175,1,3.0
Volkswagen,11500.0,sedan,130,2.0,Diesel,yes,2008,Passat B6,17,7.65,9.350102314351341,0,0.0
Mercedes-Benz,4500.0,sedan,240,3.2,Other,no,2005,C-Class,20,12.0,8.411832675758411,1,3.2
BMW,34900.0,crossover,35,3.0,Petrol,yes,2011,X3,14,2.5,10.460242108190519,1,3.0
Mitsubishi,12999.0,crossover,84,2.4,Petrol,yes,2009,Outlander XL,16,5.25,9.47262771040802,0,0.0
Toyota,20900.0,crossover,180,4.7,Gas,yes,2004,Land Cruiser 100,21,8.57,9.947504437952903,0,0.0
Mercedes-Benz,26900.0,sedan,150,5.5,Petrol,yes,2008,S 550,17,8.82,10.19988156558993,1,5.5
Volkswagen,49999.0,van,59,2.0,Diesel,yes,2014,Multivan,11,5.36,10.81975828421028,0,0.0
Mercedes-Benz,4000.0,crossover,287,4.0,Diesel,no,2003,ML 400,22,13.05,8.294049640102028,1,4.0
Volkswagen,52300.0,crossover,19,3.0,Diesel,yes,2014,Touareg,11,1.73,10.864751650053014,0,0.0
Mercedes-Benz,29500.0,sedan,37,1.8,Petrol,yes,2012,E-Class,13,2.85,10.292145542327912,1,1.8
Volkswagen,19100.0,other,120,1.4,Petrol,yes,2012,Scirocco,13,9.23,9.857443614034722,0,0.0
BMW,45500.0,other,26,2.0,Diesel,yes,2015,520,10,2.6,10.725467604939041,1,2.0
BMW,7200.0,sedan,255,2.8,Petrol,yes,1998,328,27,9.44,8.881836305004146,1,2.8
BMW,24700.0,vagon,142,2.0,Diesel,yes,2012,520,13,10.92,10.114558522616068,1,2.0
Toyota,21000.0,crossover,74,2.0,Petrol,yes,2011,Rav 4,14,5.29,9.95227771670556,0,0.0
Mitsubishi,14500.0,crossover,90,3.0,Petrol,yes,2008,Pajero Wagon,17,5.29,9.581903928408666,0,0.0
Mercedes-Benz,13800.0,sedan,222,3.0,Gas,yes,2007,E-Class,18,12.33,9.532423871145296,1,3.0
Volkswagen,25999.0,sedan,60,1.8,Petrol,yes,2014,Passat B7,11,5.45,10.165813354725493,0,0.0
Volkswagen,9555.0,sedan,174,2.0,Petrol,yes,2007,Passat B6,18,9.67,9.164819856674374,0,0.0
Renault,9700.0,van,152,2.0,Diesel,yes,2010,Trafic,15,10.13,9.179881164491475,0,0.0
Renault,11700.0,van,150,2.3,Diesel,yes,2012,Master,13,11.54,9.367344120785848,0,0.0
Volkswagen,5300.0,vagon,259,1.6,Gas,yes,1995,Passat B4,30,8.63,8.575462099540212,0,0.0
Audi,22500.0,sedan,159,5.2,Petrol,yes,2008,S8,17,9.35,10.021270588192511,1,5.2
Renault,8300.0,van,221,1.5,Diesel,yes,2009,Kangoo,16,13.81,9.02401079378469,0,0.0
Volkswagen,4900.0,van,198,1.6,Petrol,no,2004,Touran,21,9.43,8.496990484098719,0,0.0
BMW,8100.0,sedan,245,2.0,Diesel,no,2007,320,18,13.61,8.99961934066053,1,2.0
Volkswagen,4400.0,sedan,290,1.8,Gas,yes,1997,Vento,28,10.36,8.389359819906353,0,0.0
BMW,9500.0,crossover,110,3.0,Diesel,no,2008,X6,17,6.47,9.159047077588632,1,3.0
Audi,9500.0,vagon,160,2.7,Gas,yes,2003,A6 Allroad,22,7.27,9.159047077588632,1,2.7
Toyota,4350.0,sedan,35,2.2,Gas,yes,1999,Camry,26,1.35,8.37793112408273,0,0.0
Volkswagen,10000.0,van,224,2.5,Diesel,yes,2006,T5 (Transporter),19,11.79,9.210340371976184,0,0.0
BMW,65000.0,crossover,58,4.4,Petrol,yes,2014,X5,11,5.27,11.082142548877775,1,4.4
Renault,8200.0,hatch,79,1.6,Petrol,yes,2008,Laguna,17,4.65,9.011889433252344,0,0.0
Volkswagen,22000.0,crossover,98,2.0,Diesel,yes,2013,Tiguan,12,8.17,9.998797732340453,0,0.0
Volkswagen,13300.95,sedan,0,1.6,Petrol,yes,2016,Polo,9,0.0,9.495590740230375,0,0.0
Volkswagen,9300.0,vagon,150,2.0,Petrol,yes,2008,Passat B6,17,8.82,9.137769679141348,0,0.0
Volkswagen,6700.0,van,300,2.4,Diesel,yes,2000,T4 (Transporter),25,12.0,8.809862805379057,0,0.0
Mercedes-Benz,3900.0,sedan,385,1.8,Petrol,yes,1995,C-Class,30,12.83,8.268731832117737,1,1.8
Mercedes-Benz,2150.0,sedan,360,2.9,Diesel,no,1997,E-Class,28,12.86,7.673223121121708,1,2.9
Renault,11111.0,vagon,190,1.5,Diesel,yes,2011,Laguna,14,13.57,9.315690887584008,0,0.0
Renault,7500.0,other,160,2.0,Gas,yes,2006,Scenic,19,8.42,8.922658299524402,0,0.0
BMW,99999.0,other,0,3.0,Petrol,yes,2016,640,9,0.0,11.512915464920228,1,3.0
Volkswagen,20500.0,hatch,56,2.0,Diesel,yes,2014,Golf VII,11,5.09,9.9281801651265,0,0.0
Mercedes-Benz,119000.0,sedan,27,3.0,Diesel,yes,2014,S 350,11,2.45,11.686878772093667,1,3.0
Mitsubishi,40800.0,crossover,0,2.4,Diesel,yes,2016,Pajero Sport,9,0.0,10.616437360392252,0,0.0
Renault,10700.0,van,265,2.0,Diesel,yes,2007,Trafic,18,14.72,9.277999020449997,0,0.0
Volkswagen,69990.0,van,1,2.0,Diesel,yes,2015,Multivan,10,0.1,11.156107653683586,0,0.0
Volkswagen,12500.0,sedan,128,2.0,Petrol,yes,2007,Passat B6,18,7.11,9.433483923290392,0,0.0
Audi,15000.0,vagon,154,2.0,Diesel,yes,2008,A6,17,9.06,9.615805480084347,1,2.0
Mitsubishi,6300.0,sedan,126,1.6,Petrol,yes,2006,Lancer,19,6.63,8.748304912379623,0,0.0
Renault,13500.0,hatch,10,1.6,Petrol,yes,2014,Megane,11,0.91,9.51044496442652,0,0.0
Volkswagen,17800.0,crossover,210,3.0,Diesel,yes,2005,Touareg,20,10.5,9.786953736280177,0,0.0
Volkswagen,10000.0,van,71,1.2,Petrol,yes,2013,Caddy,12,5.92,9.210340371976184,0,0.0
Volkswagen,10800.0,other,146,1.6,Diesel,yes,2012,Caddy,13,11.23,9.287301413112312,0,0.0
Mercedes-Benz,10900.0,sedan,360,5.0,Gas,yes,2001,S 500,24,15.0,9.296518068217235,1,5.0
Volkswagen,15000.0,vagon,69,1.4,Petrol,yes,2012,Touran,13,5.31,9.615805480084347,0,0.0
Volkswagen,9850.0,sedan,110,2.0,Petrol,yes,2006,Passat B6,19,5.79,9.195226734166134,0,0.0
Mitsubishi,8500.0,crossover,320,3.0,Gas,yes,2000,Pajero Sport,25,12.8,9.047821442478408,0,0.0
Volkswagen,14900.0,vagon,170,1.6,Diesel,yes,2011,Passat B7,14,12.14,9.60911649193355,0,0.0
Mitsubishi,11500.0,sedan,72,2.4,Petrol,yes,2006,Lancer Evolution,19,3.79,9.350102314351341,0,0.0
Audi,8500.0,sedan,247,2.5,Diesel,yes,2001,A6,24,10.29,9.047821442478408,1,2.5
Mitsubishi,12900.0,sedan,40,2.0,Petrol,yes,2013,Lancer Evolution,12,3.33,9.464982590349763,0,0.0
Mitsubishi,30500.0,sedan,72,2.0,Petrol,yes,2006,Lancer Evolution,19,3.79,10.325481962595504,0,0.0
BMW,30500.0,sedan,73,2.0,Petrol,yes,2013,520,12,6.08,10.325481962595504,1,2.0
Mercedes-Benz,1650.0,sedan,257,1.8,Gas,no,1995,CL 180,30,8.57,7.408530566894626,1,1.8
Renault,9300.0,vagon,184,1.5,Diesel,yes,2011,Megane,14,13.14,9.137769679141348,0,0.0
Mercedes-Benz,30500.0,sedan,89,6.3,Petrol,yes,2008,CLS 63 AMG,17,5.24,10.325481962595504,1,6.3
Mercedes-Benz,16300.0,van,175,2.2,Diesel,yes,2010,Vito,15,11.67,9.698920386794853,1,2.2
Renault,5750.0,crossover,225,2.0,Gas,yes,2003,Scenic,22,10.23,8.656955133791396,0,0.0
Mercedes-Benz,54500.0,sedan,29,3.0,Diesel,yes,2012,CLS 350,13,2.23,10.905955980651335,1,3.0
Mercedes-Benz,11500.0,van,209,2.2,Diesel,yes,2008,Vito,17,12.29,9.350102314351341,1,2.2
Mercedes-Benz,53500.0,crossover,46,5.5,Petrol,yes,2008,G 500,17,2.71,10.887436932884098,1,5.5
Renault,11300.0,van,183,2.0,Diesel,yes,2011,Trafic,14,13.07,9.332558004700433,0,0.0
Volkswagen,13900.0,crossover,156,2.0,Diesel,yes,2012,T6 (Transporter) ,13,12.0,9.539644119118783,0,0.0
Audi,14300.0,sedan,175,3.0,Petrol,yes,2006,A6,19,9.21,9.568014816247999,1,3.0
Volkswagen,7500.0,van,280,1.6,Diesel,yes,2011,Caddy,14,20.0,8.922658299524402,0,0.0
Volkswagen,6999.0,hatch,195,1.4,Diesel,yes,2004,Golf V,21,9.29,8.85352256068954,0,0.0
Mitsubishi,11499.0,van,98,2.4,Petrol,yes,2008,Grandis,17,5.76,9.350015354048665,0,0.0
BMW,2850.0,sedan,214,1.9,Petrol,no,2000,318,25,8.56,7.955074273262696,1,1.9
Renault,7150.0,van,118,1.5,Diesel,yes,2008,Kangoo,17,6.94,8.874867635688053,0,0.0
Audi,25900.0,sedan,104,2.8,Petrol,yes,2010,A6,15,6.93,10.16199824768763,1,2.8
Toyota,12500.0,hatch,75,1.4,Diesel,yes,2012,Yaris,13,5.77,9.433483923290392,0,0.0
Mercedes-Benz,6200.0,van,196,2.2,Diesel,yes,2002,Vito,23,8.52,8.732304571033183,1,2.2
Toyota,28700.0,crossover,92,3.5,Gas,yes,2012,Highlander,13,7.08,10.264652401747712,0,0.0
Volkswagen,6000.0,van,419,2.4,Diesel,yes,1995,T4 (Transporter),30,13.97,8.699514748210191,0,0.0
Audi,44800.0,crossover,100,3.0,Diesel,yes,2014,Q7,11,9.09,10.709963418403076,1,3.0
BMW,37000.0,crossover,186,5.0,Petrol,yes,2008,X6,17,10.94,10.51867319162636,1,5.0
Audi,8000.0,sedan,234,2.4,Petrol,yes,1998,A6,27,8.67,8.987196820661973,1,2.4
Volkswagen,21500.0,sedan,1,1.4,Petrol,yes,2015,Jetta,10,0.1,9.975808214115753,0,0.0
BMW,4700.0,sedan,200,2.5,Petrol,yes,1995,525,30,6.67,8.45531778769815,1,2.5
Mitsubishi,15500.0,crossover,102,3.0,Petrol,yes,2009,Outlander XL,16,6.38,9.648595302907339,0,0.0
Renault,7900.0,van,149,1.5,Diesel,yes,2013,Kangoo,12,12.42,8.974618038455112,0,0.0
Toyota,32000.0,sedan,22,2.5,Petrol,yes,2015,Camry,10,2.2,10.373491181781864,0,0.0
BMW,26999.0,crossover,180,4.8,Gas,yes,2008,X5,17,10.59,10.203555107263542,1,4.8
Toyota,7500.0,vagon,196,1.59,Petrol,yes,2003,Corolla Verso,22,8.91,8.922658299524402,0,0.0
Mercedes-Benz,10999.0,van,191,2.2,Diesel,yes,2007,Vito,18,10.61,9.305559638557117,1,2.2
Mitsubishi,7300.0,sedan,121,1.6,Gas,yes,2008,Lancer,17,7.12,8.895629627136483,0,0.0
Mercedes-Benz,8000.0,van,280,2.2,Diesel,yes,2005,Vito,20,14.0,8.987196820661973,1,2.2
Mitsubishi,17555.0,crossover,115,3.0,Gas,yes,2008,Pajero Wagon,17,6.76,9.773094088602532,0,0.0
Volkswagen,38000.0,crossover,189,3.0,Diesel,yes,2012,Touareg,13,14.54,10.545341438708522,0,0.0
BMW,15400.0,vagon,179,2.0,Diesel,yes,2007,520,18,9.94,9.642122788401721,1,2.0
Volkswagen,10200.0,van,137,1.9,Diesel,yes,2008,Caddy,17,8.06,9.230142999272362,0,0.0
Mercedes-Benz,7900.0,van,234,2.2,Diesel,yes,2002,Vito,23,10.17,8.974618038455112,1,2.2
Mitsubishi,6700.0,sedan,161,1.6,Gas,yes,2006,Lancer,19,8.47,8.809862805379057,0,0.0
Mercedes-Benz,30000.0,other,176,5.5,Petrol,yes,2003,E-Class,22,8.0,10.308952660644293,1,5.5
Volkswagen,11000.0,vagon,210,1.9,Diesel,yes,2008,Touran,17,12.35,9.305650551780507,0,0.0
Mercedes-Benz,38500.0,sedan,56,2.2,Diesel,yes,2014,CLA-Class,11,5.09,10.558413520275876,1,2.2
Mercedes-Benz,7600.0,van,280,2.2,Diesel,yes,2001,Vito,24,11.67,8.935903526274423,1,2.2
Volkswagen,8900.0,hatch,90,1.9,Diesel,yes,2009,Golf V,16,5.62,9.093806555720231,0,0.0
Toyota,23400.0,crossover,120,4.0,Petrol,yes,2007,Land Cruiser Prado,18,6.67,10.060491301345794,0,0.0
Audi,37000.0,sedan,37,2.8,Petrol,yes,2012,A6,13,2.85,10.51867319162636,1,2.8
Renault,5600.0,vagon,151,1.5,Diesel,yes,2006,Kangoo,19,7.95,8.630521876723241,0,0.0
Volkswagen,18900.0,sedan,75,1.8,Petrol,yes,2011,Passat B7,14,5.36,9.846917201047734,0,0.0
Mercedes-Benz,15900.0,vagon,219,3.0,Diesel,yes,2007,E-Class,18,12.17,9.674074388208323,1,3.0
Mercedes-Benz,15200.0,sedan,170,2.8,Gas,yes,2007,E-Class,18,9.44,9.629050706834368,1,2.8
Volkswagen,20700.0,vagon,74,2.0,Diesel,yes,2013,Passat B7,12,6.17,9.93788897925346,0,0.0
BMW,8200.0,sedan,210,3.5,Petrol,yes,1999,735,26,8.08,9.011889433252344,1,3.5
Mitsubishi,5400.0,van,300,1.6,Petrol,yes,2002,Space Star,23,13.04,8.594154232552366,0,0.0
Mitsubishi,11700.0,sedan,82,1.5,Gas,yes,2010,Lancer X,15,5.47,9.367344120785848,0,0.0
Mitsubishi,12000.0,sedan,121,2.4,Gas,yes,2009,Galant,16,7.56,9.392661928770137,0,0.0
Volkswagen,8100.0,sedan,198,1.6,Petrol,yes,2007,Jetta,18,11.0,8.99961934066053,0,0.0
BMW,19999.0,sedan,290,4.8,Petrol,yes,2006,750,19,15.26,9.903437551286085,1,4.8
Audi,32000.0,sedan,103,2.0,Diesel,yes,2013,A6,12,8.58,10.373491181781864,1,2.0
Volkswagen,6200.0,van,340,1.8,Petrol,yes,1999,Sharan,26,13.08,8.732304571033183,0,0.0
BMW,1500.0,sedan,270,2.5,Diesel,no,1992,525,33,8.18,7.313220387090301,1,2.5
Volkswagen,17900.0,other,119,2.0,Diesel,yes,2012,T6 (Transporter),13,9.15,9.792555991828847,0,0.0
Mercedes-Benz,42500.0,sedan,140,5.5,Petrol,yes,2011,S 500,14,10.0,10.657259354912508,1,5.5
BMW,4000.0,sedan,335,2.0,Diesel,no,1999,320,26,12.88,8.294049640102028,1,2.0
Mitsubishi,13200.0,crossover,124,3.0,Gas,yes,2008,Pajero Sport,17,7.29,9.487972108574462,0,0.0
Mercedes-Benz,24990.0,sedan,85,5.5,Petrol,yes,2008,S 500,17,5.0,10.126231023828998,1,5.5
BMW,45200.0,crossover,68,3.0,Diesel,yes,2012,X5,13,5.23,10.718852365820323,1,3.0
Toyota,18400.0,crossover,160,4.7,Gas,yes,2003,Land Cruiser 100,22,7.27,9.820105943597078,0,0.0
Volkswagen,9500.0,van,212,1.9,Diesel,yes,2006,T5 (Transporter),19,11.16,9.159047077588632,0,0.0
Audi,25500.0,sedan,140,2.8,Petrol,yes,2012,A6,13,10.77,10.146433731146518,1,2.8
Volkswagen,14999.0,crossover,200,4.2,Petrol,yes,2007,Touareg,18,11.11,9.61573881119536,0,0.0
Volkswagen,10200.0,van,153,2.5,Diesel,yes,2007,T5 (Transporter),18,8.5,9.230142999272362,0,0.0
Mitsubishi,7900.0,sedan,238,2.0,Gas,yes,2008,Lancer X,17,14.0,8.974618038455112,0,0.0
BMW,52222.0,hatch,3,2.0,Diesel,yes,2016,4 Series Gran Coupe,9,0.33,10.86325914102182,1,2.0
Mitsubishi,9000.0,sedan,110,2.0,Petrol,yes,2008,Lancer X,17,6.47,9.104979856318357,0,0.0
Audi,4200.0,vagon,215,2.5,Diesel,no,2003,A6,22,9.77,8.34283980427146,1,2.5
Toyota,39500.0,other,100,4.5,Diesel,yes,2008,Land Cruiser 200,17,5.88,10.584055950889214,0,0.0
BMW,9000.0,sedan,245,3.0,Diesel,yes,2001,730,24,10.21,9.104979856318357,1,3.0
Mercedes-Benz,23900.0,sedan,96,3.5,Petrol,yes,2009,S 350,16,6.0,10.081633737919603,1,3.5
Mercedes-Benz,55000.0,crossover,128,3.0,Diesel,yes,2013,ML 350,12,10.67,10.915088464214607,1,3.0
Mercedes-Benz,11700.0,sedan,246,5.0,Petrol,yes,2004,S 500,21,11.71,9.367344120785848,1,5.0
Mitsubishi,40990.0,crossover,0,2.4,Diesel,yes,2016,Pajero Sport,9,0.0,10.621083413498383,0,0.0
BMW,42000.0,sedan,71,2.99,Petrol,yes,2011,535,14,5.07,10.645424897265505,1,2.99
Renault,12100.0,crossover,138,2.5,Gas,yes,2008,Koleos,17,8.12,9.400960731584833,0,0.0
Toyota,11400.0,sedan,118,1.4,Petrol,yes,2010,Corolla,15,7.87,9.341368634382587,0,0.0
Audi,7000.0,vagon,320,1.9,Diesel,yes,1996,A4,29,11.03,8.85366542803745,1,1.9
BMW,3500.0,hatch,1,2.0,Petrol,yes,2006,120,19,0.05,8.160518247477505,1,2.0
Mitsubishi,23800.0,crossover,45,2.5,Diesel,yes,2015,Pajero Sport,10,4.5,10.077440859659566,0,0.0
Mercedes-Benz,9500.0,other,220,2.2,Diesel,yes,2005,Vito,20,11.0,9.159047077588632,1,2.2
BMW,37500.0,other,55,2.0,Petrol,yes,2014,428,11,5.0,10.532096211958502,1,2.0
Renault,6000.0,van,1,1.9,Diesel,yes,2005,Trafic,20,0.05,8.699514748210191,0,0.0
Mercedes-Benz,10150.0,other,190,2.2,Diesel,yes,2008,Vito,17,11.18,9.225228984469933,1,2.2
Audi,8300.0,sedan,186,2.5,Diesel,yes,1996,A6,29,6.41,9.02401079378469,1,2.5
BMW,2600.0,sedan,270,2.0,Diesel,no,1998,320,27,10.0,7.8632667240095735,1,2.0
Mercedes-Benz,3500.0,sedan,250,2.7,Diesel,no,2001,E-Class,24,10.42,8.160518247477505,1,2.7
Mercedes-Benz,29900.0,crossover,86,3.0,Gas,yes,2010,GLK 300,15,5.73,10.305613759378778,1,3.0
Volkswagen,19999.0,sedan,107,1.8,Petrol,yes,2011,Passat B7,14,7.64,9.903437551286085,0,0.0
Volkswagen,6000.0,van,180,2.0,Diesel,yes,2008,Caddy,17,10.59,8.699514748210191,0,0.0
Mercedes-Benz,10900.0,van,360,2.2,Other,yes,2006,Vito,19,18.95,9.296518068217235,1,2.2
Volkswagen,9999.0,van,165,1.6,Diesel,yes,2012,Caddy,13,12.69,9.21024036697585,0,0.0
Volkswagen,12400.0,other,145,3.2,Petrol,yes,2007,Passat B6,18,8.06,9.425451751593128,0,0.0
Audi,3500.0,sedan,354,2.5,Diesel,no,2000,A6,25,14.16,8.160518247477505,1,2.5
BMW,20900.0,crossover,230,3.0,Diesel,yes,2006,X5,19,12.11,9.947504437952903,1,3.0
Audi,4150.0,sedan,220,2.5,Diesel,no,1999,A8,26,8.46,8.330863613224745,1,2.5
Volkswagen,4100.0,van,345,1.9,Diesel,no,2002,Sharan,23,15.0,8.318742252692399,0,0.0
Mercedes-Benz,28500.0,sedan,86,5.5,Petrol,yes,2007,S 500,18,4.78,10.257659366256743,1,5.5
Toyota,18900.0,crossover,90,2.0,Petrol,yes,2010,Rav 4,15,6.0,9.846917201047734,0,0.0
Mercedes-Benz,12500.0,van,167,2.2,Diesel,yes,2013,Vito,12,13.92,9.433483923290392,1,2.2
Renault,2700.0,other,160,2.0,Petrol,no,2001,Megane,24,6.67,7.90100705199242,0,0.0
Audi,10200.0,sedan,120,2.0,Petrol,yes,2006,A4,19,6.32,9.230142999272362,1,2.0
BMW,6900.0,sedan,238,3.5,Petrol,yes,1999,535,26,9.15,8.83927669058535,1,3.5
Mitsubishi,13200.0,crossover,79,2.4,Gas,yes,2009,Outlander,16,4.94,9.487972108574462,0,0.0
Mercedes-Benz,124999.0,crossover,0,3.0,Diesel,yes,2016,GLS 350,9,0.0,11.736061016252439,1,3.0
BMW,4100.0,sedan,200,2.7,Petrol,yes,1988,525,37,5.41,8.318742252692399,1,2.7
Mercedes-Benz,3200.0,sedan,229,2.7,Diesel,no,2001,E-Class,24,9.54,8.070906088787819,1,2.7
Toyota,13699.0,crossover,160,2.0,Petrol,yes,2007,Rav 4,18,8.89,9.52507811645139,0,0.0
Mitsubishi,5700.0,sedan,176,1.6,Petrol,yes,2004,Lancer,21,8.38,8.648221453822641,0,0.0
Mercedes-Benz,6500.0,other,215,2.2,Diesel,yes,2000,Vito,25,8.6,8.779557455883728,1,2.2
Volkswagen,44000.0,crossover,150,4.2,Diesel,yes,2011,Touareg,14,10.71,10.691944912900398,0,0.0
BMW,37000.0,sedan,130,3.0,Petrol,yes,2011,535,14,9.29,10.51867319162636,1,3.0
BMW,29500.0,crossover,189,3.0,Diesel,yes,2009,X5,16,11.81,10.292145542327912,1,3.0
Mercedes-Benz,99000.0,van,5,1.6,Diesel,yes,2013,Viano,12,0.42,11.502875129116727,1,1.6
Volkswagen,4900.0,sedan,350,2.0,Gas,yes,2000,Bora,25,14.0,8.496990484098719,0,0.0
Renault,5950.0,sedan,277,1.5,Diesel,yes,2005,Megane,20,13.85,8.691146498539675,0,0.0
Mercedes-Benz,18300.0,sedan,155,3.0,Petrol,yes,2007,C-Class,18,8.61,9.814656338829513,1,3.0
Mercedes-Benz,4700.0,sedan,280,2.8,Petrol,yes,1993,E-Class,32,8.75,8.45531778769815,1,2.8
Toyota,37500.0,crossover,115,5.7,Petrol,yes,2008,Land Cruiser 200,17,6.76,10.532096211958502,0,0.0
Volkswagen,15000.0,van,230,2.5,Diesel,yes,2007,T5 (Transporter),18,12.78,9.615805480084347,0,0.0
Mercedes-Benz,6900.0,sedan,350,3.0,Diesel,yes,1994,E-Class,31,11.29,8.83927669058535,1,3.0
Mercedes-Benz,8300.0,van,230,2.2,Diesel,yes,2004,Vito,21,10.95,9.02401079378469,1,2.2
Renault,3600.0,van,199,1.9,Diesel,yes,2000,Kangoo,25,7.96,8.1886891244442,0,0.0
Audi,2500.0,vagon,280,2.5,Other,no,1999,A6,26,10.77,7.824046010856292,1,2.5
Volkswagen,40500.0,crossover,37,3.0,Diesel,yes,2012,Touareg,13,2.85,10.60905725309463,0,0.0
Mercedes-Benz,85000.0,van,3,2.2,Diesel,yes,2016,V 250,9,0.33,11.350406535472453,1,2.2
Audi,4800.0,sedan,341,2.8,Petrol,yes,1992,100,33,10.33,8.476371196895983,1,2.8
Mercedes-Benz,9500.0,vagon,180,3.2,Diesel,yes,2002,E-Class,23,7.83,9.159047077588632,1,3.2
Toyota,12700.0,sedan,160,2.4,Gas,yes,2005,Camry,20,8.0,9.449357272446683,0,0.0
Volkswagen,10799.0,van,128,1.9,Diesel,yes,2010,Caddy,15,8.53,9.28720881623276,0,0.0
Audi,27300.0,other,150,4.2,Petrol,yes,2007,Q7,18,8.33,10.21464198117305,1,4.2
Toyota,21999.0,other,65,2.5,Petrol,yes,2012,Camry,13,5.0,9.998752276761909,0,0.0
Mercedes-Benz,14500.0,van,300,2.2,Diesel,yes,2005,Sprinter 313,20,15.0,9.581903928408666,1,2.2
Audi,12500.0,sedan,146,1.8,Petrol,yes,2007,A4,18,8.11,9.433483923290392,1,1.8
Renault,7200.0,van,123,1.5,Diesel,yes,2012,Kangoo,13,9.46,8.881836305004146,0,0.0
Mitsubishi,8200.0,sedan,160,2.0,Gas,yes,2007,Lancer X,18,8.89,9.011889433252344,0,0.0
Volkswagen,13200.0,van,150,1.4,Gas,yes,2012,Touran,13,11.54,9.487972108574462,0,0.0
Audi,22500.0,sedan,124,3.0,Diesel,yes,2008,A8,17,7.29,10.021270588192511,1,3.0
BMW,4000.0,sedan,230,2.0,Diesel,no,2003,320,22,10.45,8.294049640102028,1,2.0
Toyota,11300.0,sedan,260,3.5,Gas,yes,2007,Camry,18,14.44,9.332558004700433,0,0.0
Toyota,9300.0,sedan,185,1.6,Gas,yes,2008,Corolla,17,10.88,9.137769679141348,0,0.0
Mitsubishi,20000.0,crossover,135,2.5,Diesel,yes,2011,Pajero Sport,14,9.64,9.903487552536127,0,0.0
Volkswagen,17000.0,other,184,3.6,Petrol,yes,2008,Passat B6,17,10.82,9.740968623038354,0,0.0
BMW,56500.0,crossover,45,3.0,Diesel,yes,2014,X6,11,4.09,10.941995917134532,1,3.0
BMW,8700.0,sedan,355,3.0,Diesel,yes,2000,730,25,14.2,9.071078304642676,1,3.0
BMW,4600.0,sedan,340,2.0,Gas,yes,1995,520,30,11.33,8.433811582477187,1,2.0
Mercedes-Benz,35000.0,crossover,154,3.2,Diesel,yes,2008,GL 320,17,9.06,10.46310334047155,1,3.2
Volkswagen,6900.0,sedan,256,1.8,Petrol,yes,2002,Passat B5,23,11.13,8.83927669058535,0,0.0
Volkswagen,4200.0,van,210,2.0,Diesel,no,2004,Touran,21,10.0,8.34283980427146,0,0.0
Mitsubishi,22500.0,other,57,2.5,Other,yes,2013,L 200,12,4.75,10.021270588192511,0,0.0
Volkswagen,4500.0,van,380,2.0,Diesel,yes,2004,Caddy,21,18.1,8.411832675758411,0,0.0
Volkswagen,4800.0,hatch,90,1.9,Diesel,yes,1992,Golf III,33,2.73,8.476371196895983,0,0.0
Volkswagen,10900.0,sedan,136,1.8,Petrol,yes,2008,Passat B6,17,8.0,9.296518068217235,0,0.0
Volkswagen,9900.0,other,178,2.5,Diesel,yes,2007,T5 (Transporter),18,9.89,9.20029003612268,0,0.0
Mercedes-Benz,11900.0,sedan,110,2.57,Petrol,yes,2004,C-Class,21,5.24,9.38429367909962,1,2.57
Mercedes-Benz,5200.0,sedan,370,2.0,Petrol,yes,1997,E-Class,28,13.21,8.556413904569519,1,2.0
Volkswagen,17400.0,sedan,73,1.8,Petrol,yes,2012,Passat B7,13,5.62,9.764225485202621,0,0.0
Renault,6799.0,van,140,1.5,Diesel,yes,2012,Kangoo,13,10.77,8.82453082152646,0,0.0
Mercedes-Benz,2300.0,sedan,300,2.0,Petrol,yes,1991,E-Class,34,8.82,7.7406644019172415,1,2.0
Mercedes-Benz,32800.0,crossover,109,3.0,Diesel,yes,2011,ML 350,14,7.79,10.398183794372235,1,3.0
Volkswagen,4999.0,sedan,145,2.0,Petrol,yes,2000,Jetta,25,5.8,8.51699317141357,0,0.0
Volkswagen,10900.0,vagon,185,1.4,Petrol,yes,2011,Golf VI,14,13.21,9.296518068217235,0,0.0
Mercedes-Benz,34999.0,other,85,5.5,Petrol,yes,2008,CL 55 AMG,17,5.0,10.463074768634808,1,5.5
Volkswagen,4100.0,hatch,160,1.8,Petrol,yes,2006,Pointer,19,8.42,8.318742252692399,0,0.0
Toyota,9000.0,sedan,232,2.4,Petrol,yes,2005,Camry,20,11.6,9.104979856318357,0,0.0
Toyota,18900.0,crossover,161,2.7,Gas,yes,2005,Land Cruiser Prado,20,8.05,9.846917201047734,0,0.0
Volkswagen,16500.0,sedan,123,1.8,Petrol,yes,2010,Passat B6,15,8.2,9.711115659888671,0,0.0
Toyota,14474.0,crossover,115,2.0,Petrol,yes,2007,Rav 4,18,6.39,9.580109215426074,0,0.0
BMW,3999.0,sedan,250,3.0,Diesel,no,2000,530,25,10.0,8.293799608846818,1,3.0
Audi,5000.0,sedan,370,2.3,Petrol,yes,1991,100,34,10.88,8.517193191416238,1,2.3
Toyota,9200.0,sedan,250,2.4,Gas,yes,2003,Camry,22,11.36,9.126958763037132,0,0.0
Volkswagen,6000.0,vagon,250,5.0,Diesel,yes,1995,Passat B4,30,8.33,8.699514748210191,0,0.0
Volkswagen,13300.0,sedan,133,1.8,Petrol,yes,2008,Passat B6,17,7.82,9.495519314209846,0,0.0
Renault,17639.47,crossover,0,1.2,Petrol,yes,2016,Captur,9,0.0,9.777894283757938,0,0.0
BMW,27500.0,sedan,100,2.0,Petrol,yes,2012,520,13,7.69,10.221941283654663,1,2.0
BMW,13200.0,sedan,150,2.2,Petrol,yes,2004,520,21,7.14,9.487972108574462,1,2.2
Audi,35500.0,crossover,130,3.0,Diesel,yes,2010,Q7,15,8.67,10.477287975463508,1,3.0
Toyota,41900.0,crossover,89,4.5,Diesel,yes,2012,Land Cruiser 200,13,6.85,10.643041105910228,0,0.0
Renault,10500.0,crossover,93,1.5,Diesel,yes,2011,Duster,14,6.64,9.259130536145614,0,0.0
Mercedes-Benz,9999.0,sedan,250,2.2,Diesel,yes,2000,E-Class,25,10.0,9.21024036697585,1,2.2
Mercedes-Benz,24800.0,other,160,3.0,Diesel,yes,2007,S 320,18,8.89,10.118598932153073,1,3.0
Mercedes-Benz,3300.0,sedan,330,2.0,Gas,yes,1988,190,37,8.92,8.101677747454572,1,2.0
Mitsubishi,6900.0,sedan,122,1.6,Petrol,yes,2008,Lancer,17,7.18,8.83927669058535,0,0.0
Renault,7300.0,van,212,1.5,Diesel,yes,2009,Kangoo,16,13.25,8.895629627136483,0,0.0
Mitsubishi,11500.0,crossover,142,2.4,Petrol,yes,2006,Outlander,19,7.47,9.350102314351341,0,0.0
Toyota,36800.0,crossover,77,3.0,Diesel,yes,2012,Land Cruiser Prado,13,5.92,10.513253124157023,0,0.0
Mitsubishi,8300.0,crossover,161,2.0,Petrol,yes,2005,Outlander,20,8.05,9.02401079378469,0,0.0
Mercedes-Benz,13200.0,van,260,2.2,Diesel,yes,2008,Sprinter 213,17,15.29,9.487972108574462,1,2.2
Mercedes-Benz,28900.0,other,78,3.5,Petrol,yes,2010,E-Class,15,5.2,10.271596874100524,1,3.5
BMW,6900.0,sedan,280,2.0,Gas,yes,2000,320,25,11.2,8.83927669058535,1,2.0
Renault,7600.0,sedan,97,1.6,Petrol,yes,2008,Megane,17,5.71,8.935903526274423,0,0.0
BMW,27500.0,sedan,170,2.0,Diesel,yes,2011,520,14,12.14,10.221941283654663,1,2.0
BMW,30000.0,sedan,78,3.8,Petrol,yes,1993,M5,32,2.44,10.308952660644293,1,3.8
Volkswagen,7700.0,sedan,180,1.8,Petrol,yes,2004,Passat B5,21,8.57,8.948975607841776,0,0.0
Mercedes-Benz,11300.0,other,220,3.2,Diesel,yes,2003,E-Class,22,10.0,9.332558004700433,1,3.2
Toyota,12200.0,sedan,157,2.4,Gas,yes,2009,Camry,16,9.81,9.409191230721348,0,0.0
Mercedes-Benz,50900.0,crossover,85,3.0,Diesel,yes,2013,ML 350,12,7.08,10.837618202538614,1,3.0
Mercedes-Benz,33900.0,other,100,5.5,Petrol,yes,2007,CL 500,18,5.56,10.431170293368542,1,5.5
Renault,11900.0,van,143,2.0,Diesel,yes,2009,Trafic,16,8.94,9.38429367909962,0,0.0
Mitsubishi,7400.0,sedan,189,1.6,Petrol,yes,2006,Lancer,19,9.95,8.909235279192261,0,0.0
BMW,10800.0,sedan,288,4.4,Gas,yes,2002,745,23,12.52,9.287301413112312,1,4.4
Toyota,22700.0,crossover,128,4.0,Gas,yes,2007,Land Cruiser Prado,18,7.11,10.030120203469494,0,0.0
Mercedes-Benz,15000.0,sedan,67,2.8,Other,yes,1995,E-Class,30,2.23,9.615805480084347,1,2.8
Renault,8300.0,hatch,168,1.6,Petrol,yes,2009,Laguna,16,10.5,9.02401079378469,0,0.0
Renault,8499.0,van,120,1.5,Diesel,yes,2014,Kangoo,11,10.91,9.047703788498627,0,0.0
Volkswagen,8950.0,sedan,140,1.6,Petrol,yes,2012,Polo,13,10.77,9.099408811268901,0,0.0
Volkswagen,7500.0,sedan,272,2.8,Gas,yes,2002,Passat B5,23,11.83,8.922658299524402,0,0.0
Volkswagen,6650.0,van,223,1.9,Diesel,yes,2007,Caddy,18,12.39,8.8023721336499,0,0.0
Audi,6500.0,sedan,365,4.2,Gas,yes,1995,A8,30,12.17,8.779557455883728,1,4.2
Volkswagen,8700.0,van,158,2.5,Diesel,yes,2003,T5 (Transporter),22,7.18,9.071078304642676,0,0.0
Volkswagen,12000.0,sedan,152,1.8,Petrol,yes,2008,Passat B6,17,8.94,9.392661928770137,0,0.0
Audi,16800.0,sedan,47,1.2,Petrol,yes,2013,A3,12,3.92,9.72913416539135,1,1.2
Toyota,24000.0,sedan,16,2.5,Petrol,yes,2013,Camry,12,1.33,10.085809109330082,0,0.0
Volkswagen,20900.0,sedan,82,2.0,Diesel,yes,2012,Passat B7,13,6.31,9.947504437952903,0,0.0
Volkswagen,17500.0,sedan,76,1.8,Petrol,yes,2012,Passat B7,13,5.85,9.769956159911606,0,0.0
Mercedes-Benz,38200.0,sedan,39,1.6,Petrol,yes,2015,C-Class,10,3.9,10.550590794594667,1,1.6
Mercedes-Benz,5400.0,other,300,3.2,Gas,yes,1997,E-Class,28,10.71,8.594154232552366,1,3.2
Volkswagen,17800.0,sedan,180,3.0,Diesel,yes,2007,Touareg,18,10.0,9.786953736280177,0,0.0
BMW,13000.0,sedan,90,5.0,Petrol,no,2008,M5,17,5.29,9.472704636443673,1,5.0
Volkswagen,10950.0,van,177,2.0,Diesel,yes,2011,Caddy,14,12.64,9.301094735244646,0,0.0
Mercedes-Benz,3800.0,crossover,250,3.2,Gas,no,1998,ML 320,27,9.26,8.242756345714477,1,3.2
Mitsubishi,7300.0,sedan,137,1.6,Gas,yes,2006,Lancer,19,7.21,8.895629627136483,0,0.0
Mercedes-Benz,19900.0,other,52,1.8,Petrol,yes,2007,SLK 200,18,2.89,9.898475010712584,1,1.8
Mercedes-Benz,7300.0,vagon,380,2.9,Diesel,yes,1997,E-Class,28,13.57,8.895629627136483,1,2.9
Audi,9800.0,vagon,253,1.9,Diesel,yes,2002,A6,23,11.0,9.190137664658664,1,1.9
Renault,6450.0,van,186,1.5,Diesel,yes,2011,Kangoo,14,13.29,8.771835409789817,0,0.0
Volkswagen,28500.0,other,38,2.0,Diesel,yes,2015,Tiguan,10,3.8,10.257659366256743,0,0.0
Renault,10600.0,vagon,220,2.5,Other,yes,2006,Trafic,19,11.58,9.268609280100158,0,0.0
Volkswagen,11900.0,sedan,144,1.6,Gas,yes,2009,Jetta,16,9.0,9.38429367909962,0,0.0
Toyota,7900.0,sedan,170,3.0,Petrol,yes,2004,Camry,21,8.1,8.974618038455112,0,0.0
Mercedes-Benz,43900.0,crossover,89,3.0,Diesel,yes,2012,ML 350,13,6.85,10.689669599063263,1,3.0
Volkswagen,8800.0,van,145,2.0,Gas,yes,2011,Caddy,14,10.36,9.082507000466299,0,0.0
Volkswagen,8400.0,sedan,230,1.8,Gas,yes,2003,Passat B5,22,10.45,9.035986984831405,0,0.0
Volkswagen,25200.0,crossover,78,2.0,Diesel,yes,2012,Tiguan,13,6.0,10.134599273499514,0,0.0
Renault,12499.0,van,78,2.0,Diesel,yes,2012,Trafic,13,6.0,9.433403920090221,0,0.0
Volkswagen,8900.0,van,167,2.0,Gas,yes,2011,Caddy,14,11.93,9.093806555720231,0,0.0
Volkswagen,15900.0,vagon,1,2.0,Diesel,yes,2012,T6 (Transporter) ,13,0.08,9.674074388208323,0,0.0
BMW,20000.0,sedan,230,6.0,Petrol,yes,2008,760,17,13.53,9.903487552536127,1,6.0
BMW,69999.0,crossover,0,2.5,Diesel,yes,2016,X5,9,0.0,11.156236235215168,1,2.5
Volkswagen,10000.0,sedan,98,1.6,Petrol,yes,2013,Polo,12,8.17,9.210340371976184,0,0.0
Renault,12179.0,vagon,95,1.5,Diesel,yes,2012,Megane,13,7.31,9.407468436087111,0,0.0
Toyota,20900.0,crossover,69,2.7,Petrol,yes,2008,Land Cruiser Prado,17,4.06,9.947504437952903,0,0.0
BMW,7400.0,sedan,277,3.5,Gas,yes,1998,535,27,10.26,8.909235279192261,1,3.5
Audi,18300.0,sedan,125,2.0,Diesel,yes,2009,A6,16,7.81,9.814656338829513,1,2.0
BMW,2500.0,sedan,242,3.0,Diesel,no,2001,530,24,10.08,7.824046010856292,1,3.0
Audi,52999.0,crossover,112,4.2,Diesel,yes,2008,Q7,17,6.59,10.878028324431728,1,4.2
Audi,1750.0,vagon,330,1.9,Diesel,no,1996,A4,29,11.38,7.4673710669175595,1,1.9
Renault,6000.0,vagon,225,1.5,Diesel,yes,2004,Megane,21,10.71,8.699514748210191,0,0.0
BMW,40000.0,crossover,48,4.4,Petrol,yes,2009,X6,16,3.0,10.596634733096073,1,4.4
Mercedes-Benz,103333.0,crossover,0,3.0,Diesel,yes,2016,GLE-Class,9,0.0,11.545712061981565,1,3.0
Mercedes-Benz,14800.0,sedan,218,3.2,Diesel,yes,2004,S 320,21,10.38,9.602382459752207,1,3.2
Mercedes-Benz,12900.0,hatch,130,2.0,Petrol,yes,2007,B 200,18,7.22,9.464982590349763,1,2.0
Volkswagen,21900.0,crossover,136,3.0,Diesel,yes,2008,Touareg,17,8.0,9.994241915804592,0,0.0
BMW,5300.0,sedan,204,1.8,Petrol,yes,1993,318,32,6.38,8.575462099540212,1,1.8
Mitsubishi,1599.0,sedan,156,1.8,Petrol,yes,1989,Galant,36,4.33,7.377133712833954,0,0.0
BMW,2300.0,sedan,189,1.8,Petrol,no,2002,318,23,8.22,7.7406644019172415,1,1.8
Renault,7200.0,sedan,69,1.4,Petrol,yes,2012,Symbol,13,5.31,8.881836305004146,0,0.0
Mitsubishi,11300.0,crossover,209,3.5,Petrol,yes,1999,Pajero Wagon,26,8.04,9.332558004700433,0,0.0
Toyota,12800.0,sedan,123,3.5,Petrol,yes,2007,Camry,18,6.83,9.457200449907708,0,0.0
Audi,46000.0,sedan,170,4.2,Diesel,yes,2011,A8,14,12.14,10.736396675471232,1,4.2
BMW,2500.0,sedan,290,2.0,Diesel,no,1999,320,26,11.15,7.824046010856292,1,2.0
Volkswagen,22500.0,other,200,2.0,Petrol,yes,2011,Scirocco,14,14.29,10.021270588192511,0,0.0
Toyota,36700.0,crossover,43,3.0,Diesel,yes,2012,Land Cruiser Prado,13,3.31,10.510532034042662,0,0.0
BMW,25500.0,crossover,130,3.0,Gas,yes,2007,X5,18,7.22,10.146433731146518,1,3.0
Volkswagen,9300.0,van,220,2.5,Diesel,yes,2003,T4 (Transporter),22,10.0,9.137769679141348,0,0.0
Mercedes-Benz,11299.0,van,1,2.2,Other,yes,2006,Vito,19,0.05,9.332469505209247,1,2.2
Toyota,12900.0,hatch,37,1.4,Petrol,yes,2013,Auris,12,3.08,9.464982590349763,0,0.0
Toyota,23600.0,sedan,105,2.5,Gas,yes,2012,Camry,13,8.08,10.069001991013701,0,0.0
Toyota,21900.0,crossover,110,4.0,Gas,yes,2006,FJ Cruiser,19,5.79,9.994241915804592,0,0.0
Renault,4350.0,van,198,1.5,Diesel,yes,2004,Kangoo,21,9.43,8.37793112408273,0,0.0
Audi,3100.0,vagon,210,2.5,Diesel,no,2000,A6,25,8.4,8.039157390473237,1,2.5
BMW,7400.0,sedan,290,3.0,Petrol,yes,2000,330,25,11.6,8.909235279192261,1,3.0
Volkswagen,10999.0,van,95,1.6,Diesel,yes,2012,Caddy,13,7.31,9.305559638557117,0,0.0
Mitsubishi,18700.0,crossover,52,2.0,Petrol,yes,2013,Outlander XL,12,4.33,9.836278802842678,0,0.0
Mercedes-Benz,18200.0,sedan,103,2.0,Gas,yes,2007,C-Class,18,5.72,9.809176873064887,1,2.0
Mercedes-Benz,12500.0,sedan,230,5.0,Petrol,yes,2002,E-Class,23,10.0,9.433483923290392,1,5.0
Mercedes-Benz,12900.0,hatch,150,2.0,Diesel,yes,2008,B 180,17,8.82,9.464982590349763,1,2.0
Volkswagen,12500.0,sedan,161,2.0,Petrol,yes,2006,Passat B6,19,8.47,9.433483923290392,0,0.0
Toyota,25500.0,sedan,58,2.5,Petrol,yes,2015,Camry,10,5.8,10.146433731146518,0,0.0
BMW,12799.0,sedan,181,2.2,Gas,yes,2004,520,21,8.62,9.457122321855792,1,2.2
Volkswagen,6300.0,crossover,213,2.5,Diesel,no,2004,Touareg,21,10.14,8.748304912379623,0,0.0
Volkswagen,8800.0,hatch,168,1.2,Diesel,yes,2013,Polo,12,14.0,9.082507000466299,0,0.0
Volkswagen,30000.0,van,135,2.0,Diesel,yes,2011,Multivan,14,9.64,10.308952660644293,0,0.0
Volkswagen,15880.0,vagon,139,1.4,Gas,yes,2011,Passat B7,14,9.93,9.672815734801127,0,0.0
Audi,8150.0,sedan,162,2.0,Petrol,yes,2004,A4,21,7.71,9.005773206234908,1,2.0
Renault,3400.0,hatch,77,1.8,Other,yes,1994,Laguna,31,2.48,8.131530710604252,0,0.0
Toyota,13000.0,hatch,42,1.3,Petrol,yes,2013,Auris,12,3.5,9.472704636443673,0,0.0
Toyota,37700.0,crossover,62,3.0,Diesel,yes,2013,Land Cruiser Prado,12,5.17,10.537415373436103,0,0.0
BMW,11700.0,sedan,270,3.0,Diesel,yes,2003,530,22,12.27,9.367344120785848,1,3.0
Mercedes-Benz,62999.0,crossover,0,2.2,Diesel,yes,2016,GLC-Class,9,0.0,11.050874132231819,1,2.2
Renault,13321.33,crossover,0,1.5,Diesel,yes,2016,Sandero StepWay,9,0.0,9.497121788959566,0,0.0
BMW,115800.0,crossover,4,3.0,Diesel,yes,2016,X5 M,9,0.44,11.659619844121032,1,3.0
Mercedes-Benz,27300.0,crossover,185,3.0,Diesel,yes,2008,GL 320,17,10.88,10.21464198117305,1,3.0
Toyota,64000.0,crossover,128,4.5,Diesel,yes,2013,Land Cruiser 200,12,10.67,11.06663836234181,0,0.0
Mitsubishi,11900.0,crossover,129,2.5,Diesel,yes,2007,Pajero Sport,18,7.17,9.38429367909962,0,0.0
BMW,47500.0,sedan,0,2.0,Diesel,yes,2016,320,9,0.0,10.768484990022733,1,2.0
BMW,12800.0,sedan,140,2.2,Petrol,yes,2005,520,20,7.0,9.457200449907708,1,2.2
Mercedes-Benz,3900.0,sedan,375,2.0,Petrol,yes,1990,190,35,10.71,8.268731832117737,1,2.0
Volkswagen,12650.0,hatch,11,1.0,Petrol,yes,2014,Up,11,1.0,9.445412494155667,0,0.0
Volkswagen,5600.0,vagon,235,1.4,Petrol,yes,2000,Golf IV,25,9.4,8.630521876723241,0,0.0
Mercedes-Benz,19600.0,vagon,127,1.8,Diesel,yes,2013,B 180,12,10.58,9.883284845218608,1,1.8
Toyota,28900.0,sedan,15,2.5,Petrol,yes,2015,Camry,10,1.5,10.271596874100524,0,0.0
Volkswagen,10900.0,sedan,273,2.0,Petrol,yes,2006,Passat B6,19,14.37,9.296518068217235,0,0.0
Volkswagen,11500.0,sedan,169,1.8,Petrol,yes,2008,Passat B6,17,9.94,9.350102314351341,0,0.0
Mitsubishi,9950.0,crossover,275,3.5,Gas,yes,2000,Pajero Wagon,25,11.0,9.205327830152639,0,0.0
Mercedes-Benz,23800.0,sedan,195,2.2,Diesel,yes,2010,E-Class,15,13.0,10.077440859659566,1,2.2
Renault,8750.0,vagon,46,1.6,Petrol,yes,2012,Logan,13,3.54,9.07680897935166,0,0.0
Toyota,19900.0,sedan,28,1.6,Petrol,yes,2014,Corolla,11,2.55,9.898475010712584,0,0.0
Audi,6000.0,sedan,226,1.8,Petrol,yes,1995,A4,30,7.53,8.699514748210191,1,1.8
Volkswagen,12900.0,sedan,136,1.6,Diesel,yes,2010,Passat B6,15,9.07,9.464982590349763,0,0.0
BMW,8999.0,sedan,221,4.5,Petrol,yes,2002,745,23,9.61,9.104868739033948,1,4.5
Volkswagen,8700.0,van,244,2.5,Diesel,yes,2001,T4 (Transporter),24,10.17,9.071078304642676,0,0.0
Toyota,19800.0,crossover,44,2.0,Petrol,yes,2013,Rav 4,12,3.67,9.893437216682626,0,0.0
Volkswagen,9000.0,sedan,51,1.6,Petrol,yes,2013,Polo,12,4.25,9.104979856318357,0,0.0
Volkswagen,21000.0,vagon,58,2.0,Diesel,yes,2013,Passat B7,12,4.83,9.95227771670556,0,0.0
Audi,2100.0,vagon,275,2.5,Diesel,no,1998,A4,27,10.19,7.649692623711514,1,2.5
Mercedes-Benz,5000.0,van,400,2.3,Diesel,yes,1998,Vito,27,14.81,8.517193191416238,1,2.3
Toyota,9500.0,other,90,1.6,Other,yes,2008,Corolla,17,5.29,9.159047077588632,0,0.0
Volkswagen,34500.0,van,167,2.0,Diesel,yes,2013,Multivan,12,13.92,10.448714603019452,0,0.0
Toyota,9800.0,hatch,98,1.6,Gas,yes,2008,Auris,17,5.76,9.190137664658664,0,0.0
Audi,10399.0,sedan,293,1.8,Gas,yes,2004,A4,21,13.95,9.249464926660233,1,1.8
Mercedes-Benz,42000.0,sedan,38,2.2,Diesel,yes,2014,CLA 220,11,3.45,10.645424897265505,1,2.2
Audi,14500.0,hatch,60,1.2,Petrol,yes,2011,A1,14,4.29,9.581903928408666,1,1.2
Toyota,13621.43,sedan,0,1.3,Petrol,yes,2015,Corolla,10,0.0,9.519399566850016,0,0.0
BMW,3300.0,sedan,250,3.0,Diesel,no,2000,530,25,10.0,8.101677747454572,1,3.0
Volkswagen,34899.14,vagon,0,2.0,Petrol,yes,2016,Passat B8,9,0.0,10.460217466053093,0,0.0
Mercedes-Benz,4500.0,van,180,2.3,Diesel,yes,1998,Vito,27,6.67,8.411832675758411,1,2.3
Volkswagen,1800.0,vagon,280,1.9,Diesel,yes,1996,Golf III,29,9.66,7.495541943884256,0,0.0
Mitsubishi,12999.0,crossover,140,2.4,Gas,yes,2007,Outlander XL,18,7.78,9.47262771040802,0,0.0
Volkswagen,8800.0,van,240,1.9,Diesel,yes,2003,T5 (Transporter),22,10.91,9.082507000466299,0,0.0
Audi,22000.0,crossover,152,4.2,Petrol,yes,2007,Q7,18,8.44,9.998797732340453,1,4.2
Toyota,35555.0,crossover,40,3.5,Petrol,yes,2013,Highlander,12,3.33,10.478836072317618,0,0.0
Volkswagen,2600.0,sedan,330,1.9,Petrol,no,1999,Passat B5,26,12.69,7.8632667240095735,0,0.0
Volkswagen,11818.95,sedan,1,1.6,Petrol,yes,2014,Polo,11,0.09,9.37745945452694,0,0.0
Renault,8000.0,van,207,1.9,Diesel,yes,2003,Trafic,22,9.41,8.987196820661973,0,0.0
Audi,52055.25,crossover,0,2.0,Diesel,yes,2016,Q5,9,0.0,10.860060933509942,1,2.0
Audi,5300.0,other,182,2.5,Diesel,no,2002,A4,23,7.91,8.575462099540212,1,2.5
Renault,1800.0,van,123,1.9,Diesel,yes,2004,Kangoo,21,5.86,7.495541943884256,0,0.0
Volkswagen,8500.0,van,216,1.9,Diesel,yes,2005,Caddy,20,10.8,9.047821442478408,0,0.0
Mercedes-Benz,99999.0,crossover,30,5.0,Petrol,yes,2013,G 500,12,2.5,11.512915464920228,1,5.0
Toyota,23000.0,crossover,233,4.0,Gas,yes,2006,Land Cruiser Prado,19,12.26,10.043249494911286,0,0.0
Audi,11900.0,sedan,131,2.0,Petrol,yes,2007,A4,18,7.28,9.38429367909962,1,2.0
Mercedes-Benz,6999.0,sedan,200,2.6,Gas,yes,2001,C-Class,24,8.33,8.85352256068954,1,2.6
Toyota,9999.0,sedan,345,3.0,Gas,yes,2005,Camry,20,17.25,9.21024036697585,0,0.0
Audi,8999.0,vagon,200,2.7,Petrol,yes,2003,A6 Allroad,22,9.09,9.104868739033948,1,2.7
Renault,10800.0,other,206,2.0,Diesel,yes,2008,Trafic,17,12.12,9.287301413112312,0,0.0
Mercedes-Benz,11500.0,van,200,2.2,Diesel,yes,2010,Vito,15,13.33,9.350102314351341,1,2.2
Mitsubishi,2300.0,sedan,420,1.8,Petrol,yes,1991,Galant,34,12.35,7.7406644019172415,0,0.0
Audi,2000.0,vagon,310,2.5,Other,no,1998,A6,27,11.48,7.600902459542082,1,2.5
Volkswagen,28900.0,crossover,1,2.0,Petrol,yes,2016,Tiguan,9,0.11,10.271596874100524,0,0.0
Mercedes-Benz,7700.0,sedan,285,3.0,Diesel,yes,1999,E-Class,26,10.96,8.948975607841776,1,3.0
Renault,20996.24,crossover,0,1.5,Diesel,yes,2016,Captur,9,0.0,9.952098653055574,0,0.0
Toyota,8600.0,sedan,126,1.6,Petrol,yes,2008,Corolla,17,7.41,9.0595174822416,0,0.0
Toyota,11000.0,sedan,156,1.8,Petrol,yes,2008,Avensis,17,9.18,9.305650551780507,0,0.0
Volkswagen,11200.0,sedan,260,3.2,Petrol,yes,2006,Passat B6,19,13.68,9.323669057283185,0,0.0
BMW,5000.0,sedan,270,3.0,Diesel,yes,2000,530,25,10.8,8.517193191416238,1,3.0
BMW,14900.0,vagon,221,2.0,Diesel,yes,2008,520,17,13.0,9.60911649193355,1,2.0
Mercedes-Benz,9500.0,other,280,2.9,Diesel,yes,1998,Sprinter 312,27,10.37,9.159047077588632,1,2.9
Volkswagen,7700.0,sedan,220,2.8,Petrol,yes,2004,Passat B5,21,10.48,8.948975607841776,0,0.0
Toyota,21900.0,sedan,88,2.5,Petrol,yes,2012,Camry,13,6.77,9.994241915804592,0,0.0
BMW,77500.0,crossover,1,3.0,Petrol,yes,2016,X6,9,0.11,11.258033215341438,1,3.0
Mercedes-Benz,8000.0,other,245,2.2,Diesel,yes,2004,Vito,21,11.67,8.987196820661973,1,2.2
Mercedes-Benz,2199.0,van,396,2.2,Diesel,no,2000,Vito,25,15.84,7.695757990554761,1,2.2
Mercedes-Benz,41900.0,sedan,95,6.3,Petrol,yes,2011,S 63 AMG,14,6.79,10.643041105910228,1,6.3
Toyota,14300.0,sedan,71,2.4,Petrol,yes,2008,Camry,17,4.18,9.568014816247999,0,0.0
Mercedes-Benz,83000.0,crossover,70,3.0,Diesel,yes,2013,GL 350,12,5.83,11.326595886778735,1,3.0
BMW,6500.0,sedan,311,2.0,Gas,yes,1998,520,27,11.52,8.779557455883728,1,2.0
Mercedes-Benz,8500.0,van,281,2.2,Diesel,yes,2004,Vito,21,13.38,9.047821442478408,1,2.2
Renault,5400.0,vagon,181,1.5,Diesel,no,2010,Megane,15,12.07,8.594154232552366,0,0.0
Toyota,16800.0,crossover,238,4.0,Gas,yes,2004,Land Cruiser Prado,21,11.33,9.72913416539135,0,0.0
Toyota,22900.0,crossover,34,2.0,Petrol,yes,2012,Rav 4,13,2.62,10.03889218954233,0,0.0
Mercedes-Benz,21300.0,crossover,143,3.2,Diesel,yes,2007,ML 320,18,7.94,9.966462351697517,1,3.2
BMW,16999.0,other,90,2.5,Petrol,yes,2008,325,17,5.29,9.74090979777877,1,2.5
Mercedes-Benz,5300.0,van,244,2.2,Diesel,yes,2000,Vito,25,9.76,8.575462099540212,1,2.2
Mercedes-Benz,16500.0,sedan,280,3.7,Petrol,yes,2004,S 350,21,13.33,9.711115659888671,1,3.7
BMW,8999.0,sedan,250,1.9,Petrol,yes,2001,316,24,10.42,9.104868739033948,1,1.9
Toyota,14850.0,hatch,51,1.6,Petrol,yes,2013,Auris,12,4.25,9.605755144230846,0,0.0
BMW,24100.0,vagon,112,3.0,Petrol,yes,2011,X1,14,8.0,10.089967119478747,1,3.0
BMW,66500.0,crossover,1,2.0,Diesel,yes,2016,X5,9,0.11,11.104957226643945,1,2.0
BMW,24500.0,crossover,195,4.8,Petrol,yes,2007,X5,18,10.83,10.106428396532818,1,4.8
Toyota,23499.0,crossover,174,4.0,Gas,yes,2008,Land Cruiser Prado,17,10.24,10.064713146035349,0,0.0
Volkswagen,14500.0,vagon,229,2.0,Diesel,yes,2009,Passat B6,16,14.31,9.581903928408666,0,0.0
Renault,13300.95,vagon,0,1.5,Diesel,yes,2016,Logan,9,0.0,9.495590740230375,0,0.0
BMW,8500.0,sedan,245,2.2,Petrol,yes,2002,523,23,10.65,9.047821442478408,1,2.2
Mercedes-Benz,21500.0,sedan,146,1.8,Gas,yes,2012,E-Class,13,11.23,9.975808214115753,1,1.8
Volkswagen,10000.0,sedan,174,2.0,Petrol,yes,2005,Passat B6,20,8.7,9.210340371976184,0,0.0
Mercedes-Benz,4500.0,other,356,2.3,Petrol,yes,1991,230,34,10.47,8.411832675758411,1,2.3
Volkswagen,21900.0,van,166,2.0,Diesel,yes,2011,T6 (Transporter),14,11.86,9.994241915804592,0,0.0
Mercedes-Benz,102800.0,van,0,2.2,Diesel,yes,2016,V 250,9,0.0,11.540540632003202,1,2.2
Renault,7750.0,van,70,1.5,Diesel,yes,2014,Kangoo,11,6.36,8.955448122347393,0,0.0
Volkswagen,9750.0,van,253,1.9,Diesel,yes,2010,Caddy,15,16.87,9.185022563991893,0,0.0
Renault,3100.0,vagon,150,1.9,Diesel,no,2003,Laguna,22,6.82,8.039157390473237,0,0.0
BMW,1900.0,sedan,200,1.8,Gas,no,1994,318,31,6.45,7.549609165154532,1,1.8
BMW,14300.0,sedan,217,3.0,Diesel,yes,2005,530,20,10.85,9.568014816247999,1,3.0
Renault,4300.0,van,1,1.5,Diesel,yes,2003,Kangoo,22,0.05,8.366370301681654,0,0.0
Audi,17000.0,crossover,127,3.0,Diesel,no,2013,Q7,12,10.58,9.740968623038354,1,3.0
Toyota,17999.0,crossover,35,2.0,Petrol,yes,2009,Rav 4,16,2.19,9.798071479779479,0,0.0
Mercedes-Benz,99000.0,crossover,0,3.0,Diesel,yes,2016,GLS 350,9,0.0,11.502875129116727,1,3.0
Audi,3100.0,hatch,114,1.6,Petrol,no,2001,A3,24,4.75,8.039157390473237,1,1.6
Mitsubishi,6999.0,sedan,113,1.5,Petrol,yes,2007,Lancer X,18,6.28,8.85352256068954,0,0.0
Toyota,13900.0,sedan,102,3.5,Gas,yes,2008,Camry,17,6.0,9.539644119118783,0,0.0
Mercedes-Benz,68500.0,crossover,68,3.0,Diesel,yes,2014,GL 350,11,6.18,11.134589024250317,1,3.0
Mercedes-Benz,11800.0,van,148,2.2,Diesel,yes,2010,Vito,15,9.87,9.375854810453756,1,2.2
Mercedes-Benz,115555.0,crossover,39,3.0,Diesel,yes,2015,G 350,10,3.9,11.65750188607747,1,3.0
Audi,21000.0,sedan,210,4.2,Petrol,yes,2009,A8,16,13.12,9.95227771670556,1,4.2
Mercedes-Benz,3150.0,vagon,220,1.7,Other,no,2001,A 170,24,9.17,8.055157731819678,1,1.7
Audi,1950.0,vagon,300,1.8,Petrol,no,1999,A4,26,11.54,7.575584651557793,1,1.8
Mitsubishi,12500.0,crossover,120,2.5,Diesel,yes,2007,Pajero Sport,18,6.67,9.433483923290392,0,0.0
Volkswagen,3100.0,sedan,232,1.9,Diesel,no,2001,Passat B5,24,9.67,8.039157390473237,0,0.0
Toyota,19800.0,crossover,252,4.2,Diesel,yes,2002,Land Cruiser 100,23,10.96,9.893437216682626,0,0.0
Audi,4200.0,sedan,236,2.5,Diesel,no,2003,A6,22,10.73,8.34283980427146,1,2.5
Audi,2100.0,vagon,230,1.9,Diesel,no,2000,A4,25,9.2,7.649692623711514,1,1.9
BMW,32500.0,vagon,162,3.0,Diesel,yes,2012,530,13,12.46,10.388995368317829,1,3.0
Audi,15500.0,vagon,180,2.0,Diesel,yes,2007,A6,18,10.0,9.648595302907339,1,2.0
Mercedes-Benz,11500.0,sedan,224,2.6,Gas,yes,2003,E-Class,22,10.18,9.350102314351341,1,2.6
Audi,3000.0,sedan,265,1.8,Petrol,yes,1988,80,37,7.16,8.006367567650246,1,1.8
BMW,4550.0,sedan,200,2.8,Petrol,no,1997,528,28,7.14,8.422882511944996,1,2.8
BMW,18777.0,sedan,134,4.4,Petrol,yes,2005,545,20,6.7,9.840387995592812,1,4.4
Audi,19700.0,crossover,172,3.6,Petrol,yes,2007,Q7,18,9.56,9.88837391472608,1,3.6
Renault,10950.0,vagon,180,1.5,Diesel,yes,2011,Megane,14,12.86,9.301094735244646,0,0.0
Volkswagen,9600.0,other,128,1.9,Diesel,yes,2010,Caddy,15,8.53,9.169518377455928,0,0.0
Renault,6700.0,hatch,96,1.4,Petrol,yes,2010,Sandero,15,6.4,8.809862805379057,0,0.0
BMW,23500.0,crossover,74,2.0,Petrol,yes,2010,X1,15,4.93,10.06475570013225,1,2.0
Volkswagen,9000.0,sedan,59,2.0,Petrol,no,2010,Passat B6,15,3.93,9.104979856318357,0,0.0
Volkswagen,38764.0,sedan,0,2.0,Diesel,yes,2014,Passat CC,11,0.0,10.565247259854441,0,0.0
Volkswagen,5500.0,van,380,2.4,Diesel,yes,1999,T4 (Transporter) ,26,14.62,8.612503371220562,0,0.0
Mercedes-Benz,11800.0,sedan,150,2.2,Diesel,yes,2004,E-Class,21,7.14,9.375854810453756,1,2.2
Toyota,52500.0,crossover,43,3.0,Other,yes,2014,Land Cruiser Prado,11,3.91,10.868568448579715,0,0.0
Audi,31500.0,sedan,80,2.0,Petrol,yes,2013,A6,12,6.67,10.357742824813725,1,2.0
Volkswagen,22800.0,other,161,2.0,Diesel,yes,2011,Amarok,14,11.5,10.034515814942532,0,0.0
BMW,21000.0,other,130,2.5,Petrol,yes,2006,325,19,6.84,9.95227771670556,1,2.5
Mercedes-Benz,9200.0,sedan,172,2.8,Petrol,yes,1997,E-Class,28,6.14,9.126958763037132,1,2.8
Mercedes-Benz,9900.0,sedan,320,2.7,Diesel,yes,2001,E-Class,24,13.33,9.20029003612268,1,2.7
Volkswagen,1500.0,sedan,265,1.8,Petrol,yes,1988,Jetta,37,7.16,7.313220387090301,0,0.0
BMW,2850.0,sedan,386,5.0,Gas,yes,1988,750,37,10.43,7.955074273262696,1,5.0
Volkswagen,19999.0,other,48,2.0,Diesel,yes,2012,Eos,13,3.69,9.903437551286085,0,0.0
Volkswagen,11250.0,other,159,1.4,Petrol,yes,2010,Golf VI,15,10.6,9.328123407632566,0,0.0
Mitsubishi,46000.0,crossover,0,2.4,Diesel,yes,2016,Pajero Sport,9,0.0,10.736396675471232,0,0.0
Volkswagen,18300.0,van,1,2.2,Diesel,yes,2013,T5 (Transporter) ,12,0.08,9.814656338829513,0,0.0
BMW,18400.0,crossover,256,3.0,Diesel,yes,2006,X5,19,13.47,9.820105943597078,1,3.0
BMW,12900.0,sedan,121,2.0,Petrol,yes,2007,318,18,6.72,9.464982590349763,1,2.0
Toyota,37600.0,crossover,126,4.7,Petrol,yes,2008,Land Cruiser 200,17,7.41,10.534759329377986,0,0.0
BMW,46000.0,sedan,5,2.0,Petrol,yes,2016,520,9,0.56,10.736396675471232,1,2.0
BMW,6500.0,vagon,377,2.0,Gas,yes,1998,520,27,13.96,8.779557455883728,1,2.0
Volkswagen,55555.0,van,53,2.0,Diesel,yes,2013,Multivan,12,4.42,10.92512880001811,0,0.0
Mitsubishi,6900.0,sedan,190,1.6,Gas,yes,2007,Lancer,18,10.56,8.83927669058535,0,0.0
Mercedes-Benz,104000.0,crossover,16,5.5,Petrol,yes,2015,ML 63 AMG,10,1.6,11.55214617812351,1,5.5
Mitsubishi,5200.0,van,200,1.6,Petrol,yes,2003,Space Star,22,9.09,8.556413904569519,0,0.0
Mitsubishi,8400.0,sedan,147,2.0,Petrol,yes,2007,Lancer,18,8.17,9.035986984831405,0,0.0
Volkswagen,1450.0,hatch,200,1.8,Gas,no,1992,Golf III,33,6.06,7.27931883541462,0,0.0
Volkswagen,13700.0,other,103,2.0,Diesel,yes,2013,T5 (Transporter) ,12,8.58,9.525151111816216,0,0.0
Toyota,18950.0,sedan,45,1.8,Petrol,yes,2014,Avensis,11,4.09,9.849559210510572,0,0.0
Mercedes-Benz,13000.0,other,247,2.2,Diesel,yes,2012,Sprinter 313,13,19.0,9.472704636443673,1,2.2
Mitsubishi,19800.0,crossover,67,2.0,Gas,yes,2013,Outlander,12,5.58,9.893437216682626,0,0.0
Mercedes-Benz,22500.0,sedan,213,2.2,Diesel,yes,2012,E-Class,13,16.38,10.021270588192511,1,2.2
BMW,19500.0,sedan,190,6.0,Petrol,yes,2004,760,21,9.05,9.878169744551839,1,6.0
Mercedes-Benz,6100.0,sedan,300,3.2,Diesel,no,2004,E-Class,21,14.29,8.716044050161402,1,3.2
Volkswagen,19000.0,sedan,109,1.8,Petrol,yes,2012,Passat B7,13,8.38,9.852194258148577,0,0.0
Mercedes-Benz,3799.0,van,350,2.2,Diesel,yes,2000,Vito,25,14.0,8.242493153187626,1,2.2
BMW,8900.0,sedan,250,2.5,Diesel,yes,2001,525,24,10.42,9.093806555720231,1,2.5
Volkswagen,8000.0,van,350,1.9,Diesel,yes,2004,T5 (Transporter),21,16.67,8.987196820661973,0,0.0
BMW,4500.0,sedan,300,3.0,Diesel,yes,2000,330,25,12.0,8.411832675758411,1,3.0
Volkswagen,2600.0,van,10,2.4,Diesel,yes,1988,LT,37,0.27,7.8632667240095735,0,0.0
BMW,4300.0,sedan,240,2.5,Diesel,no,2002,525,23,10.43,8.366370301681654,1,2.5
Mercedes-Benz,82555.0,crossover,69,3.0,Diesel,yes,2014,GL 350,11,6.27,11.321220016865933,1,3.0
Renault,10000.0,other,214,2.5,Diesel,yes,2008,Master,17,12.59,9.210340371976184,0,0.0
Audi,56000.0,crossover,44,3.0,Diesel,yes,2014,Q7,11,4.0,10.933106969717286,1,3.0
BMW,21700.0,sedan,259,3.0,Diesel,yes,2007,730,18,14.39,9.98506753952855,1,3.0
BMW,89999.0,crossover,17,4.4,Petrol,yes,2015,X6 M,10,1.7,11.407553838139561,1,4.4
Mitsubishi,9200.0,sedan,92,2.0,Petrol,yes,2010,Lancer X,15,6.13,9.126958763037132,0,0.0
Audi,21700.0,sedan,167,3.0,Petrol,yes,2009,A6,16,10.44,9.98506753952855,1,3.0
Mercedes-Benz,27300.0,crossover,149,5.46,Petrol,yes,2009,ML 550,16,9.31,10.21464198117305,1,5.46
Volkswagen,15200.0,van,132,2.5,Diesel,yes,2009,T5 (Transporter),16,8.25,9.629050706834368,0,0.0
Volkswagen,9800.0,van,86,1.2,Petrol,yes,2013,Caddy,12,7.17,9.190137664658664,0,0.0
Mercedes-Benz,14500.0,vagon,178,3.0,Diesel,yes,2006,E-Class,19,9.37,9.581903928408666,1,3.0
Renault,7800.0,vagon,120,1.5,Diesel,yes,2008,Megane,17,7.06,8.961879012677683,0,0.0
Mercedes-Benz,15250.0,sedan,210,2.2,Diesel,yes,2006,E-Class,19,11.05,9.632334782035558,1,2.2
Audi,13500.0,sedan,196,2.4,Petrol,yes,2005,A6,20,9.8,9.51044496442652,1,2.4
Audi,23333.0,other,150,4.2,Petrol,yes,2007,Q7,18,8.33,10.057623946547059,1,4.2
Mercedes-Benz,18800.0,other,90,1.8,Petrol,yes,2008,CLC 180,17,5.29,9.84161214881804,1,1.8
Mitsubishi,6700.0,sedan,193,1.6,Petrol,yes,2005,Lancer,20,9.65,8.809862805379057,0,0.0
Toyota,8200.0,crossover,212,2.0,Gas,yes,2003,Rav 4,22,9.64,9.011889433252344,0,0.0
Volkswagen,1650.0,sedan,210,1.8,Petrol,no,1998,Passat B4,27,7.78,7.408530566894626,0,0.0
Audi,49500.0,crossover,44,3.0,Diesel,yes,2013,Q7,12,3.67,10.809727948556782,1,3.0
Volkswagen,22900.0,sedan,48,2.0,Petrol,yes,2013,Jetta,12,4.0,10.03889218954233,0,0.0
Volkswagen,10300.0,hatch,110,1.9,Diesel,yes,2008,Caddy,17,6.47,9.239899174217728,0,0.0
Toyota,12500.0,sedan,175,2.4,Petrol,yes,2007,Camry,18,9.72,9.433483923290392,0,0.0
Mitsubishi,6800.0,sedan,170,1.6,Petrol,yes,2004,Lancer,21,8.1,8.824677891164198,0,0.0
BMW,33500.0,sedan,1,1.5,Petrol,yes,2015,318,10,0.1,10.419300717813158,1,1.5
Toyota,20711.25,vagon,0,1.6,Petrol,yes,2016,Auris,9,0.0,9.938432309883506,0,0.0
Volkswagen,1499.0,sedan,220,2.0,Gas,no,1995,Passat B4,30,7.33,7.312553498102598,0,0.0
Volkswagen,18900.0,hatch,56,2.0,Petrol,yes,2012,Golf GTI,13,4.31,9.846917201047734,0,0.0
BMW,52000.0,crossover,7,2.0,Diesel,yes,2015,X1,10,0.7,10.858998997563564,1,2.0
Volkswagen,17777.0,van,250,2.0,Diesel,yes,2010,T5 (Transporter),15,16.67,9.785660765922685,0,0.0
Audi,88888.0,crossover,0,3.0,Diesel,yes,2015,Q7,10,0.0,11.395132429263844,1,3.0
Renault,7450.0,other,208,1.9,Other,yes,2004,Trafic,21,9.9,8.915969311373605,0,0.0
Mercedes-Benz,31990.0,crossover,95,4.7,Petrol,yes,2010,GL 450,15,6.33,10.373178632943564,1,4.7
BMW,14200.0,sedan,263,3.0,Petrol,yes,2004,530,21,12.52,9.560997243589352,1,3.0
Renault,6300.0,vagon,202,1.5,Diesel,yes,2005,Scenic,20,10.1,8.748304912379623,0,0.0
Renault,4350.0,van,188,1.5,Diesel,yes,2004,Kangoo,21,8.95,8.37793112408273,0,0.0
Renault,11100.0,vagon,155,1.5,Diesel,yes,2012,Megane,13,11.92,9.314700387300425,0,0.0
Volkswagen,6300.0,vagon,132,2.8,Gas,yes,1995,Passat B4,30,4.4,8.748304912379623,0,0.0
Renault,3300.0,van,256,1.5,Diesel,yes,2005,Kangoo,20,12.8,8.101677747454572,0,0.0
Mercedes-Benz,7450.0,sedan,300,2.0,Gas,yes,2000,C-Class,25,12.0,8.915969311373605,1,2.0
Mitsubishi,1850.0,sedan,145,1.6,Petrol,no,1997,Carisma,28,5.18,7.52294091807237,0,0.0
Mercedes-Benz,14000.0,other,360,2.2,Diesel,yes,2005,Sprinter 313,20,18.0,9.546812608597396,1,2.2
Renault,12850.0,other,226,2.3,Diesel,yes,2012,Master,13,17.38,9.461099090323366,0,0.0
Toyota,18300.0,hatch,30,1.6,Petrol,yes,2014,Auris,11,2.73,9.814656338829513,0,0.0
Volkswagen,14700.0,sedan,97,1.4,Gas,yes,2012,Passat B7,13,7.46,9.595602772766828,0,0.0
Volkswagen,3000.0,sedan,250,2.8,Gas,no,2002,Passat B5,23,10.87,8.006367567650246,0,0.0
Mercedes-Benz,12999.0,sedan,247,4.0,Diesel,yes,2003,S 400,22,11.23,9.47262771040802,1,4.0
Mercedes-Benz,11850.0,van,177,2.2,Diesel,yes,2011,Vito,14,12.64,9.380083146563278,1,2.2
Volkswagen,19500.0,sedan,128,1.8,Petrol,yes,2013,Passat B7,12,10.67,9.878169744551839,0,0.0
Mercedes-Benz,20200.0,sedan,69,2.0,Petrol,yes,2010,E-Class,15,4.6,9.913437883389296,1,2.0
Volkswagen,12000.0,sedan,186,3.2,Petrol,yes,2006,Passat B6,19,9.79,9.392661928770137,0,0.0
Toyota,16800.0,crossover,154,2.7,Petrol,yes,2005,Land Cruiser Prado,20,7.7,9.72913416539135,0,0.0
Mercedes-Benz,10600.0,van,250,2.2,Diesel,yes,2006,Sprinter 313,19,13.16,9.268609280100158,1,2.2
Mercedes-Benz,114999.0,crossover,0,3.0,Diesel,yes,2016,GLS 350,9,0.0,11.652678711655406,1,3.0
Renault,4700.0,hatch,124,1.5,Diesel,yes,2003,Kangoo,22,5.64,8.45531778769815,0,0.0
Mercedes-Benz,20000.0,crossover,251,5.0,Gas,yes,2002,ML 500,23,10.91,9.903487552536127,1,5.0
Mercedes-Benz,104999.0,crossover,1,3.0,Diesel,yes,2016,GLE-Class,9,0.11,11.561706105284784,1,3.0
Mercedes-Benz,9000.0,sedan,198,4.0,Diesel,yes,2002,S 400,23,8.61,9.104979856318357,1,4.0
BMW,36300.0,crossover,83,3.5,Petrol,yes,2010,X6,15,5.53,10.499573020252942,1,3.5
Toyota,19400.0,crossover,88,2.0,Petrol,yes,2011,Rav 4,14,6.29,9.87302834505142,0,0.0
Mercedes-Benz,7700.0,sedan,230,2.0,Petrol,yes,2001,C-Class,24,9.58,8.948975607841776,1,2.0
Mitsubishi,17500.0,other,69,2.5,Diesel,yes,2011,L 200,14,4.93,9.769956159911606,0,0.0
BMW,31000.0,sedan,100,2.0,Petrol,yes,2012,520,13,7.69,10.341742483467284,1,2.0
Toyota,33715.5,crossover,1,2.7,Petrol,yes,2015,Land Cruiser Prado,10,0.1,10.425712951252992,0,0.0
BMW,13500.0,sedan,233,3.0,Diesel,yes,2003,530,22,10.59,9.51044496442652,1,3.0
Renault,4900.0,van,150,2.0,Diesel,yes,2007,Trafic,18,8.33,8.496990484098719,0,0.0
Mercedes-Benz,7700.0,sedan,340,2.2,Diesel,yes,2002,Vito,23,14.78,8.948975607841776,1,2.2
Renault,10900.0,vagon,175,1.5,Diesel,yes,2012,Megane,13,13.46,9.296518068217235,0,0.0
BMW,2200.0,sedan,303,2.5,Diesel,no,1999,525,26,11.65,7.696212639346407,1,2.5
BMW,7200.0,sedan,270,3.0,Diesel,no,2004,530,21,12.86,8.881836305004146,1,3.0
Toyota,9150.0,hatch,87,1.6,Petrol,yes,2008,Auris,17,5.12,9.121509158269568,0,0.0
BMW,5900.0,sedan,10,2.8,Petrol,yes,1989,328,36,0.28,8.68270762989381,1,2.8
Mitsubishi,4800.0,hatch,206,1.6,Gas,yes,2001,Carisma,24,8.58,8.476371196895983,0,0.0
Volkswagen,1500.0,vagon,200,1.8,Gas,yes,1996,Passat B4,29,6.9,7.313220387090301,0,0.0
Volkswagen,9500.0,hatch,62,1.2,Diesel,yes,2011,Polo,14,4.43,9.159047077588632,0,0.0
Mercedes-Benz,3500.0,van,395,2.3,Diesel,no,1997,Vito,28,14.11,8.160518247477505,1,2.3
Volkswagen,3650.0,sedan,300,1.8,Petrol,yes,1996,Vento,29,10.34,8.202482446576537,0,0.0
Mercedes-Benz,63000.0,crossover,160,3.0,Diesel,yes,2013,GL 350,12,13.33,11.05089000537367,1,3.0
Volkswagen,6600.0,van,240,1.9,Diesel,yes,2008,Caddy,17,14.12,8.794824928014517,0,0.0
Toyota,10200.0,sedan,185,1.8,Petrol,yes,2007,Avensis,18,10.28,9.230142999272362,0,0.0
Volkswagen,19995.0,hatch,68,1.4,Petrol,yes,2013,Scirocco,12,5.67,9.90323752128092,0,0.0
Mitsubishi,9800.0,sedan,56,1.5,Petrol,yes,2011,Lancer X,14,4.0,9.190137664658664,0,0.0
Mercedes-Benz,11200.0,sedan,198,6.0,Petrol,yes,2004,S 600,21,9.43,9.323669057283185,1,6.0
Volkswagen,18000.0,crossover,117,2.5,Diesel,yes,2006,Touareg,19,6.16,9.798127036878302,0,0.0
Mitsubishi,28500.0,crossover,0,2.0,Petrol,yes,2016,Outlander,9,0.0,10.257659366256743,0,0.0
Mitsubishi,9800.0,sedan,81,2.0,Petrol,yes,2009,Lancer X,16,5.06,9.190137664658664,0,0.0
Audi,3900.0,sedan,247,2.5,Diesel,no,2003,A6,22,11.23,8.268731832117737,1,2.5
Mitsubishi,22711.65,crossover,1,2.0,Petrol,yes,2016,Outlander,9,0.11,10.030633287678308,0,0.0
BMW,6500.0,sedan,298,2.5,Petrol,yes,1998,523,27,11.04,8.779557455883728,1,2.5
Volkswagen,4999.0,hatch,300,1.9,Diesel,yes,1999,Golf IV,26,11.54,8.51699317141357,0,0.0
Renault,9100.0,vagon,176,1.5,Diesel,yes,2011,Scenic,14,12.57,9.116029692504942,0,0.0
Mercedes-Benz,11000.0,sedan,319,2.2,Diesel,yes,2003,220,22,14.5,9.305650551780507,1,2.2
Volkswagen,7200.0,hatch,159,1.6,Petrol,yes,2007,Golf V,18,8.83,8.881836305004146,0,0.0
Mercedes-Benz,10900.0,van,191,2.2,Diesel,yes,2007,Vito,18,10.61,9.296518068217235,1,2.2
Volkswagen,35000.0,sedan,74,4.2,Gas,yes,2011,Phaeton,14,5.29,10.46310334047155,0,0.0
Mitsubishi,11500.0,sedan,134,2.4,Petrol,yes,2009,Galant,16,8.38,9.350102314351341,0,0.0
Mercedes-Benz,9999.0,van,154,2.2,Diesel,yes,2007,Vito,18,8.56,9.21024036697585,1,2.2
Renault,4400.0,other,220,1.5,Diesel,yes,2004,Kangoo,21,10.48,8.389359819906353,0,0.0
Mitsubishi,4000.0,hatch,367,1.6,Gas,yes,1997,Carisma,28,13.11,8.294049640102028,0,0.0
Audi,29999.0,other,90,3.0,Petrol,yes,2011,A5,14,6.43,10.308919326755392,1,3.0
Volkswagen,14800.0,van,65,1.6,Diesel,yes,2012,Caddy,13,5.0,9.602382459752207,0,0.0
Mitsubishi,5500.0,crossover,30,2.5,Diesel,yes,2014,Pajero Sport,11,2.73,8.612503371220562,0,0.0
BMW,39333.0,sedan,6,2.0,Petrol,yes,2016,520,9,0.67,10.579819140167512,1,2.0
Mitsubishi,17000.0,crossover,215,3.8,Petrol,yes,2006,Pajero Wagon,19,11.32,9.740968623038354,0,0.0
Toyota,20900.0,sedan,18,2.5,Other,yes,2013,Camry,12,1.5,9.947504437952903,0,0.0
BMW,15000.0,sedan,137,2.2,Petrol,yes,2004,520,21,6.52,9.615805480084347,1,2.2
Volkswagen,1850.0,other,200,1.6,Petrol,no,1999,Golf IV,26,7.69,7.52294091807237,0,0.0
Renault,6900.0,hatch,47,1.4,Petrol,yes,2012,Sandero,13,3.62,8.83927669058535,0,0.0
Volkswagen,11990.0,sedan,245,2.0,Diesel,yes,2007,Passat B6,18,13.61,9.39182824802156,0,0.0
Mercedes-Benz,41000.0,van,55,3.0,Diesel,yes,2011,Viano,14,3.93,10.621327345686446,1,3.0
BMW,42000.0,sedan,5,2.0,Petrol,yes,2016,520,9,0.56,10.645424897265505,1,2.0
Renault,7700.0,van,128,1.5,Diesel,yes,2012,Kangoo,13,9.85,8.948975607841776,0,0.0
Volkswagen,7750.0,van,265,1.9,Diesel,yes,2002,T4 (Transporter),23,11.52,8.955448122347393,0,0.0
Toyota,10100.0,other,83,1.6,Other,yes,2008,Corolla,17,4.88,9.22029070282935,0,0.0
Renault,7500.0,van,128,1.5,Diesel,yes,2009,Kangoo,16,8.0,8.922658299524402,0,0.0
BMW,2700.0,sedan,220,2.5,Petrol,no,2002,525,23,9.57,7.90100705199242,1,2.5
Mercedes-Benz,74900.0,other,32,6.3,Petrol,yes,2007,CL 63 AMG,18,1.78,11.22390916950531,1,6.3
Renault,800.0,van,200,1.9,Diesel,no,1997,Scenic,28,7.14,6.684611727667927,0,0.0
Mitsubishi,17900.0,crossover,89,3.8,Gas,yes,2008,Pajero Wagon,17,5.24,9.792555991828847,0,0.0
Audi,29000.0,vagon,213,3.0,Diesel,yes,2010,A6 Allroad,15,14.2,10.275051108968611,1,3.0
BMW,17100.0,crossover,188,3.0,Diesel,yes,2004,X5,21,8.95,9.746833742490752,1,3.0
Mercedes-Benz,1600.0,sedan,338,3.0,Diesel,no,1991,E-Class,34,9.94,7.3777589082278725,1,3.0
Mercedes-Benz,11777.0,other,300,4.3,Gas,yes,2001,S 430,24,12.5,9.373903755841548,1,4.3
BMW,6699.0,sedan,299,2.2,Petrol,yes,2001,523,24,12.46,8.809713540508268,1,2.2
BMW,3900.0,vagon,240,3.0,Diesel,no,2001,530,24,10.0,8.268731832117737,1,3.0
Volkswagen,6500.0,sedan,212,1.6,Petrol,yes,2003,Bora,22,9.64,8.779557455883728,0,0.0
BMW,51500.0,hatch,77,3.0,Petrol,yes,2012,535,13,5.92,10.849337086651827,1,3.0
Renault,6500.0,vagon,186,1.5,Diesel,yes,2004,Megane,21,8.86,8.779557455883728,0,0.0
BMW,10800.0,other,191,2.2,Petrol,yes,2002,320,23,8.3,9.287301413112312,1,2.2
Audi,2450.0,vagon,240,2.5,Diesel,no,2000,A4,25,9.6,7.803843303538772,1,2.5
Toyota,28800.0,crossover,29,2.2,Diesel,yes,2015,Rav 4,10,2.9,10.268130666124037,0,0.0
Volkswagen,6900.0,crossover,258,2.5,Diesel,no,2004,Touareg,21,12.29,8.83927669058535,0,0.0
Volkswagen,12700.0,van,75,1.2,Petrol,yes,2012,Caddy,13,5.77,9.449357272446683,0,0.0
Toyota,7900.0,hatch,56,1.0,Gas,yes,2011,Aygo,14,4.0,8.974618038455112,0,0.0
BMW,18000.0,sedan,180,2.0,Other,no,2011,520,14,12.86,9.798127036878302,1,2.0
BMW,8899.0,sedan,170,2.2,Petrol,yes,2001,520,24,7.08,9.093694189856862,1,2.2
Mercedes-Benz,57000.0,other,0,1.6,Petrol,yes,2016,C-Class,9,0.0,10.950806546816688,1,1.6
Audi,10900.0,sedan,199,3.0,Petrol,yes,2004,A8,21,9.48,9.296518068217235,1,3.0
Toyota,42500.0,crossover,50,3.0,Diesel,yes,2012,Land Cruiser Prado,13,3.85,10.657259354912508,0,0.0
BMW,51900.0,crossover,106,3.0,Diesel,yes,2012,X6,13,8.15,10.85707406915398,1,3.0
Renault,3300.0,van,345,1.9,Diesel,yes,2001,Kangoo,24,14.38,8.101677747454572,0,0.0
Mercedes-Benz,16555.0,sedan,159,3.5,Gas,yes,2006,CLS 350,19,8.37,9.714443449981347,1,3.5
Mercedes-Benz,7000.0,van,197,2.2,Diesel,yes,2002,Vito,23,8.57,8.85366542803745,1,2.2
Mercedes-Benz,9300.0,sedan,342,2.6,Petrol,yes,2003,E-Class,22,15.55,9.137769679141348,1,2.6
Audi,11500.0,sedan,85,1.8,Petrol,yes,2007,A4,18,4.72,9.350102314351341,1,1.8
Toyota,16672.5,hatch,1,1.6,Petrol,yes,2016,Auris,9,0.11,9.721515934506462,0,0.0
Volkswagen,37990.0,crossover,140,3.0,Diesel,yes,2012,Touareg,13,10.77,10.54507824618167,0,0.0
Mercedes-Benz,2400.0,sedan,1,2.0,Petrol,no,2001,C-Class,24,0.04,7.783224016336037,1,2.0
Renault,7150.0,van,142,1.5,Diesel,yes,2012,Kangoo,13,10.92,8.874867635688053,0,0.0
Toyota,5000.0,crossover,289,2.0,Diesel,no,2003,Rav 4,22,13.14,8.517193191416238,0,0.0
Mercedes-Benz,7700.0,sedan,390,3.0,Diesel,no,2007,E-Class,18,21.67,8.948975607841776,1,3.0
Mercedes-Benz,28500.0,crossover,190,3.2,Diesel,yes,2008,ML 320,17,11.18,10.257659366256743,1,3.2
Toyota,61000.0,crossover,100,4.5,Diesel,yes,2013,Land Cruiser 200,12,8.33,11.018629143155449,0,0.0
Toyota,14700.0,vagon,98,2.0,Gas,yes,2008,Rav 4,17,5.76,9.595602772766828,0,0.0
Volkswagen,21900.0,sedan,107,3.0,Diesel,yes,2009,Phaeton,16,6.69,9.994241915804592,0,0.0
Audi,53700.0,crossover,67,3.0,Petrol,yes,2013,A6 Allroad,12,5.58,10.891168280496956,1,3.0
Volkswagen,19200.0,crossover,155,2.5,Diesel,yes,2008,Touareg,17,9.12,9.862665558015873,0,0.0
Audi,18700.0,sedan,136,2.0,Diesel,yes,2009,A6,16,8.5,9.836278802842678,1,2.0
Audi,9600.0,vagon,230,2.5,Diesel,yes,2004,A6,21,10.95,9.169518377455928,1,2.5
Volkswagen,10500.0,van,312,2.5,Diesel,yes,1998,Multivan,27,11.56,9.259130536145614,0,0.0
Volkswagen,18200.0,crossover,179,2.5,Diesel,yes,2007,Touareg,18,9.94,9.809176873064887,0,0.0
Audi,52000.0,other,124,3.0,Diesel,yes,2012,A8,13,9.54,10.858998997563564,1,3.0
BMW,13700.0,sedan,122,2.0,Petrol,yes,2007,318,18,6.78,9.525151111816216,1,2.0
BMW,15000.0,vagon,245,3.0,Gas,yes,2006,530,19,12.89,9.615805480084347,1,3.0
Mitsubishi,6400.0,sedan,127,1.6,Petrol,yes,2006,Lancer,19,6.68,8.764053269347762,0,0.0
Toyota,54000.0,crossover,147,4.5,Diesel,yes,2011,Land Cruiser 200,14,10.5,10.896739325546411,0,0.0
Toyota,23700.0,sedan,100,2.5,Gas,yes,2014,Camry,11,9.09,10.073230327123223,0,0.0
Volkswagen,13950.0,hatch,104,1.2,Petrol,yes,2012,Golf Plus,13,8.0,9.543234787249512,0,0.0
Toyota,23200.0,crossover,160,4.0,Petrol,yes,2008,Land Cruiser Prado,17,9.41,10.0519075576544,0,0.0
Audi,89999.0,crossover,0,3.0,Diesel,yes,2015,Q7,10,0.0,11.407553838139561,1,3.0
BMW,21700.0,crossover,125,3.0,Petrol,yes,2007,X5,18,6.94,9.98506753952855,1,3.0
Toyota,16500.0,crossover,328,4.2,Diesel,yes,1993,Land Cruiser 80,32,10.25,9.711115659888671,0,0.0
BMW,15000.0,crossover,85,4.8,Petrol,no,2010,X5,15,5.67,9.615805480084347,1,4.8
Mercedes-Benz,61500.0,crossover,16,3.0,Diesel,yes,2013,ML 350,12,1.33,11.02679245379461,1,3.0
BMW,1700.0,sedan,200,2.0,Diesel,no,2003,320,22,9.09,7.438383530044307,1,2.0
BMW,8500.0,sedan,352,2.17,Petrol,yes,2001,520,24,14.67,9.047821442478408,1,2.17
Toyota,9999.0,sedan,250,2.4,Petrol,yes,2003,Camry,22,11.36,9.21024036697585,0,0.0
Audi,3300.0,vagon,300,2.5,Diesel,no,1999,A6,26,11.54,8.101677747454572,1,2.5
Volkswagen,19900.0,other,112,2.0,Petrol,yes,2012,Passat CC,13,8.62,9.898475010712584,0,0.0
Renault,11300.0,vagon,160,1.5,Diesel,yes,2011,Laguna,14,11.43,9.332558004700433,0,0.0
Toyota,14900.0,sedan,149,3.5,Gas,yes,2008,Camry,17,8.76,9.60911649193355,0,0.0
Toyota,39000.0,crossover,88,4.5,Diesel,yes,2009,Land Cruiser 200,16,5.5,10.571316925111784,0,0.0
Mercedes-Benz,69900.0,sedan,76,6.0,Petrol,yes,2010,S 500,15,5.07,11.154820928221902,1,6.0
BMW,72900.0,crossover,16,3.0,Diesel,yes,2015,X6,10,1.6,11.19684391799675,1,3.0
Renault,13900.0,vagon,89,1.5,Diesel,yes,2013,Megane,12,7.42,9.539644119118783,0,0.0
Renault,6800.0,van,131,1.5,Diesel,yes,2013,Kangoo,12,10.92,8.824677891164198,0,0.0
Mercedes-Benz,8500.0,van,270,2.2,Diesel,yes,2004,Vito,21,12.86,9.047821442478408,1,2.2
Volkswagen,7600.0,van,158,2.0,Diesel,yes,2009,Caddy,16,9.88,8.935903526274423,0,0.0
Toyota,30950.0,other,45,4.6,Petrol,yes,2013,Tundra,12,3.75,10.340128278112742,0,0.0
Audi,3990.0,sedan,413,2.6,Gas,yes,1993,100,32,12.91,8.29154650988391,1,2.6
Audi,68500.0,sedan,44,6.3,Petrol,yes,2012,A8,13,3.38,11.134589024250317,1,6.3
Audi,33500.0,sedan,42,2.0,Petrol,yes,2013,A5,12,3.5,10.419300717813158,1,2.0
BMW,11500.0,sedan,193,4.4,Petrol,yes,2000,740,25,7.72,9.350102314351341,1,4.4
Toyota,24999.0,crossover,153,4.0,Petrol,yes,2007,Land Cruiser Prado,18,8.5,10.126591103050316,0,0.0
Audi,1850.0,sedan,250,2.5,Diesel,no,1999,A4,26,9.62,7.52294091807237,1,2.5
Mercedes-Benz,29500.0,crossover,55,2.2,Diesel,no,2013,ML 250,12,4.58,10.292145542327912,1,2.2
Mercedes-Benz,57000.0,sedan,43,4.7,Petrol,yes,2012,CLS 500,13,3.31,10.950806546816688,1,4.7
Audi,30900.0,hatch,195,3.0,Diesel,yes,2010,A5,15,13.0,10.338511462885837,1,3.0
Toyota,7000.0,crossover,150,2.0,Petrol,yes,2000,Rav 4,25,6.0,8.85366542803745,0,0.0
Volkswagen,8950.0,van,170,1.6,Diesel,yes,2013,Caddy,12,14.17,9.099408811268901,0,0.0
Mitsubishi,2500.0,crossover,1,2.5,Diesel,yes,2007,L 200,18,0.06,7.824046010856292,0,0.0
Renault,8350.0,other,141,1.5,Other,yes,2012,Megane,13,10.85,9.030016817844901,0,0.0
BMW,11400.0,sedan,206,3.0,Petrol,yes,2003,530,22,9.36,9.341368634382587,1,3.0
Volkswagen,2600.0,sedan,280,2.5,Diesel,no,2000,Passat B5,25,11.2,7.8632667240095735,0,0.0
Mercedes-Benz,7450.0,sedan,219,2.0,Petrol,yes,2000,C-Class,25,8.76,8.915969311373605,1,2.0
Audi,9499.0,sedan,255,2.5,Diesel,yes,2002,A6,23,11.09,9.158941808890182,1,2.5
Toyota,14900.0,sedan,106,2.4,Petrol,yes,2008,Camry,17,6.24,9.60911649193355,0,0.0
Volkswagen,8200.0,van,265,2.5,Diesel,no,2007,Caravelle,18,14.72,9.011889433252344,0,0.0
Mercedes-Benz,12500.0,sedan,208,3.2,Diesel,yes,2004,S 320,21,9.9,9.433483923290392,1,3.2
Toyota,14500.0,sedan,127,2.4,Gas,yes,2008,Camry,17,7.47,9.581903928408666,0,0.0
Volkswagen,12000.0,sedan,73,1.6,Gas,yes,2011,Polo,14,5.21,9.392661928770137,0,0.0
Mercedes-Benz,5600.0,sedan,230,2.7,Diesel,no,2005,E-Class,20,11.5,8.630521876723241,1,2.7
Mercedes-Benz,5200.0,other,220,3.2,Petrol,no,2004,CLK 320,21,10.48,8.556413904569519,1,3.2
Mitsubishi,9200.0,sedan,48,1.5,Petrol,yes,2008,Lancer X,17,2.82,9.126958763037132,0,0.0
Toyota,25999.0,other,108,4.0,Petrol,yes,2008,Land Cruiser Prado,17,6.35,10.165813354725493,0,0.0
BMW,6300.0,sedan,241,2.8,Gas,yes,1995,328,30,8.03,8.748304912379623,1,2.8
Mercedes-Benz,116500.0,sedan,25,3.0,Diesel,yes,2015,S 350,10,2.5,11.665646551987892,1,3.0
BMW,15500.0,sedan,216,2.0,Diesel,yes,2008,320,17,12.71,9.648595302907339,1,2.0
Toyota,17500.0,crossover,168,4.0,Gas,yes,2004,Land Cruiser Prado,21,8.0,9.769956159911606,0,0.0
Volkswagen,9999.0,sedan,182,1.6,Petrol,yes,2006,Jetta,19,9.58,9.21024036697585,0,0.0
BMW,34600.0,crossover,163,5.0,Petrol,yes,2011,X5 M,14,11.64,10.451608961045816,1,5.0
Renault,10900.0,van,138,2.0,Diesel,yes,2012,Trafic,13,10.62,9.296518068217235,0,0.0
Volkswagen,7800.0,hatch,230,1.6,Petrol,yes,2004,Golf V,21,10.95,8.961879012677683,0,0.0
Audi,3900.0,vagon,232,2.5,Diesel,no,2003,A6,22,10.55,8.268731832117737,1,2.5
Toyota,15500.0,crossover,120,2.0,Petrol,yes,2008,Rav 4,17,7.06,9.648595302907339,0,0.0
Audi,48000.0,crossover,126,3.0,Diesel,yes,2013,Q7,12,10.5,10.778956289890028,1,3.0
Mercedes-Benz,12800.0,van,193,2.2,Other,yes,2011,Vito,14,13.79,9.457200449907708,1,2.2
Toyota,14900.0,crossover,288,4.7,Gas,yes,2000,Land Cruiser 100,25,11.52,9.60911649193355,0,0.0
Mercedes-Benz,1990.0,hatch,230,1.7,Other,no,2001,A 170,24,9.58,7.595889917718538,1,1.7
Mitsubishi,9800.0,sedan,148,2.0,Gas,yes,2008,Lancer X,17,8.71,9.190137664658664,0,0.0
Mercedes-Benz,8700.0,sedan,290,2.7,Diesel,yes,1999,E-Class,26,11.15,9.071078304642676,1,2.7
Renault,3450.0,van,196,1.9,Diesel,yes,2001,Kangoo,24,8.17,8.146129510025405,0,0.0
Mercedes-Benz,22000.0,van,236,2.2,Diesel,yes,2012,Sprinter 313,13,18.15,9.998797732340453,1,2.2
Mercedes-Benz,6500.0,other,315,2.0,Petrol,yes,1996,E-Class,29,10.86,8.779557455883728,1,2.0
Mitsubishi,12999.0,crossover,111,3.0,Gas,yes,2008,Outlander XL,17,6.53,9.47262771040802,0,0.0
Volkswagen,21500.0,sedan,2,1.6,Diesel,yes,2016,Jetta,9,0.22,9.975808214115753,0,0.0
BMW,2750.0,vagon,254,2.8,Gas,no,1997,528,28,9.07,7.919356190660617,1,2.8
Mitsubishi,23000.0,crossover,125,3.0,Gas,yes,2008,Pajero Wagon,17,7.35,10.043249494911286,0,0.0
BMW,8200.0,sedan,368,3.0,Diesel,yes,2000,730,25,14.72,9.011889433252344,1,3.0
BMW,32900.0,crossover,90,3.0,Petrol,yes,2008,X6,17,5.29,10.401227936753463,1,3.0
Toyota,22000.0,sedan,73,3.5,Petrol,yes,2010,Camry,15,4.87,9.998797732340453,0,0.0
Mitsubishi,2800.0,other,290,2.0,Petrol,yes,1990,Galant,35,8.29,7.937374696163295,0,0.0
Mercedes-Benz,12999.0,van,130,2.2,Diesel,yes,2012,Vito,13,10.0,9.47262771040802,1,2.2
Toyota,99999.0,crossover,0,4.5,Petrol,yes,2016,Land Cruiser 200,9,0.0,11.512915464920228,0,0.0
Renault,6950.0,van,310,2.5,Diesel,yes,2005,Master,20,15.5,8.846496938558838,0,0.0
Renault,10500.0,hatch,148,1.5,Diesel,yes,2012,Megane,13,11.38,9.259130536145614,0,0.0
BMW,6899.0,vagon,320,2.8,Gas,yes,1997,528,28,11.43,8.839131752546109,1,2.8
Toyota,65000.0,other,60,4.5,Diesel,yes,2013,Land Cruiser 200,12,5.0,11.082142548877775,0,0.0
Mercedes-Benz,13900.0,other,272,2.2,Diesel,yes,2005,Sprinter 313,20,13.6,9.539644119118783,1,2.2
Renault,5800.0,van,217,2.0,Gas,yes,2003,Scenic,22,9.86,8.66561319653451,0,0.0
BMW,28700.0,other,160,3.0,Petrol,yes,2011,528,14,11.43,10.264652401747712,1,3.0
BMW,16700.0,crossover,260,4.4,Petrol,yes,2003,X5,22,11.82,9.723163998404846,1,4.4
Volkswagen,18500.0,sedan,217,3.0,Diesel,yes,2006,Phaeton,19,11.42,9.825526011066415,0,0.0
Renault,3999.0,other,227,1.4,Gas,yes,2005,Kangoo,20,11.35,8.293799608846818,0,0.0
Renault,8800.0,van,200,1.9,Diesel,yes,2005,Trafic,20,10.0,9.082507000466299,0,0.0
Mercedes-Benz,14500.0,van,205,2.2,Diesel,yes,2012,Sprinter 313,13,15.77,9.581903928408666,1,2.2
BMW,8900.0,sedan,240,2.0,Diesel,yes,2001,320,24,10.0,9.093806555720231,1,2.0
Renault,8550.0,van,160,1.5,Diesel,yes,2014,Kangoo,11,14.55,9.053686561930807,0,0.0
Mercedes-Benz,10900.0,sedan,160,3.0,Diesel,yes,1996,S 140,29,5.52,9.296518068217235,1,3.0
BMW,48535.5,crossover,0,2.0,Diesel,yes,2016,X3,9,0.0,10.790050767937293,1,2.0
BMW,25000.0,crossover,130,3.0,Diesel,yes,2012,X5,13,10.0,10.126631103850338,1,3.0
Mitsubishi,7000.0,sedan,99,1.6,Petrol,yes,2005,Lancer,20,4.95,8.85366542803745,0,0.0
BMW,5500.0,sedan,402,2.0,Petrol,yes,1988,520,37,10.86,8.612503371220562,1,2.0
Mercedes-Benz,2800.0,other,220,2.3,Petrol,no,2000,CLK 230,25,8.8,7.937374696163295,1,2.3
Mercedes-Benz,86000.0,crossover,3,3.0,Diesel,yes,2016,GLS 350,9,0.33,11.362102575235644,1,3.0
Volkswagen,9555.0,van,152,1.6,Diesel,yes,2012,Caddy,13,11.69,9.164819856674374,0,0.0
Renault,7200.0,van,1,1.5,Diesel,yes,2012,Kangoo,13,0.08,8.881836305004146,0,0.0
Mercedes-Benz,7700.0,van,300,2.2,Other,yes,2004,Vito,21,14.29,8.948975607841776,1,2.2
BMW,75000.0,crossover,20,3.0,Diesel,yes,2014,X5,11,1.82,11.225243392518447,1,3.0
Volkswagen,8650.0,hatch,150,1.4,Petrol,yes,2008,Golf V,17,8.82,9.065314599925925,0,0.0
Toyota,10700.0,sedan,109,1.8,Petrol,yes,2007,Avensis,18,6.06,9.277999020449997,0,0.0
Volkswagen,6300.0,van,1,2.5,Diesel,yes,2000,T4 (Transporter),25,0.04,8.748304912379623,0,0.0
Audi,3150.0,vagon,310,2.5,Diesel,no,1999,A6,26,11.92,8.055157731819678,1,2.5
Volkswagen,7500.0,other,360,2.5,Diesel,yes,2001,T4 (Transporter),24,15.0,8.922658299524402,0,0.0
Volkswagen,6550.0,sedan,150,1.6,Petrol,yes,2001,Bora,24,6.25,8.787220328629298,0,0.0
BMW,7100.0,sedan,313,2.0,Gas,yes,1997,520,28,11.18,8.867850063029406,1,2.0
Volkswagen,3700.0,sedan,370,2.0,Gas,yes,1992,Passat B3,33,11.21,8.216088098632316,0,0.0
Toyota,20999.0,sedan,77,2.5,Gas,yes,2012,Camry,13,5.92,9.952230096524119,0,0.0
Renault,6750.0,vagon,1,1.5,Diesel,yes,2004,Scenic,21,0.05,8.817297783866575,0,0.0
Toyota,103999.0,crossover,0,4.5,Diesel,yes,2016,Land Cruiser 200,9,0.0,11.552136562692667,0,0.0
Mercedes-Benz,5200.0,sedan,432,3.0,Diesel,yes,1992,E-Class,33,13.09,8.556413904569519,1,3.0
BMW,51000.0,sedan,97,3.0,Diesel,yes,2011,730,14,6.93,10.839580911706463,1,3.0
Toyota,27400.0,crossover,52,3.5,Gas,yes,2012,Venza,13,4.0,10.218298292376161,0,0.0
Toyota,12500.0,crossover,201,2.0,Petrol,yes,2006,Rav 4,19,10.58,9.433483923290392,0,0.0
Mercedes-Benz,24800.0,vagon,118,3.0,Diesel,yes,2010,E-Class,15,7.87,10.118598932153073,1,3.0
Volkswagen,10600.0,sedan,118,1.8,Petrol,yes,2008,Passat B6,17,6.94,9.268609280100158,0,0.0
Mitsubishi,8900.0,other,150,3.0,Petrol,yes,2000,Eclipse,25,6.0,9.093806555720231,0,0.0
Renault,7200.0,van,101,1.5,Diesel,yes,2012,Kangoo,13,7.77,8.881836305004146,0,0.0
BMW,10000.0,sedan,274,4.4,Gas,yes,1998,540,27,10.15,9.210340371976184,1,4.4
Toyota,11700.0,crossover,126,2.4,Gas,yes,2008,Rav 4,17,7.41,9.367344120785848,0,0.0
BMW,64999.0,sedan,15,3.0,Petrol,yes,2012,640,13,1.15,11.082127164144046,1,3.0
Toyota,28900.0,crossover,83,3.5,Gas,yes,2012,Highlander,13,6.38,10.271596874100524,0,0.0
BMW,60500.0,crossover,1,2.0,Diesel,yes,2016,X5,9,0.11,11.010398644018933,1,2.0
Renault,5500.0,sedan,153,1.6,Other,yes,2006,Megane,19,8.05,8.612503371220562,0,0.0
BMW,85900.0,crossover,19,3.0,Diesel,yes,2015,X6,10,1.9,11.360939107972346,1,3.0
BMW,49000.0,vagon,56,5.0,Petrol,yes,2007,M5,18,3.11,10.799575577092764,1,5.0
Audi,22999.0,crossover,125,4.2,Petrol,yes,2008,Q7,17,7.35,10.043206015705211,1,4.2
Mercedes-Benz,22900.0,sedan,197,2.2,Diesel,yes,2010,E-Class,15,13.13,10.03889218954233,1,2.2
BMW,85555.0,sedan,10,3.0,Other,yes,2015,6 Series Gran Coupe,10,1.0,11.35691472296607,1,3.0
Mercedes-Benz,30000.0,crossover,97,2.14,Diesel,yes,2011,ML 250,14,6.93,10.308952660644293,1,2.14
BMW,2600.0,sedan,250,1.6,Petrol,yes,1996,316,29,8.62,7.8632667240095735,1,1.6
Volkswagen,12500.0,crossover,230,3.2,Gas,yes,2003,Touareg,22,10.45,9.433483923290392,0,0.0
BMW,6800.0,sedan,4,2.8,Gas,yes,1995,528,30,0.13,8.824677891164198,1,2.8
Audi,4000.0,sedan,315,2.3,Gas,yes,1991,100,34,9.26,8.294049640102028,1,2.3
Audi,36500.0,crossover,159,3.0,Diesel,yes,2010,Q7,15,10.6,10.505067539570582,1,3.0
Volkswagen,10000.0,van,231,1.9,Diesel,yes,2005,T5 (Transporter),20,11.55,9.210340371976184,0,0.0
Volkswagen,4700.0,hatch,160,2.0,Diesel,no,2006,Golf VI,19,8.42,8.45531778769815,0,0.0
BMW,27900.0,crossover,140,3.0,Diesel,yes,2009,X5,16,8.75,10.236381967809457,1,3.0
Renault,7440.0,other,148,1.5,Diesel,yes,2012,Kangoo,13,11.38,8.914626127827137,0,0.0
Mercedes-Benz,17999.0,van,260,2.2,Diesel,yes,2013,Sprinter 316,12,21.67,9.798071479779479,1,2.2
Volkswagen,7750.0,van,235,1.9,Diesel,yes,2004,T5 (Transporter),21,11.19,8.955448122347393,0,0.0
Mercedes-Benz,7200.0,van,285,2.2,Diesel,yes,2001,Vito,24,11.88,8.881836305004146,1,2.2
Volkswagen,3700.0,hatch,121,1.9,Diesel,yes,1993,Golf III,32,3.78,8.216088098632316,0,0.0
Volkswagen,12000.0,vagon,187,2.0,Diesel,yes,2008,Passat B6,17,11.0,9.392661928770137,0,0.0
Audi,48000.0,crossover,75,3.0,Diesel,yes,2013,Q7,12,6.25,10.778956289890028,1,3.0
BMW,49000.0,sedan,58,4.4,Other,yes,2011,750,14,4.14,10.799575577092764,1,4.4
Mercedes-Benz,69500.0,crossover,84,3.0,Diesel,yes,2014,GL 350,11,7.64,11.149082031552883,1,3.0
BMW,19999.0,crossover,227,3.0,Diesel,yes,2006,X5,19,11.95,9.903437551286085,1,3.0
Volkswagen,30900.0,sedan,30,2.0,Diesel,yes,2014,Passat B7,11,2.73,10.338511462885837,0,0.0
Mercedes-Benz,44000.0,other,39,5.5,Petrol,yes,2009,SL 55 AMG,16,2.44,10.691944912900398,1,5.5
Mercedes-Benz,10200.0,sedan,174,2.6,Gas,yes,2001,E-Class,24,7.25,9.230142999272362,1,2.6
Mercedes-Benz,22000.0,crossover,160,4.0,Diesel,yes,2008,ML 400,17,9.41,9.998797732340453,1,4.0
Mercedes-Benz,46700.0,sedan,115,5.5,Petrol,yes,2011,S 500,14,8.21,10.75149944365699,1,5.5
Mercedes-Benz,9999.0,sedan,322,2.7,Diesel,yes,2000,E-Class,25,12.88,9.21024036697585,1,2.7
Volkswagen,4400.0,other,145,2.4,Diesel,yes,1993,T4 (Transporter),32,4.53,8.389359819906353,0,0.0
Mercedes-Benz,45000.0,sedan,1,1.6,Petrol,yes,2015,C-Class,10,0.1,10.714417768752456,1,1.6
Toyota,63333.0,other,33,4.5,Diesel,yes,2013,Land Cruiser 200,12,2.75,11.056161799302767,0,0.0
Volkswagen,12999.0,van,237,2.5,Diesel,yes,2005,T5 (Transporter),20,11.85,9.47262771040802,0,0.0
Mercedes-Benz,15000.0,other,115,2.2,Diesel,yes,2011,Vito,14,8.21,9.615805480084347,1,2.2
BMW,58500.0,crossover,80,3.0,Diesel,yes,2013,X5,12,6.67,10.976782033219948,1,3.0
Renault,6250.0,van,205,1.6,Petrol,yes,2007,Scenic,18,11.39,8.740336742730447,0,0.0
Volkswagen,8900.0,sedan,160,1.6,Petrol,yes,2006,Jetta,19,8.42,9.093806555720231,0,0.0
Mercedes-Benz,65000.0,other,0,1.6,Petrol,yes,2016,C-Class,9,0.0,11.082142548877775,1,1.6
Volkswagen,15200.0,sedan,185,1.4,Petrol,yes,2011,Golf VI,14,13.21,9.629050706834368,0,0.0
Mercedes-Benz,121500.0,sedan,22,3.0,Diesel,yes,2014,S 350,11,2.0,11.70766954176274,1,3.0
Audi,30999.0,sedan,108,2.0,Diesel,yes,2013,A6,12,9.0,10.341710224882465,1,2.0
BMW,22000.0,other,138,4.8,Petrol,yes,2007,650,18,7.67,9.998797732340453,1,4.8
Mitsubishi,10500.0,crossover,95,3.2,Diesel,no,2008,Pajero Wagon,17,5.59,9.259130536145614,0,0.0
BMW,3900.0,sedan,380,3.0,Gas,yes,1989,530,36,10.56,8.268731832117737,1,3.0
Mitsubishi,9900.0,sedan,55,2.0,Other,yes,2008,Lancer X,17,3.24,9.20029003612268,0,0.0
Mercedes-Benz,3799.0,sedan,210,2.0,Petrol,yes,1995,E-Class,30,7.0,8.242493153187626,1,2.0
BMW,5000.0,sedan,305,2.0,Petrol,yes,1995,520,30,10.17,8.517193191416238,1,2.0
Audi,5300.0,other,370,1.8,Petrol,yes,1997,A6,28,13.21,8.575462099540212,1,1.8
Renault,6450.0,vagon,100,1.5,Diesel,yes,2009,Kangoo,16,6.25,8.771835409789817,0,0.0
Toyota,44700.0,crossover,120,3.5,Petrol,yes,2013,Venza,12,10.0,10.707728780601661,0,0.0
Toyota,17800.0,crossover,220,3.0,Diesel,yes,2004,Land Cruiser Prado,21,10.48,9.786953736280177,0,0.0
BMW,26900.0,sedan,158,5.0,Petrol,yes,2007,M5,18,8.78,10.19988156558993,1,5.0
Volkswagen,14999.0,vagon,128,1.4,Gas,yes,2011,Passat B7,14,9.14,9.61573881119536,0,0.0
Mercedes-Benz,7650.0,sedan,340,5.0,Gas,yes,1997,S 140,28,12.14,8.942460926820582,1,5.0
Volkswagen,12750.0,vagon,130,1.4,Gas,yes,2010,Passat B6,15,8.67,9.453286550586572,0,0.0
Volkswagen,16000.0,hatch,26,1.2,Petrol,yes,2014,Polo,11,2.36,9.680344001221918,0,0.0
Toyota,65000.0,crossover,90,4.5,Diesel,yes,2012,Land Cruiser 200,13,6.92,11.082142548877775,0,0.0
Renault,11999.0,hatch,65,1.5,Diesel,yes,2014,Megane,11,5.91,9.392578591964389,0,0.0
BMW,3000.0,sedan,294,2.0,Diesel,no,1999,320,26,11.31,8.006367567650246,1,2.0
Volkswagen,17900.0,crossover,70,1.4,Petrol,yes,2012,Tiguan,13,5.38,9.792555991828847,0,0.0
Mercedes-Benz,109000.0,crossover,0,3.5,Diesel,yes,2016,GLS 350,9,0.0,11.59910316121128,1,3.5
Mercedes-Benz,4500.0,sedan,409,2.6,Petrol,yes,1991,E-Class,34,12.03,8.411832675758411,1,2.6
Audi,19300.0,sedan,113,1.8,Petrol,yes,2009,A4,16,7.06,9.867860374892977,1,1.8
Volkswagen,11300.0,van,250,2.5,Diesel,yes,2007,T5 (Transporter),18,13.89,9.332558004700433,0,0.0
Mitsubishi,18800.0,crossover,47,3.0,Petrol,yes,2008,Pajero Wagon,17,2.76,9.84161214881804,0,0.0
Mercedes-Benz,4150.0,other,277,2.2,Diesel,yes,2000,Vito,25,11.08,8.330863613224745,1,2.2
Volkswagen,14000.0,crossover,194,3.2,Gas,yes,2004,Touareg,21,9.24,9.546812608597396,0,0.0
Mercedes-Benz,13995.0,van,126,2.2,Diesel,yes,2013,Vito,12,10.5,9.546455401949554,1,2.2
Renault,6400.0,other,209,1.5,Diesel,yes,2005,Scenic,20,10.45,8.764053269347762,0,0.0
Renault,4900.0,sedan,90,1.4,Gas,yes,2008,Symbol,17,5.29,8.496990484098719,0,0.0
Audi,6400.0,sedan,261,1.8,Gas,yes,2000,A6,25,10.44,8.764053269347762,1,1.8
Renault,9400.0,van,270,2.0,Diesel,yes,2007,Trafic,18,15.0,9.148464968258095,0,0.0
Toyota,15400.0,sedan,152,3.5,Gas,yes,2007,Avalon,18,8.44,9.642122788401721,0,0.0
Volkswagen,2900.0,sedan,238,2.0,Gas,no,2002,Passat B5,23,10.35,7.9724660159745655,0,0.0
Renault,9500.0,vagon,78,1.5,Diesel,yes,2014,Kangoo,11,7.09,9.159047077588632,0,0.0
Volkswagen,23000.0,sedan,75,2.0,Petrol,yes,2013,Passat CC,12,6.25,10.043249494911286,0,0.0
Toyota,10600.0,crossover,185,2.0,Gas,yes,2005,Rav 4,20,9.25,9.268609280100158,0,0.0
Audi,2550.0,sedan,304,2.5,Diesel,no,1998,A6,27,11.26,7.843848638152472,1,2.5
Volkswagen,8500.0,sedan,87,1.6,Petrol,yes,2011,Polo,14,6.21,9.047821442478408,0,0.0
Audi,10500.0,vagon,243,2.5,Diesel,yes,2003,A6,22,11.05,9.259130536145614,1,2.5
Mercedes-Benz,18000.0,sedan,99,1.8,Petrol,yes,2008,C-Class,17,5.82,9.798127036878302,1,1.8
Mitsubishi,1550.0,hatch,1,1.8,Diesel,yes,1990,Galant,35,0.03,7.346010209913293,0,0.0
BMW,3800.0,sedan,250,3.0,Diesel,no,2002,330,23,10.87,8.242756345714477,1,3.0
BMW,42000.0,crossover,128,4.4,Petrol,yes,2011,X5 M,14,9.14,10.645424897265505,1,4.4
Mitsubishi,8500.0,sedan,110,2.0,Petrol,yes,2008,Lancer X,17,6.47,9.047821442478408,0,0.0
Toyota,24900.0,sedan,30,2.5,Petrol,yes,2014,Camry,11,2.73,10.1226230824528,0,0.0
Volkswagen,10200.0,vagon,186,2.0,Diesel,yes,2005,Passat B6,20,9.3,9.230142999272362,0,0.0
BMW,14200.0,sedan,135,3.0,Gas,yes,2004,530,21,6.43,9.560997243589352,1,3.0
Volkswagen,22500.0,crossover,151,3.0,Diesel,yes,2009,Touareg,16,9.44,10.021270588192511,0,0.0
BMW,4500.0,vagon,360,2.0,Petrol,yes,1993,520,32,11.25,8.411832675758411,1,2.0
BMW,8300.0,sedan,197,3.0,Petrol,yes,2001,530,24,8.21,9.02401079378469,1,3.0
Toyota,14300.0,hatch,60,1.6,Petrol,yes,2013,Auris,12,5.0,9.568014816247999,0,0.0
Renault,18456.16,crossover,1,1.5,Diesel,yes,2016,Duster,9,0.11,9.823153469083458,0,0.0
Renault,6999.0,van,173,1.5,Diesel,yes,2006,Scenic,19,9.11,8.85352256068954,0,0.0
Mitsubishi,7500.0,sedan,94,1.6,Petrol,yes,2007,Lancer,18,5.22,8.922658299524402,0,0.0
Volkswagen,2850.0,sedan,350,2.0,Petrol,yes,1990,Passat B3,35,10.0,7.955074273262696,0,0.0
Mercedes-Benz,5800.0,van,282,2.2,Diesel,yes,2001,Vito,24,11.75,8.66561319653451,1,2.2
Toyota,3700.0,hatch,282,1.4,Petrol,yes,1995,Corolla,30,9.4,8.216088098632316,0,0.0
Renault,6555.0,vagon,180,1.5,Diesel,yes,2005,Megane,20,9.0,8.7879833961978,0,0.0
Volkswagen,23999.0,sedan,80,1.8,Petrol,yes,2012,Passat CC,13,6.15,10.085767441795337,0,0.0
Mitsubishi,21500.0,crossover,47,2.4,Petrol,yes,2012,Outlander XL,13,3.62,9.975808214115753,0,0.0
Volkswagen,5700.0,sedan,300,1.8,Petrol,yes,2001,Passat B5,24,12.5,8.648221453822641,0,0.0
Volkswagen,4500.0,vagon,220,2.0,Diesel,no,2005,Touran,20,11.0,8.411832675758411,0,0.0
BMW,6800.0,sedan,297,2.5,Petrol,yes,2000,525,25,11.88,8.824677891164198,1,2.5
Toyota,22900.0,sedan,84,2.5,Petrol,yes,2012,Camry,13,6.46,10.03889218954233,0,0.0
Volkswagen,8500.0,van,210,2.5,Diesel,yes,2003,T4 (Transporter),22,9.55,9.047821442478408,0,0.0
Renault,8700.0,van,183,1.9,Diesel,yes,2004,Trafic,21,8.71,9.071078304642676,0,0.0
BMW,12200.0,sedan,239,3.0,Diesel,yes,2001,730,24,9.96,9.409191230721348,1,3.0
BMW,23900.0,crossover,235,3.0,Diesel,yes,2007,X5,18,13.06,10.081633737919603,1,3.0
Mitsubishi,16000.0,vagon,174,3.2,Diesel,yes,2006,Pajero Wagon,19,9.16,9.680344001221918,0,0.0
Mitsubishi,7000.0,sedan,158,1.6,Petrol,yes,2007,Lancer,18,8.78,8.85366542803745,0,0.0
Renault,9450.0,vagon,215,1.5,Diesel,yes,2008,Laguna,17,12.65,9.153770020487789,0,0.0
Mercedes-Benz,41900.0,sedan,95,6.3,Other,yes,2011,S 550,14,6.79,10.643041105910228,1,6.3
Mitsubishi,7400.0,sedan,148,1.6,Petrol,yes,2008,Lancer,17,8.71,8.909235279192261,0,0.0
Renault,2350.0,vagon,245,1.9,Diesel,no,2003,Laguna,22,11.14,7.762170607138205,0,0.0
Audi,3390.0,sedan,289,2.5,Diesel,no,2002,A6,23,12.57,8.128585200374497,1,2.5
BMW,40755.0,sedan,0,2.0,Petrol,yes,2016,520,9,0.0,10.615333810528558,1,2.0
Volkswagen,3300.0,vagon,430,1.8,Petrol,yes,1991,Passat B3,34,12.65,8.101677747454572,0,0.0
Volkswagen,49500.0,crossover,80,3.0,Diesel,yes,2014,Touareg,11,7.27,10.809727948556782,0,0.0
Renault,8700.0,hatch,100,1.5,Diesel,yes,2010,Megane,15,6.67,9.071078304642676,0,0.0
BMW,17700.0,sedan,98,2.0,Petrol,yes,2011,320,14,7.0,9.78131991856192,1,2.0
BMW,17900.0,sedan,69,2.0,Petrol,yes,2008,320,17,4.06,9.792555991828847,1,2.0
Mercedes-Benz,5500.0,sedan,269,2.2,Petrol,yes,1994,E-Class,31,8.68,8.612503371220562,1,2.2
Mercedes-Benz,6200.0,sedan,221,1.8,Gas,yes,2004,E-Class,21,10.52,8.732304571033183,1,1.8
Mercedes-Benz,3500.0,van,257,2.2,Diesel,no,2002,C-Class,23,11.17,8.160518247477505,1,2.2
BMW,8100.0,vagon,180,2.0,Diesel,no,2011,118,14,12.86,8.99961934066053,1,2.0
Toyota,2499.0,vagon,254,2.0,Diesel,no,2000,Avensis,25,10.16,7.823645930834952,0,0.0
Audi,3150.0,sedan,10,2.8,Petrol,yes,1991,100,34,0.29,8.055157731819678,1,2.8
Audi,4000.0,sedan,380,2.8,Petrol,yes,1997,A6,28,13.57,8.294049640102028,1,2.8
Audi,4000.0,vagon,234,2.5,Diesel,no,2001,A6,24,9.75,8.294049640102028,1,2.5
BMW,2050.0,vagon,300,2.5,Diesel,no,1997,525,28,10.71,7.6255950721324535,1,2.5
Mercedes-Benz,2600.0,hatch,178,1.7,Diesel,no,1999,A 170,26,6.85,7.8632667240095735,1,1.7
Mercedes-Benz,24500.0,sedan,222,5.5,Petrol,yes,2005,S 550,20,11.1,10.106428396532818,1,5.5
BMW,14600.0,sedan,116,2.5,Diesel,yes,2004,525,21,5.52,9.588776807696428,1,2.5
Mercedes-Benz,16900.0,van,180,3.0,Diesel,yes,2008,Vito,17,10.59,9.735068900911164,1,3.0
Volkswagen,14500.0,crossover,173,2.5,Diesel,yes,2005,Touareg,20,8.65,9.581903928408666,0,0.0
Volkswagen,38365.0,sedan,0,2.0,Diesel,yes,2016,Passat B8,9,0.0,10.554900864611765,0,0.0
Renault,5000.0,sedan,200,1.4,Petrol,yes,2007,Clio,18,11.11,8.517193191416238,0,0.0
Toyota,42000.0,crossover,97,4.0,Petrol,yes,2010,4Runner,15,6.47,10.645424897265505,0,0.0
BMW,35500.0,sedan,67,3.0,Petrol,yes,2011,535,14,4.79,10.477287975463508,1,3.0
BMW,3000.0,sedan,190,2.0,Petrol,no,2000,520,25,7.6,8.006367567650246,1,2.0
BMW,22600.0,crossover,69,3.0,Petrol,no,2013,X6,12,5.75,10.025705185260378,1,3.0
Volkswagen,12900.0,other,142,2.0,Petrol,yes,2007,Eos,18,7.89,9.464982590349763,0,0.0
Mercedes-Benz,7600.0,van,240,2.2,Diesel,yes,2005,Vito,20,12.0,8.935903526274423,1,2.2
Toyota,37700.0,crossover,47,5.7,Gas,yes,2009,Sequoia,16,2.94,10.537415373436103,0,0.0
Toyota,8300.0,sedan,168,2.0,Petrol,yes,2004,Avensis,21,8.0,9.02401079378469,0,0.0
BMW,65500.0,crossover,1,2.0,Diesel,yes,2016,X5,9,0.11,11.089805421623343,1,2.0
Audi,34500.0,sedan,71,2.8,Petrol,yes,2012,A6,13,5.46,10.448714603019452,1,2.8
Toyota,7500.0,sedan,185,3.0,Gas,yes,2004,Camry,21,8.81,8.922658299524402,0,0.0
Volkswagen,13900.0,vagon,123,1.4,Gas,yes,2013,Touran,12,10.25,9.539644119118783,0,0.0
Renault,4000.0,van,194,1.9,Diesel,yes,2000,Kangoo,25,7.76,8.294049640102028,0,0.0
Audi,2300.0,vagon,250,2.5,Diesel,no,2001,A6,24,10.42,7.7406644019172415,1,2.5
Renault,5650.0,van,140,1.4,Petrol,yes,2009,Kangoo,16,8.75,8.639410824140487,0,0.0
Volkswagen,11800.0,other,200,1.9,Diesel,yes,2007,T5 (Transporter),18,11.11,9.375854810453756,0,0.0
Audi,44000.0,hatch,1,1.4,Petrol,yes,2016,A5,9,0.11,10.691944912900398,1,1.4
Audi,23400.0,crossover,105,4.2,Gas,yes,2007,Q7,18,5.83,10.060491301345794,1,4.2
BMW,2666.0,sedan,360,2.5,Diesel,no,1996,525,29,12.41,7.888334500738654,1,2.5
BMW,23900.0,crossover,60,2.0,Petrol,yes,2013,X1,12,5.0,10.081633737919603,1,2.0
Toyota,14000.0,sedan,25,2.5,Petrol,yes,2014,Camry,11,2.27,9.546812608597396,0,0.0
BMW,69999.0,crossover,1,2.0,Petrol,yes,2016,X5,9,0.11,11.156236235215168,1,2.0
Mercedes-Benz,58999.0,crossover,0,2.2,Diesel,yes,2016,GLC-Class,9,0.0,10.985275773591676,1,2.2
Audi,22500.0,other,71,3.6,Petrol,yes,2007,Q7,18,3.94,10.021270588192511,1,3.6
Toyota,10300.0,sedan,108,1.6,Petrol,yes,2008,Corolla,17,6.35,9.239899174217728,0,0.0
Renault,9300.0,van,200,1.5,Diesel,yes,2009,Grand Scenic,16,12.5,9.137769679141348,0,0.0
Audi,37800.0,other,126,3.0,Diesel,yes,2010,Q7,15,8.4,10.54006438160768,1,3.0
Toyota,10400.0,sedan,144,1.3,Petrol,yes,2012,Corolla,13,11.08,9.249561085129464,0,0.0
Renault,6700.0,van,160,1.5,Diesel,yes,2012,Kangoo,13,12.31,8.809862805379057,0,0.0
Renault,7400.0,van,156,1.5,Diesel,yes,2012,Kangoo,13,12.0,8.909235279192261,0,0.0
Renault,11200.0,van,157,1.5,Diesel,yes,2012,Grand Scenic,13,12.08,9.323669057283185,0,0.0
Toyota,25900.0,crossover,97,4.0,Petrol,yes,2009,Land Cruiser Prado,16,6.06,10.16199824768763,0,0.0
Mercedes-Benz,11500.0,van,381,2.2,Diesel,yes,2006,Vito,19,20.05,9.350102314351341,1,2.2
Renault,11500.0,vagon,230,1.5,Diesel,yes,2012,Megane,13,17.69,9.350102314351341,0,0.0
Toyota,2600.0,sedan,218,2.2,Petrol,yes,1994,Camry,31,7.03,7.8632667240095735,0,0.0
Mercedes-Benz,55000.0,crossover,40,4.6,Petrol,yes,2013,ML 500,12,3.33,10.915088464214607,1,4.6
Renault,6650.0,hatch,274,1.5,Diesel,yes,2006,Scenic,19,14.42,8.8023721336499,0,0.0
Mercedes-Benz,11900.0,van,215,2.2,Diesel,yes,2011,Vito,14,15.36,9.38429367909962,1,2.2
Renault,8600.0,van,100,1.5,Diesel,yes,2012,Kangoo,13,7.69,9.0595174822416,0,0.0
Mercedes-Benz,6700.0,van,310,2.2,Diesel,yes,2001,Vito,24,12.92,8.809862805379057,1,2.2
Volkswagen,21500.0,crossover,178,3.0,Diesel,yes,2008,Touareg,17,10.47,9.975808214115753,0,0.0
Toyota,17777.0,other,120,2.7,Gas,yes,2006,Land Cruiser Prado,19,6.32,9.785660765922685,0,0.0
BMW,29000.0,sedan,170,2.0,Diesel,yes,2011,520,14,12.14,10.275051108968611,1,2.0
Volkswagen,7300.0,sedan,125,1.6,Petrol,yes,2005,Golf Plus,20,6.25,8.895629627136483,0,0.0
BMW,58000.0,crossover,64,2.0,Diesel,yes,2015,X5,10,6.4,10.968198289528557,1,2.0
Toyota,43999.0,other,1,2.8,Diesel,yes,2016,Hilux,9,0.11,10.691922185369403,0,0.0
Volkswagen,16450.0,van,143,2.0,Diesel,yes,2012,T5 (Transporter) ,13,11.0,9.708080756193517,0,0.0
Toyota,26900.0,crossover,118,2.7,Petrol,yes,2011,Land Cruiser Prado,14,8.43,10.19988156558993,0,0.0
BMW,13900.0,sedan,262,4.0,Diesel,yes,2003,740,22,11.91,9.539644119118783,1,4.0
Mercedes-Benz,5500.0,sedan,250,2.7,Diesel,no,2003,E-Class,22,11.36,8.612503371220562,1,2.7
Volkswagen,3350.0,other,223,1.9,Diesel,yes,1997,Caddy,28,7.96,8.116715624819111,0,0.0
Volkswagen,9800.0,hatch,98,1.6,Gas,yes,2010,Golf V,15,6.53,9.190137664658664,0,0.0
Mercedes-Benz,13899.0,hatch,232,3.0,Diesel,yes,2007,Vito,18,12.89,9.539572174084759,1,3.0
Mercedes-Benz,15200.0,sedan,195,3.0,Diesel,yes,2007,E-Class,18,10.83,9.629050706834368,1,3.0
Toyota,8900.0,sedan,87,1.6,Petrol,yes,2008,Corolla,17,5.12,9.093806555720231,0,0.0
Mitsubishi,17800.0,crossover,111,2.4,Petrol,yes,2011,Outlander XL,14,7.93,9.786953736280177,0,0.0
Audi,2650.0,vagon,270,2.5,Diesel,no,2001,A6,24,11.25,7.882314918980268,1,2.5
Mitsubishi,10200.0,sedan,102,2.0,Gas,yes,2008,Lancer X,17,6.0,9.230142999272362,0,0.0
Toyota,12500.0,sedan,150,2.4,Petrol,yes,2007,Camry,18,8.33,9.433483923290392,0,0.0
Audi,2500.0,hatch,200,1.6,Petrol,no,1999,A3,26,7.69,7.824046010856292,1,1.6
Toyota,16200.0,crossover,219,2.7,Petrol,yes,2006,Land Cruiser Prado,19,11.53,9.692766521220475,0,0.0
BMW,28000.0,sedan,127,2.5,Petrol,yes,2010,523,15,8.47,10.239959789157341,1,2.5
Mercedes-Benz,5000.0,sedan,240,2.2,Diesel,no,2004,E-Class,21,11.43,8.517193191416238,1,2.2
Toyota,8900.0,sedan,154,1.6,Gas,yes,2008,Corolla,17,9.06,9.093806555720231,0,0.0
BMW,29900.0,crossover,182,3.0,Petrol,yes,2008,X6,17,10.71,10.305613759378778,1,3.0
Mercedes-Benz,12950.0,other,199,2.2,Diesel,yes,2012,Vito,13,15.31,9.468851067127684,1,2.2
Volkswagen,19999.0,van,152,2.0,Diesel,yes,2012,Sharan,13,11.69,9.903437551286085,0,0.0
Audi,10000.0,sedan,131,1.8,Petrol,yes,2005,A4,20,6.55,9.210340371976184,1,1.8
BMW,39500.0,vagon,93,2.0,Diesel,yes,2012,525,13,7.15,10.584055950889214,1,2.0
Volkswagen,7900.0,other,123,1.4,Petrol,yes,2008,Polo,17,7.24,8.974618038455112,0,0.0
Mercedes-Benz,15900.0,sedan,216,5.0,Petrol,yes,2007,E-Class,18,12.0,9.674074388208323,1,5.0
Mitsubishi,6700.0,sedan,155,1.6,Gas,yes,2007,Lancer,18,8.61,8.809862805379057,0,0.0
Renault,9500.0,van,189,2.0,Diesel,yes,2010,Trafic,15,12.6,9.159047077588632,0,0.0
Audi,3600.0,sedan,374,2.5,Diesel,no,2001,A8,24,15.58,8.1886891244442,1,2.5
Renault,9150.0,van,220,2.0,Diesel,yes,2007,Trafic,18,12.22,9.121509158269568,0,0.0
Mercedes-Benz,12900.0,van,185,2.2,Diesel,yes,2011,Vito,14,13.21,9.464982590349763,1,2.2
Renault,11500.0,vagon,175,1.5,Diesel,yes,2011,Megane,14,12.5,9.350102314351341,0,0.0
Toyota,39500.0,other,1,2.8,Diesel,yes,2016,Hilux,9,0.11,10.584055950889214,0,0.0
Renault,4200.0,sedan,310,1.4,Petrol,yes,2003,Symbol,22,14.09,8.34283980427146,0,0.0
BMW,4100.0,sedan,26,3.0,Diesel,no,2001,530,24,1.08,8.318742252692399,1,3.0
Volkswagen,9200.0,van,248,1.9,Diesel,yes,2007,T5 (Transporter) ,18,13.78,9.126958763037132,0,0.0
Audi,11400.0,crossover,250,2.5,Diesel,yes,2005,A6 Allroad,20,12.5,9.341368634382587,1,2.5
Volkswagen,24000.0,sedan,3,1.6,Diesel,yes,2016,Jetta,9,0.33,10.085809109330082,0,0.0
Renault,1800.0,hatch,1,1.4,Gas,yes,1988,11,37,0.03,7.495541943884256,0,0.0
Mercedes-Benz,3799.0,sedan,210,2.0,Petrol,yes,1995,200,30,7.0,8.242493153187626,1,2.0
Mercedes-Benz,110000.0,crossover,0,3.0,Diesel,yes,2016,GLS 350,9,0.0,11.608235644774552,1,3.0
BMW,16999.0,vagon,213,3.0,Diesel,yes,2007,530,18,11.83,9.74090979777877,1,3.0
Audi,6700.0,sedan,340,2.6,Gas,yes,1997,A6,28,12.14,8.809862805379057,1,2.6
Toyota,2200.0,hatch,50,2.0,Petrol,yes,1991,Carina,34,1.47,7.696212639346407,0,0.0
Toyota,4500.0,sedan,238,1.8,Petrol,yes,1996,Carina,29,8.21,8.411832675758411,0,0.0
BMW,10999.0,sedan,225,3.0,Diesel,yes,2003,530,22,10.23,9.305559638557117,1,3.0
BMW,4000.0,sedan,380,2.0,Petrol,yes,1991,320,34,11.18,8.294049640102028,1,2.0
Volkswagen,5400.0,vagon,250,1.6,Petrol,yes,2003,Golf IV,22,11.36,8.594154232552366,0,0.0
Mercedes-Benz,1700.0,sedan,300,2.0,Gas,no,1998,E-Class,27,11.11,7.438383530044307,1,2.0
Audi,4000.0,sedan,320,2.8,Petrol,yes,1992,100,33,9.7,8.294049640102028,1,2.8
Mercedes-Benz,55000.0,crossover,127,5.5,Petrol,yes,2008,G 55 AMG,17,7.47,10.915088464214607,1,5.5
BMW,2500.0,sedan,44,2.5,Diesel,no,1997,525,28,1.57,7.824046010856292,1,2.5
Mitsubishi,15999.0,crossover,149,3.0,Gas,yes,2008,Pajero Wagon,17,8.76,9.680281499268713,0,0.0
Mercedes-Benz,7800.0,hatch,125,2.3,Petrol,yes,2001,C-Class,24,5.21,8.961879012677683,1,2.3
Volkswagen,12114.35,sedan,0,1.6,Petrol,yes,2016,Polo,9,0.0,9.402145979314374,0,0.0
Volkswagen,12500.0,sedan,118,1.6,Diesel,yes,2011,Golf VI,14,8.43,9.433483923290392,0,0.0
Renault,11500.0,van,160,1.5,Diesel,yes,2010,Grand Scenic,15,10.67,9.350102314351341,0,0.0
Volkswagen,10999.0,other,240,2.5,Diesel,yes,2005,LT,20,12.0,9.305559638557117,0,0.0
Mercedes-Benz,15300.0,other,234,2.2,Diesel,yes,2008,Sprinter 315,17,13.76,9.635608107380527,1,2.2
Mercedes-Benz,12300.0,sedan,300,2.2,Diesel,yes,2003,E-Class,22,13.64,9.417354541360508,1,2.2
Volkswagen,12400.0,other,248,2.5,Diesel,yes,2007,T5 (Transporter),18,13.78,9.425451751593128,0,0.0
Mercedes-Benz,50800.0,crossover,30,3.5,Diesel,yes,2013,ML 350,12,2.5,10.835651633566574,1,3.5
Renault,6800.0,van,119,1.5,Diesel,yes,2012,Kangoo,13,9.15,8.824677891164198,0,0.0
BMW,6399.0,sedan,282,2.0,Petrol,yes,1995,520,30,9.4,8.76389700713946,1,2.0
Audi,3550.0,sedan,196,2.8,Petrol,no,1997,A8,28,7.0,8.174702882469461,1,2.8
BMW,31800.0,sedan,115,3.0,Diesel,yes,2010,5 Series GT,15,7.67,10.367221568768269,1,3.0
Volkswagen,1700.0,hatch,247,1.4,Petrol,no,1999,Golf IV,26,9.5,7.438383530044307,0,0.0
Mercedes-Benz,14900.0,sedan,171,3.2,Gas,yes,2006,E-Class,19,9.0,9.60911649193355,1,3.2
Mercedes-Benz,5100.0,sedan,295,3.0,Diesel,yes,1994,E-Class,31,9.52,8.536995818712418,1,3.0
Renault,12800.0,hatch,125,1.1,Diesel,yes,2012,Laguna,13,9.62,9.457200449907708,0,0.0
BMW,5650.0,sedan,284,2.0,Petrol,yes,1998,520,27,10.52,8.639410824140487,1,2.0
Audi,5200.0,sedan,250,1.8,Other,yes,1996,A4,29,8.62,8.556413904569519,1,1.8
Renault,10100.0,vagon,190,2.0,Diesel,yes,2012,Trafic,13,14.62,9.22029070282935,0,0.0
Mercedes-Benz,14750.0,sedan,220,3.0,Diesel,yes,2005,E-Class,20,11.0,9.598998361767967,1,3.0
Volkswagen,4500.0,sedan,230,2.0,Gas,yes,1996,Passat B4,29,7.93,8.411832675758411,0,0.0
Audi,19500.0,crossover,186,4.2,Petrol,yes,2006,Q7,19,9.79,9.878169744551839,1,4.2
BMW,5400.0,crossover,250,3.0,Petrol,no,2003,X5,22,11.36,8.594154232552366,1,3.0
Mercedes-Benz,12900.0,sedan,255,2.7,Diesel,yes,2003,E-Class,22,11.59,9.464982590349763,1,2.7
Mitsubishi,15900.0,crossover,138,3.0,Gas,yes,2008,Pajero Wagon,17,8.12,9.674074388208323,0,0.0
Renault,11800.0,other,179,1.5,Diesel,yes,2012,Megane,13,13.77,9.375854810453756,0,0.0
BMW,34500.0,sedan,45,2.0,Petrol,yes,2013,320,12,3.75,10.448714603019452,1,2.0
Renault,6200.0,van,228,2.5,Diesel,yes,2005,Trafic,20,11.4,8.732304571033183,0,0.0
Mercedes-Benz,16500.0,other,107,2.2,Diesel,yes,2010,Vito,15,7.13,9.711115659888671,1,2.2
Toyota,22500.0,sedan,12,2.5,Petrol,yes,2014,Camry,11,1.09,10.021270588192511,0,0.0
Audi,8700.0,sedan,202,3.7,Gas,yes,1998,A8,27,7.48,9.071078304642676,1,3.7
Audi,35900.0,sedan,105,2.0,Diesel,yes,2014,A6,11,9.55,10.48849257447637,1,2.0
Mercedes-Benz,6800.0,van,242,2.2,Diesel,yes,1999,Vito,26,9.31,8.824677891164198,1,2.2
Mitsubishi,18500.0,crossover,135,3.0,Gas,yes,2009,Pajero Wagon,16,8.44,9.825526011066415,0,0.0
BMW,12300.0,sedan,140,2.0,Petrol,yes,2005,318,20,7.0,9.417354541360508,1,2.0
Toyota,18800.0,vagon,89,1.8,Petrol,yes,2012,Avensis,13,6.85,9.84161214881804,0,0.0
Mercedes-Benz,11700.0,crossover,284,4.0,Diesel,yes,2004,ML 400,21,13.52,9.367344120785848,1,4.0
Audi,14900.0,crossover,183,3.6,Petrol,no,2007,Q7,18,10.17,9.60911649193355,1,3.6
Volkswagen,8900.0,sedan,144,1.6,Petrol,yes,2013,Polo,12,12.0,9.093806555720231,0,0.0
Volkswagen,9000.0,sedan,223,2.5,Diesel,yes,2007,T5 (Transporter),18,12.39,9.104979856318357,0,0.0
BMW,7250.0,sedan,300,2.8,Petrol,yes,1999,528,26,11.54,8.88875674784872,1,2.8
Mercedes-Benz,35900.0,crossover,254,5.0,Gas,yes,2004,G 500,21,12.1,10.48849257447637,1,5.0
Toyota,14900.0,sedan,110,3.5,Petrol,yes,2008,Camry,17,6.47,9.60911649193355,0,0.0
Volkswagen,14900.0,van,170,1.6,Diesel,yes,2012,Touran,13,13.08,9.60911649193355,0,0.0
Mercedes-Benz,46500.0,crossover,127,5.0,Petrol,yes,2008,G 500,17,7.47,10.747207591575448,1,5.0
Mercedes-Benz,7900.0,other,206,2.2,Diesel,yes,2004,Vito,21,9.81,8.974618038455112,1,2.2
Toyota,35999.0,crossover,102,4.0,Petrol,yes,2011,Land Cruiser Prado,14,7.29,10.49124643927466,0,0.0
Volkswagen,7300.0,van,240,1.9,Diesel,yes,2005,Caddy,20,12.0,8.895629627136483,0,0.0
BMW,12600.0,sedan,219,3.6,Petrol,yes,2002,735,23,9.52,9.441452092939569,1,3.6
BMW,9000.0,sedan,225,2.2,Gas,yes,2002,320,23,9.78,9.104979856318357,1,2.2
BMW,37200.0,other,115,3.0,Diesel,yes,2011,X5,14,8.21,10.524064040261237,1,3.0
Audi,63200.0,sedan,0,2.0,Petrol,yes,2016,A6,9,0.0,11.054059580134949,1,2.0
Mercedes-Benz,4100.0,sedan,410,2.2,Diesel,yes,1998,E-Class,27,15.19,8.318742252692399,1,2.2
Mercedes-Benz,11800.0,sedan,215,3.2,Petrol,yes,2003,E-Class,22,9.77,9.375854810453756,1,3.2
Audi,4000.0,vagon,300,2.5,Diesel,no,2001,A6,24,12.5,8.294049640102028,1,2.5
Volkswagen,9900.0,van,149,1.6,Diesel,yes,2013,Caddy,12,12.42,9.20029003612268,0,0.0
BMW,9999.0,sedan,271,3.0,Diesel,yes,2001,530,24,11.29,9.21024036697585,1,3.0
Volkswagen,11500.0,sedan,118,2.0,Petrol,yes,2007,Passat B6,18,6.56,9.350102314351341,0,0.0
BMW,4850.0,sedan,280,3.0,Diesel,no,1999,730,26,10.77,8.48673398393153,1,3.0
Mitsubishi,5850.0,hatch,130,1.3,Petrol,yes,2005,Colt,20,6.5,8.674196940225903,0,0.0
BMW,32000.0,crossover,138,3.0,Petrol,yes,2009,X6,16,8.62,10.373491181781864,1,3.0
Toyota,61990.0,crossover,68,4.5,Diesel,yes,2012,Land Cruiser 200,13,5.23,11.034728360695965,0,0.0
Toyota,8888.0,sedan,172,1.8,Gas,yes,2005,Avensis,20,8.6,9.092457331319466,0,0.0
Mitsubishi,12700.0,crossover,110,2.4,Gas,yes,2008,Outlander XL,17,6.47,9.449357272446683,0,0.0
Toyota,28500.0,sedan,16,2.5,Petrol,yes,2015,Camry,10,1.6,10.257659366256743,0,0.0
BMW,47777.0,crossover,142,3.0,Other,yes,2011,X6,14,10.14,10.774299631131253,1,3.0
BMW,16700.0,sedan,150,2.0,Diesel,yes,2008,520,17,8.82,9.723163998404846,1,2.0
Toyota,12900.0,sedan,134,2.4,Gas,yes,2007,Camry,18,7.44,9.464982590349763,0,0.0
Volkswagen,9900.0,van,300,2.5,Diesel,yes,2007,T5 (Transporter),18,16.67,9.20029003612268,0,0.0
Toyota,51500.0,crossover,70,3.0,Diesel,yes,2015,Land Cruiser Prado,10,7.0,10.849337086651827,0,0.0
Volkswagen,6200.0,van,180,2.0,Diesel,yes,2005,Caddy,20,9.0,8.732304571033183,0,0.0
Audi,13333.0,other,178,2.0,Diesel,yes,2008,A6,17,10.47,9.497997444115459,1,2.0
Volkswagen,7777.0,other,214,2.0,Other,yes,2007,Caddy,18,11.89,8.958925938694943,0,0.0
Volkswagen,20600.0,sedan,107,1.8,Petrol,yes,2012,Passat CC,13,8.23,9.933046354777673,0,0.0
Volkswagen,9500.0,van,188,1.9,Diesel,yes,2006,T5 (Transporter),19,9.89,9.159047077588632,0,0.0
Mercedes-Benz,17500.0,van,220,3.0,Diesel,yes,2012,Vito,13,16.92,9.769956159911606,1,3.0
Volkswagen,9000.0,sedan,178,1.9,Diesel,yes,2009,Jetta,16,11.12,9.104979856318357,0,0.0
Volkswagen,10500.0,van,246,2.5,Diesel,yes,2006,T5 (Transporter),19,12.95,9.259130536145614,0,0.0
Mercedes-Benz,11300.0,sedan,363,3.2,Gas,yes,2004,E-Class,21,17.29,9.332558004700433,1,3.2
Renault,9200.0,hatch,12,1.2,Petrol,yes,2013,Sandero,12,1.0,9.126958763037132,0,0.0
BMW,18500.0,sedan,114,2.0,Gas,yes,2008,520,17,6.71,9.825526011066415,1,2.0
Volkswagen,28713.75,hatch,0,2.0,Diesel,yes,2015,Golf VII,10,0.0,10.265131381095443,0,0.0
BMW,31500.0,crossover,130,3.0,Diesel,yes,2010,X5,15,8.67,10.357742824813725,1,3.0
Toyota,11999.0,sedan,139,3.5,Petrol,yes,2008,Camry,17,8.18,9.392578591964389,0,0.0
BMW,67431.0,crossover,0,2.0,Diesel,yes,2016,X5,9,0.0,11.118860131812937,1,2.0
Volkswagen,3500.0,hatch,220,2.0,Petrol,yes,1994,Golf III,31,7.1,8.160518247477505,0,0.0
Renault,9300.0,van,94,2.0,Diesel,yes,2012,Trafic,13,7.23,9.137769679141348,0,0.0
BMW,62000.0,crossover,1,2.0,Diesel,yes,2016,X5,9,0.11,11.03488966402723,1,2.0
BMW,57000.0,crossover,47,3.0,Diesel,yes,2014,X6,11,4.27,10.950806546816688,1,3.0
Volkswagen,7900.0,van,229,1.9,Diesel,yes,2001,T4 (Transporter),24,9.54,8.974618038455112,0,0.0
BMW,4400.0,sedan,300,2.0,Petrol,yes,1995,520,30,10.0,8.389359819906353,1,2.0
BMW,62900.0,crossover,1,2.0,Diesel,yes,2016,X5,9,0.11,11.049301442688533,1,2.0
Mercedes-Benz,23900.0,sedan,124,1.8,Petrol,yes,2012,E-Class,13,9.54,10.081633737919603,1,1.8
Audi,21900.0,other,114,3.2,Petrol,yes,2009,A5,16,7.12,9.994241915804592,1,3.2
BMW,15250.0,other,144,3.0,Petrol,yes,2004,530,21,6.86,9.632334782035558,1,3.0
Mercedes-Benz,4300.0,sedan,280,1.8,Petrol,yes,1993,C-Class,32,8.75,8.366370301681654,1,1.8
Mercedes-Benz,14600.0,van,217,2.2,Diesel,yes,2012,Vito,13,16.69,9.588776807696428,1,2.2
Toyota,15000.0,crossover,184,2.7,Gas,yes,2005,Land Cruiser Prado,20,9.2,9.615805480084347,0,0.0
Mercedes-Benz,5300.0,van,212,2.2,Diesel,yes,2000,Vito,25,8.48,8.575462099540212,1,2.2
Mercedes-Benz,7000.0,sedan,190,2.6,Petrol,yes,2001,210,24,7.92,8.85366542803745,1,2.6
BMW,13900.0,other,80,3.0,Petrol,yes,2002,330,23,3.48,9.539644119118783,1,3.0
Toyota,29000.0,crossover,120,4.0,Gas,yes,2008,Land Cruiser Prado,17,7.06,10.275051108968611,0,0.0
Volkswagen,20900.0,sedan,25,2.0,Diesel,yes,2015,Jetta,10,2.5,9.947504437952903,0,0.0
Toyota,22999.0,crossover,152,4.0,Gas,yes,2008,Land Cruiser Prado,17,8.94,10.043206015705211,0,0.0
Audi,95000.0,other,30,5.2,Petrol,yes,2010,R8,15,2.0,11.461632170582678,1,5.2
Volkswagen,9599.0,sedan,88,1.6,Petrol,yes,2014,Polo,11,8.0,9.169414205363537,0,0.0
Volkswagen,10500.0,van,299,2.5,Diesel,yes,2002,Syncro,23,13.0,9.259130536145614,0,0.0
Mercedes-Benz,23999.0,sedan,204,3.5,Petrol,yes,2008,S 350,17,12.0,10.085767441795337,1,3.5
Renault,10200.0,van,149,1.5,Diesel,yes,2013,Kangoo,12,12.42,9.230142999272362,0,0.0
Toyota,9950.0,sedan,142,1.8,Petrol,yes,2008,Avensis,17,8.35,9.205327830152639,0,0.0
Toyota,21999.0,crossover,69,3.5,Petrol,yes,2008,Highlander,17,4.06,9.998752276761909,0,0.0
Mercedes-Benz,18500.0,crossover,180,3.5,Petrol,yes,2008,ML 350,17,10.59,9.825526011066415,1,3.5
Mercedes-Benz,40500.0,crossover,54,5.5,Petrol,yes,2011,GL 500,14,3.86,10.60905725309463,1,5.5
Volkswagen,3100.0,sedan,390,1.8,Petrol,yes,1990,Passat B3,35,11.14,8.039157390473237,0,0.0
BMW,8100.0,crossover,175,3.0,Gas,no,2005,X5,20,8.75,8.99961934066053,1,3.0
Audi,8100.0,vagon,302,2.5,Diesel,yes,2000,A6,25,12.08,8.99961934066053,1,2.5
Volkswagen,2600.0,vagon,288,1.8,Petrol,yes,1990,Passat B3,35,8.23,7.8632667240095735,0,0.0
Renault,7299.0,sedan,160,2.0,Petrol,yes,2007,Megane,18,8.89,8.895492631451633,0,0.0
Volkswagen,9600.0,sedan,107,1.6,Gas,yes,2011,Polo,14,7.64,9.169518377455928,0,0.0
Renault,10500.0,vagon,250,1.5,Diesel,yes,2011,Megane,14,17.86,9.259130536145614,0,0.0
Mercedes-Benz,26800.0,vagon,160,2.2,Diesel,yes,2014,E-Class,11,14.55,10.196157166498947,1,2.2
Audi,31999.0,sedan,107,3.0,Diesel,yes,2009,A8,16,6.69,10.373459931293572,1,3.0
Volkswagen,12900.0,van,176,2.5,Diesel,yes,2008,T5 (Transporter),17,10.35,9.464982590349763,0,0.0
BMW,16500.0,other,122,2.2,Petrol,yes,2005,520,20,6.1,9.711115659888671,1,2.2
Mitsubishi,6000.0,hatch,118,1.3,Petrol,yes,2006,Colt,19,6.21,8.699514748210191,0,0.0
Toyota,9950.0,sedan,140,1.4,Petrol,yes,2012,Corolla,13,10.77,9.205327830152639,0,0.0
Volkswagen,5700.0,vagon,199,1.8,Petrol,yes,1999,Sharan,26,7.65,8.648221453822641,0,0.0
Audi,48000.0,crossover,90,3.0,Diesel,yes,2013,Q7,12,7.5,10.778956289890028,1,3.0
Mitsubishi,8000.0,crossover,220,2.4,Gas,yes,2004,Outlander,21,10.48,8.987196820661973,0,0.0
Mitsubishi,12500.0,other,48,1.6,Petrol,yes,2012,Lancer X,13,3.69,9.433483923290392,0,0.0
Mercedes-Benz,57000.0,sedan,61,4.6,Petrol,yes,2012,S 500,13,4.69,10.950806546816688,1,4.6
Mercedes-Benz,85000.0,sedan,36,5.5,Petrol,yes,2014,CLS 63 AMG,11,3.27,11.350406535472453,1,5.5
Renault,4200.0,sedan,180,1.4,Petrol,yes,2003,Symbol,22,8.18,8.34283980427146,0,0.0
BMW,10600.0,sedan,285,2.0,Diesel,yes,2007,520,18,15.83,9.268609280100158,1,2.0
Audi,55000.0,crossover,65,2.99,Diesel,yes,2013,A6 Allroad,12,5.42,10.915088464214607,1,2.99
Mercedes-Benz,31500.0,van,95,2.2,Diesel,yes,2013,Vito,12,7.92,10.357742824813725,1,2.2
Audi,9300.0,sedan,186,2.8,Petrol,yes,2000,A6,25,7.44,9.137769679141348,1,2.8
Renault,4299.0,vagon,300,1.5,Diesel,yes,2003,Kangoo,22,13.64,8.366137716496281,0,0.0
Audi,48900.0,other,82,4.2,Petrol,yes,2007,R8,18,4.56,10.797532675462964,1,4.2
Toyota,13300.0,other,131,2.4,Gas,yes,2008,Camry,17,7.71,9.495519314209846,0,0.0
Audi,13300.0,sedan,207,4.2,Petrol,yes,2004,A8,21,9.86,9.495519314209846,1,4.2
BMW,49900.0,other,82,3.0,Petrol,yes,2012,640,13,6.31,10.81777628173961,1,3.0
BMW,13700.0,sedan,276,3.0,Diesel,yes,2004,530,21,13.14,9.525151111816216,1,3.0
Volkswagen,5999.0,van,300,1.8,Gas,yes,1999,Sharan,26,11.54,8.699348067653093,0,0.0
Toyota,8700.0,hatch,38,1.6,Petrol,yes,2008,Auris,17,2.24,9.071078304642676,0,0.0
Volkswagen,18000.0,crossover,155,2.0,Diesel,yes,2011,Tiguan,14,11.07,9.798127036878302,0,0.0
BMW,55500.0,crossover,90,3.0,Diesel,yes,2013,X5 M,12,7.5,10.924138299734526,1,3.0
BMW,3100.0,vagon,1,2.0,Diesel,no,2002,320,23,0.04,8.039157390473237,1,2.0
Toyota,30900.0,sedan,15,2.5,Petrol,yes,2015,Camry,10,1.5,10.338511462885837,0,0.0
Mercedes-Benz,23500.0,sedan,200,5.5,Petrol,yes,2008,S 550,17,11.76,10.06475570013225,1,5.5
Volkswagen,9200.0,other,156,1.9,Diesel,yes,2009,Golf Variant,16,9.75,9.126958763037132,0,0.0
Volkswagen,13000.0,sedan,140,2.0,Petrol,yes,2006,Jetta,19,7.37,9.472704636443673,0,0.0
Mercedes-Benz,55000.0,crossover,120,5.5,Petrol,yes,2008,G 55 AMG,17,7.06,10.915088464214607,1,5.5
Audi,27500.0,sedan,74,2.0,Diesel,yes,2011,A5,14,5.29,10.221941283654663,1,2.0
BMW,5900.0,vagon,220,2.8,Petrol,yes,1995,520,30,7.33,8.68270762989381,1,2.8
Mercedes-Benz,27500.0,crossover,152,6.3,Petrol,yes,2007,ML 63 AMG,18,8.44,10.221941283654663,1,6.3
Renault,7200.0,van,285,1.9,Diesel,yes,2002,Trafic,23,12.39,8.881836305004146,0,0.0
Renault,6750.0,van,140,1.5,Diesel,yes,2012,Kangoo,13,10.77,8.817297783866575,0,0.0
Mitsubishi,21000.0,crossover,122,3.2,Diesel,yes,2009,Pajero Wagon,16,7.62,9.95227771670556,0,0.0
Volkswagen,15900.0,sedan,77,1.4,Petrol,yes,2012,Jetta,13,5.92,9.674074388208323,0,0.0
Volkswagen,10000.0,sedan,56,1.8,Petrol,no,2015,Passat B7,10,5.6,9.210340371976184,0,0.0
Renault,4500.0,other,1,1.5,Diesel,yes,2007,Kangoo,18,0.06,8.411832675758411,0,0.0
Mercedes-Benz,29000.0,crossover,139,3.5,Gas,yes,2009,ML 350,16,8.69,10.275051108968611,1,3.5
Mercedes-Benz,9999.0,sedan,80,2.3,Petrol,yes,2002,C-Class,23,3.48,9.21024036697585,1,2.3
BMW,32500.0,crossover,152,3.0,Diesel,yes,2008,X5,17,8.94,10.388995368317829,1,3.0
Mercedes-Benz,111999.0,crossover,0,3.0,Diesel,yes,2016,GL 350,9,0.0,11.626245221665943,1,3.0
Mercedes-Benz,29500.0,crossover,253,5.0,Petrol,yes,2003,G 500,22,11.5,10.292145542327912,1,5.0
Audi,2850.0,vagon,280,2.5,Diesel,no,1999,A6,26,10.77,7.955074273262696,1,2.5
Mitsubishi,7200.0,sedan,83,1.6,Other,yes,2007,Lancer,18,4.61,8.881836305004146,0,0.0
Volkswagen,6250.0,hatch,170,1.4,Petrol,yes,2001,Golf IV,24,7.08,8.740336742730447,0,0.0
Volkswagen,6500.0,sedan,74,2.0,Petrol,no,2011,Jetta,14,5.29,8.779557455883728,0,0.0
Volkswagen,6000.0,sedan,271,1.8,Petrol,yes,2000,Passat B5,25,10.84,8.699514748210191,0,0.0
Mitsubishi,9500.0,crossover,140,2.4,Gas,yes,2007,Outlander,18,7.78,9.159047077588632,0,0.0
Mercedes-Benz,17200.0,sedan,180,3.0,Diesel,yes,2006,320,19,9.47,9.752664662801545,1,3.0
Volkswagen,18200.0,hatch,23,1.4,Petrol,yes,2013,Golf VI,12,1.92,9.809176873064887,0,0.0
Mercedes-Benz,6900.0,vagon,235,2.9,Diesel,yes,1997,E-Class,28,8.39,8.83927669058535,1,2.9
Toyota,10200.0,other,105,1.5,Gas,yes,2005,Scion,20,5.25,9.230142999272362,0,0.0
Toyota,17394.09,hatch,0,1.33,Petrol,yes,2016,Yaris,9,0.0,9.763885772334323,0,0.0
Audi,22500.0,sedan,99,2.0,Other,yes,2010,A5,15,6.6,10.021270588192511,1,2.0
Mercedes-Benz,28950.0,sedan,40,1.8,Petrol,yes,2014,C-Class,11,3.64,10.273325483001141,1,1.8
BMW,15500.0,sedan,89,2.0,Diesel,no,2012,520,13,6.85,9.648595302907339,1,2.0
Renault,13600.0,vagon,164,1.5,Diesel,yes,2013,Grand Scenic,12,13.67,9.517825071724143,0,0.0
Mitsubishi,3250.0,sedan,380,1.8,Petrol,yes,1993,Galant,32,11.88,8.086410275323782,0,0.0
BMW,17000.0,vagon,158,2.0,Diesel,yes,2010,320,15,10.53,9.740968623038354,1,2.0
Renault,12350.0,van,159,2.0,Diesel,yes,2010,Trafic,15,10.6,9.421411342056123,0,0.0
Mercedes-Benz,24500.0,sedan,163,5.5,Gas,yes,2007,S 550,18,9.06,10.106428396532818,1,5.5
BMW,11800.0,sedan,218,2.0,Petrol,yes,2006,320,19,11.47,9.375854810453756,1,2.0
Toyota,30000.0,crossover,85,2.7,Gas,yes,2010,Land Cruiser Prado,15,5.67,10.308952660644293,0,0.0
Audi,4850.0,sedan,270,2.6,Petrol,yes,1995,A6,30,9.0,8.48673398393153,1,2.6
Volkswagen,11900.0,vagon,132,1.4,Petrol,yes,2011,Golf VI,14,9.43,9.38429367909962,0,0.0
Renault,6500.0,van,127,1.5,Diesel,yes,2011,Kangoo,14,9.07,8.779557455883728,0,0.0
Mercedes-Benz,12000.0,sedan,298,5.0,Petrol,yes,2004,S 500,21,14.19,9.392661928770137,1,5.0
BMW,4300.0,sedan,200,2.0,Diesel,no,2002,320,23,8.7,8.366370301681654,1,2.0
Renault,5600.0,vagon,112,1.5,Diesel,yes,2006,Kangoo,19,5.89,8.630521876723241,0,0.0
Mercedes-Benz,24500.0,other,77,1.8,Petrol,yes,2011,C-Class,14,5.5,10.106428396532818,1,1.8
BMW,26900.0,crossover,170,3.0,Diesel,yes,2008,X5,17,10.0,10.19988156558993,1,3.0
Mercedes-Benz,11500.0,van,180,2.2,Diesel,yes,2011,Vito,14,12.86,9.350102314351341,1,2.2
Mitsubishi,9700.0,van,247,2.4,Gas,yes,2008,Grandis,17,14.53,9.179881164491475,0,0.0
Renault,10900.0,vagon,180,1.5,Diesel,yes,2012,Megane,13,13.85,9.296518068217235,0,0.0
Mercedes-Benz,25500.0,crossover,77,3.5,Petrol,yes,2008,ML 350,17,4.53,10.146433731146518,1,3.5
Volkswagen,15500.0,sedan,80,1.4,Petrol,yes,2013,Jetta,12,6.67,9.648595302907339,0,0.0
Volkswagen,9750.0,van,159,1.9,Diesel,yes,2009,Caddy,16,9.94,9.185022563991893,0,0.0
BMW,16100.0,crossover,194,3.0,Diesel,yes,2004,X5,21,9.24,9.686574550972555,1,3.0
Volkswagen,9200.0,vagon,171,1.6,Petrol,yes,2008,Caddy,17,10.06,9.126958763037132,0,0.0
Volkswagen,5150.0,van,240,2.0,Diesel,yes,2005,Caddy,20,12.0,8.546751993657782,0,0.0
Toyota,100000.0,crossover,0,4.5,Diesel,yes,2016,Land Cruiser 200,9,0.0,11.512925464970229,0,0.0
Renault,8999.0,other,126,2.0,Diesel,yes,2012,Trafic,13,9.69,9.104868739033948,0,0.0
Mercedes-Benz,16800.0,sedan,125,1.8,Petrol,yes,2008,C-Class,17,7.35,9.72913416539135,1,1.8
Mercedes-Benz,8200.0,sedan,280,2.4,Gas,yes,1997,E-Class,28,10.0,9.011889433252344,1,2.4
Mercedes-Benz,24950.0,other,60,1.8,Petrol,yes,2013,C-Class,12,5.0,10.124629101179664,1,1.8
Audi,80999.0,crossover,0,3.0,Diesel,yes,2016,Q7,9,0.0,11.302192087899355,1,3.0
Mercedes-Benz,7300.0,van,207,2.2,Diesel,yes,2003,Vito,22,9.41,8.895629627136483,1,2.2
BMW,21335.0,other,105,3.0,Petrol,yes,2008,335,17,6.18,9.9681041956221,1,3.0
BMW,45000.0,crossover,80,3.0,Petrol,yes,2011,X6,14,5.71,10.714417768752456,1,3.0
Renault,6750.0,van,155,1.5,Diesel,yes,2012,Kangoo,13,11.92,8.817297783866575,0,0.0
Renault,7000.0,van,210,1.5,Diesel,yes,2005,Kangoo,20,10.5,8.85366542803745,0,0.0
BMW,12090.0,hatch,145,1.6,Petrol,yes,2010,116,15,9.67,9.400133943608838,1,1.6
BMW,27900.0,sedan,38,2.0,Petrol,yes,2013,320,12,3.17,10.236381967809457,1,2.0
Renault,2100.0,vagon,237,1.9,Diesel,no,2001,Laguna,24,9.88,7.649692623711514,0,0.0
Renault,6800.0,sedan,152,1.6,Petrol,yes,2007,Megane,18,8.44,8.824677891164198,0,0.0
Volkswagen,11500.0,van,163,2.5,Diesel,yes,2008,T5 (Transporter),17,9.59,9.350102314351341,0,0.0
Toyota,17900.0,sedan,35,1.6,Petrol,yes,2014,Corolla,11,3.18,9.792555991828847,0,0.0
BMW,6500.0,sedan,1,3.5,Petrol,yes,1999,535,26,0.04,8.779557455883728,1,3.5
Volkswagen,13500.0,van,124,2.0,Diesel,yes,2013,T5 (Transporter) ,12,10.33,9.51044496442652,0,0.0
